cod_municipio,n_acoes,pelo_menos_um_acao
1100015,0,0
1100023,0,0
1100031,0,0
1100049,8,1
1100056,3,1
1100064,4,1
1100072,0,0
1100080,4,1
1100098,0,0
1100106,8,1
1100114,0,0
1100122,0,0
1100130,5,1
1100148,6,1
1100155,0,0
1100189,0,0
1100205,5,1
1100254,0,0
1100262,4,1
1100288,0,0
1100296,0,0
1100304,0,0
1100320,0,0
1100338,0,0
1100346,8,1
1100379,0,0
1100403,0,0
1100452,5,1
1100502,0,0
1100601,6,1
1100700,4,1
1100809,0,0
1100908,0,0
1100924,0,0
1100940,3,1
1101005,5,1
1101104,5,1
1101203,0,0
1101302,0,0
1101401,4,1
1101435,0,0
1101450,0,0
1101468,5,1
1101476,0,0
1101484,0,0
1101492,10,1
1101500,5,1
1101559,4,1
1101609,0,0
1101708,5,1
1101757,0,0
1101807,4,1
1200013,6,1
1200054,6,1
1200104,0,0
1200138,0,0
1200179,0,0
1200203,7,1
1200252,4,1
1200302,0,0
1200328,0,0
1200336,4,1
1200344,0,0
1200351,4,1
1200385,0,0
1200393,6,1
1200401,9,1
1200427,3,1
1200435,0,0
1200450,0,0
1200500,0,0
1200609,0,0
1200708,0,0
1200807,0,0
1300029,4,1
1300060,0,0
1300086,6,1
1300102,0,0
1300144,4,1
1300201,0,0
1300300,8,1
1300409,5,1
1300508,0,0
1300607,0,0
1300631,6,1
1300680,7,1
1300706,0,0
1300805,5,1
1300839,0,0
1300904,0,0
1301001,0,0
1301100,0,0
1301159,4,1
1301209,6,1
1301308,4,1
1301407,5,1
1301506,4,1
1301605,6,1
1301654,4,1
1301704,0,0
1301803,3,1
1301852,0,0
1301902,8,1
1301951,5,1
1302009,0,0
1302108,5,1
1302207,0,0
1302306,0,0
1302405,0,0
1302504,6,1
1302553,0,0
1302603,9,1
1302702,10,1
1302801,2,1
1302900,0,0
1303007,0,0
1303106,7,1
1303205,0,0
1303304,5,1
1303403,0,0
1303502,8,1
1303536,9,1
1303569,5,1
1303601,0,0
1303700,6,1
1303809,0,0
1303908,8,1
1303957,0,0
1304005,0,0
1304062,0,0
1304104,0,0
1304203,7,1
1304237,8,1
1304260,0,0
1304302,0,0
1304401,4,1
1400027,0,0
1400050,0,0
1400100,9,1
1400159,0,0
1400175,6,1
1400209,0,0
1400233,0,0
1400282,0,0
1400308,0,0
1400407,0,0
1400456,0,0
1400472,0,0
1400506,0,0
1400605,0,0
1400704,0,0
1500107,10,1
1500131,0,0
1500206,7,1
1500305,6,1
1500347,0,0
1500404,0,0
1500503,3,1
1500602,0,0
1500701,0,0
1500800,0,0
1500859,0,0
1500909,0,0
1500958,0,0
1501006,0,0
1501105,2,1
1501204,0,0
1501253,0,0
1501303,10,1
1501402,0,0
1501451,0,0
1501501,3,1
1501576,11,1
1501600,6,1
1501709,0,0
1501725,8,1
1501758,0,0
1501782,0,0
1501808,0,0
1501907,5,1
1501956,0,0
1502004,0,0
1502103,0,0
1502152,5,1
1502202,5,1
1502301,9,1
1502400,10,1
1502509,4,1
1502608,0,0
1502707,0,0
1502756,9,1
1502764,0,0
1502772,7,1
1502806,0,0
1502855,0,0
1502905,0,0
1502939,0,0
1502954,5,1
1503002,0,0
1503044,0,0
1503077,7,1
1503093,7,1
1503101,6,1
1503200,0,0
1503309,0,0
1503408,7,1
1503457,0,0
1503507,0,0
1503606,0,0
1503705,8,1
1503754,5,1
1503804,7,1
1503903,0,0
1504000,0,0
1504059,7,1
1504109,5,1
1504208,7,1
1504307,6,1
1504406,0,0
1504422,7,1
1504455,0,0
1504505,0,0
1504604,0,0
1504703,0,0
1504752,0,0
1504802,0,0
1504901,7,1
1504950,5,1
1504976,0,0
1505007,4,1
1505031,0,0
1505064,11,1
1505106,0,0
1505205,6,1
1505304,0,0
1505403,6,1
1505437,0,0
1505486,5,1
1505494,0,0
1505502,0,0
1505536,0,0
1505551,0,0
1505601,7,1
1505635,0,0
1505650,0,0
1505700,0,0
1505809,9,1
1505908,8,1
1506005,0,0
1506104,7,1
1506112,7,1
1506138,0,0
1506161,0,0
1506187,5,1
1506195,0,0
1506203,5,1
1506302,6,1
1506351,6,1
1506401,0,0
1506500,3,1
1506559,7,1
1506583,0,0
1506609,0,0
1506708,0,0
1506807,0,0
1506906,5,1
1507003,0,0
1507102,7,1
1507151,0,0
1507201,0,0
1507300,7,1
1507409,0,0
1507458,0,0
1507466,0,0
1507474,8,1
1507508,8,1
1507607,0,0
1507706,0,0
1507755,0,0
1507805,3,1
1507904,7,1
1507953,7,1
1507961,0,0
1507979,0,0
1508001,0,0
1508035,0,0
1508050,0,0
1508084,0,0
1508100,8,1
1508126,0,0
1508159,3,1
1508209,0,0
1508308,9,1
1508357,6,1
1508407,0,0
1600055,4,1
1600105,7,1
1600154,4,1
1600204,8,1
1600212,4,1
1600238,4,1
1600253,8,1
1600279,7,1
1600303,8,1
1600402,6,1
1600501,6,1
1600535,5,1
1600550,4,1
1600600,9,1
1600709,4,1
1600808,6,1
1700251,0,0
1700301,0,0
1700350,0,0
1700400,0,0
1700707,3,1
1701002,0,0
1701051,0,0
1701101,0,0
1701309,3,1
1701903,0,0
1702000,0,0
1702109,7,1
1702158,0,0
1702208,0,0
1702307,0,0
1702406,0,0
1702554,0,0
1702703,4,1
1702901,0,0
1703008,7,1
1703057,0,0
1703073,0,0
1703107,0,0
1703206,0,0
1703305,0,0
1703602,0,0
1703701,0,0
1703800,0,0
1703826,0,0
1703842,0,0
1703867,0,0
1703883,0,0
1703891,0,0
1703909,0,0
1704105,6,1
1704600,0,0
1705102,0,0
1705508,0,0
1705557,7,1
1705607,0,0
1706001,0,0
1706100,0,0
1706258,0,0
1706506,0,0
1707009,5,1
1707108,0,0
1707207,0,0
1707306,0,0
1707405,0,0
1707553,0,0
1707652,0,0
1707702,0,0
1708205,0,0
1708254,3,1
1708304,0,0
1709005,4,1
1709302,5,1
1709500,4,1
1709807,0,0
1710508,0,0
1710706,0,0
1710904,0,0
1711100,0,0
1711506,3,1
1711803,3,1
1711902,0,0
1711951,0,0
1712009,3,1
1712157,4,1
1712405,0,0
1712454,4,1
1712504,0,0
1712702,0,0
1712801,0,0
1713205,4,1
1713304,5,1
1713601,0,0
1713700,0,0
1713809,0,0
1713957,0,0
1714203,0,0
1714302,0,0
1714880,0,0
1715002,0,0
1715101,0,0
1715150,3,1
1715259,0,0
1715507,4,1
1715705,0,0
1715754,0,0
1716109,0,0
1716208,0,0
1716307,0,0
1716505,0,0
1716604,0,0
1716653,0,0
1716703,0,0
1717008,4,1
1717206,0,0
1717503,6,1
1717800,0,0
1717909,0,0
1718006,0,0
1718204,12,1
1718303,4,1
1718402,0,0
1718451,0,0
1718501,0,0
1718550,0,0
1718659,0,0
1718709,0,0
1718758,0,0
1718808,8,1
1718840,0,0
1718865,0,0
1718881,4,1
1718899,3,1
1718907,0,0
1719004,0,0
1720002,0,0
1720101,0,0
1720150,0,0
1720200,0,0
1720259,0,0
1720309,0,0
1720499,0,0
1720655,0,0
1720804,0,0
1720853,0,0
1720903,0,0
1720937,4,1
1720978,0,0
1721000,10,1
1721109,5,1
1721208,0,0
1721257,7,1
1721307,0,0
1722081,4,1
1722107,0,0
2100055,0,0
2100105,6,1
2100154,0,0
2100204,6,1
2100303,0,0
2100402,0,0
2100436,0,0
2100477,8,1
2100501,10,1
2100550,0,0
2100600,5,1
2100709,0,0
2100808,0,0
2100832,0,0
2100873,0,0
2100907,6,1
2100956,0,0
2101004,10,1
2101103,0,0
2101202,0,0
2101251,0,0
2101301,0,0
2101350,7,1
2101400,0,0
2101509,11,1
2101608,0,0
2101707,0,0
2101731,8,1
2101772,8,1
2101806,6,1
2101905,0,0
2101939,4,1
2101970,0,0
2102002,0,0
2102036,0,0
2102077,0,0
2102101,7,1
2102150,0,0
2102200,0,0
2102309,0,0
2102325,0,0
2102358,0,0
2102374,0,0
2102408,4,1
2102507,0,0
2102556,0,0
2102606,0,0
2102705,5,1
2102754,2,1
2102804,6,1
2102903,0,0
2103000,0,0
2103109,0,0
2103125,0,0
2103158,5,1
2103174,5,1
2103208,5,1
2103257,7,1
2103307,8,1
2103406,0,0
2103505,9,1
2103554,0,0
2103604,8,1
2103703,9,1
2103752,5,1
2103802,9,1
2103901,0,0
2104008,0,0
2104057,0,0
2104073,0,0
2104081,0,0
2104099,0,0
2104107,4,1
2104206,5,1
2104305,7,1
2104404,2,1
2104503,0,0
2104552,6,1
2104602,0,0
2104628,0,0
2104651,6,1
2104677,5,1
2104701,0,0
2104800,7,1
2104909,11,1
2105005,0,0
2105104,0,0
2105153,0,0
2105203,0,0
2105302,4,1
2105351,0,0
2105401,0,0
2105427,0,0
2105450,0,0
2105476,3,1
2105500,5,1
2105609,0,0
2105658,7,1
2105708,0,0
2105807,0,0
2105906,0,0
2105922,6,1
2105948,0,0
2105963,6,1
2105989,0,0
2106003,3,1
2106102,0,0
2106201,0,0
2106300,0,0
2106326,0,0
2106359,0,0
2106375,4,1
2106409,0,0
2106508,0,0
2106607,0,0
2106631,3,1
2106672,0,0
2106706,3,1
2106755,0,0
2106805,4,1
2106904,4,1
2107001,0,0
2107100,0,0
2107209,7,1
2107258,3,1
2107308,0,0
2107357,0,0
2107407,0,0
2107456,0,0
2107506,7,1
2107605,0,0
2107704,8,1
2107803,0,0
2107902,0,0
2108009,0,0
2108058,0,0
2108108,4,1
2108207,0,0
2108256,0,0
2108306,0,0
2108405,0,0
2108454,1,1
2108504,9,1
2108603,9,1
2108702,4,1
2108801,7,1
2108900,6,1
2109007,5,1
2109056,5,1
2109106,1,1
2109205,0,0
2109239,0,0
2109270,6,1
2109304,0,0
2109403,0,0
2109452,8,1
2109502,4,1
2109551,0,0
2109601,0,0
2109700,0,0
2109759,2,1
2109809,0,0
2109908,0,0
2110005,0,0
2110039,0,0
2110104,0,0
2110203,5,1
2110237,0,0
2110278,0,0
2110302,0,0
2110401,0,0
2110500,0,0
2110609,5,1
2110658,0,0
2110708,0,0
2110807,0,0
2110856,0,0
2110906,0,0
2111003,0,0
2111029,0,0
2111052,0,0
2111078,1,1
2111102,12,1
2111201,7,1
2111250,6,1
2111300,10,1
2111409,2,1
2111508,10,1
2111532,4,1
2111573,0,0
2111607,0,0
2111631,0,0
2111672,0,0
2111706,5,1
2111722,0,0
2111748,2,1
2111763,0,0
2111789,4,1
2111805,5,1
2111904,11,1
2111953,0,0
2112001,0,0
2112100,0,0
2112209,10,1
2112233,9,1
2112274,0,0
2112308,0,0
2112407,4,1
2112456,0,0
2112506,0,0
2112605,10,1
2112704,7,1
2112803,10,1
2112852,3,1
2112902,5,1
2113009,0,0
2114007,9,1
2200053,5,1
2200103,0,0
2200202,6,1
2200251,3,1
2200277,0,0
2200301,0,0
2200400,0,0
2200459,0,0
2200509,3,1
2200608,0,0
2200707,0,0
2200806,4,1
2200905,0,0
2200954,6,1
2201002,3,1
2201051,7,1
2201101,3,1
2201150,0,0
2201176,5,1
2201200,4,1
2201309,2,1
2201408,0,0
2201507,4,1
2201556,0,0
2201572,0,0
2201606,0,0
2201705,0,0
2201739,6,1
2201770,4,1
2201804,4,1
2201903,0,0
2201919,0,0
2201929,4,1
2201945,0,0
2201960,0,0
2201988,0,0
2202000,1,1
2202026,0,0
2202059,5,1
2202075,0,0
2202083,0,0
2202091,4,1
2202109,6,1
2202117,0,0
2202133,0,0
2202174,6,1
2202208,0,0
2202251,0,0
2202307,4,1
2202406,0,0
2202455,4,1
2202505,4,1
2202539,7,1
2202554,6,1
2202604,0,0
2202653,0,0
2202703,4,1
2202711,0,0
2202729,7,1
2202737,3,1
2202752,0,0
2202778,0,0
2202802,0,0
2202851,5,1
2202901,4,1
2203008,4,1
2203107,0,0
2203206,4,1
2203230,0,0
2203255,6,1
2203271,5,1
2203305,0,0
2203354,7,1
2203404,0,0
2203420,0,0
2203453,7,1
2203503,0,0
2203602,0,0
2203701,7,1
2203750,6,1
2203800,0,0
2203859,0,0
2203909,4,1
2204006,4,1
2204105,3,1
2204154,0,0
2204204,7,1
2204303,3,1
2204352,0,0
2204402,4,1
2204501,0,0
2204550,0,0
2204600,0,0
2204659,1,1
2204709,4,1
2204808,0,0
2204907,5,1
2205003,3,1
2205102,0,0
2205151,5,1
2205201,0,0
2205250,3,1
2205276,0,0
2205300,0,0
2205359,0,0
2205409,7,1
2205458,5,1
2205508,6,1
2205516,0,0
2205524,5,1
2205532,0,0
2205540,0,0
2205557,0,0
2205565,0,0
2205573,0,0
2205581,0,0
2205599,5,1
2205607,0,0
2205706,0,0
2205805,6,1
2205854,4,1
2205904,0,0
2205953,7,1
2206001,0,0
2206050,4,1
2206100,2,1
2206209,4,1
2206308,0,0
2206357,0,0
2206407,0,0
2206506,0,0
2206605,5,1
2206654,3,1
2206670,5,1
2206696,0,0
2206704,0,0
2206720,4,1
2206753,0,0
2206803,7,1
2206902,0,0
2206951,0,0
2207009,5,1
2207108,0,0
2207207,0,0
2207306,0,0
2207355,0,0
2207405,0,0
2207504,0,0
2207553,5,1
2207603,2,1
2207702,5,1
2207751,0,0
2207777,4,1
2207793,0,0
2207801,6,1
2207850,0,0
2207900,0,0
2207934,0,0
2207959,0,0
2208007,11,1
2208106,4,1
2208205,3,1
2208304,0,0
2208403,0,0
2208502,5,1
2208551,4,1
2208601,4,1
2208650,0,0
2208700,0,0
2208809,0,0
2208858,2,1
2208874,0,0
2208908,0,0
2209005,0,0
2209104,0,0
2209153,0,0
2209203,3,1
2209302,0,0
2209351,0,0
2209377,0,0
2209401,6,1
2209450,0,0
2209500,0,0
2209559,0,0
2209609,0,0
2209658,0,0
2209708,0,0
2209757,2,1
2209807,0,0
2209856,0,0
2209872,4,1
2209906,0,0
2209955,0,0
2209971,5,1
2210003,0,0
2210052,0,0
2210102,0,0
2210201,5,1
2210300,5,1
2210359,5,1
2210375,0,0
2210383,4,1
2210391,0,0
2210409,0,0
2210508,0,0
2210607,8,1
2210623,3,1
2210631,0,0
2210656,0,0
2210706,8,1
2210805,0,0
2210904,0,0
2210938,6,1
2210953,0,0
2210979,4,1
2211001,12,1
2211100,6,1
2211209,0,0
2211308,6,1
2211357,6,1
2211407,4,1
2211506,5,1
2211605,0,0
2211704,0,0
2300101,5,1
2300150,0,0
2300200,0,0
2300309,6,1
2300408,0,0
2300507,4,1
2300606,0,0
2300705,0,0
2300754,0,0
2300804,0,0
2300903,6,1
2301000,0,0
2301109,7,1
2301208,0,0
2301257,0,0
2301307,0,0
2301406,0,0
2301505,0,0
2301604,0,0
2301703,4,1
2301802,6,1
2301851,0,0
2301901,7,1
2301950,0,0
2302008,6,1
2302057,4,1
2302107,0,0
2302206,0,0
2302305,0,0
2302404,0,0
2302503,6,1
2302602,5,1
2302701,0,0
2302800,7,1
2302909,0,0
2303006,0,0
2303105,2,1
2303204,6,1
2303303,6,1
2303402,4,1
2303501,8,1
2303600,6,1
2303659,6,1
2303709,8,1
2303808,0,0
2303907,4,1
2303931,4,1
2303956,0,0
2304004,4,1
2304103,0,0
2304202,0,0
2304236,0,0
2304251,0,0
2304269,0,0
2304277,0,0
2304285,0,0
2304301,0,0
2304350,6,1
2304400,12,1
2304459,4,1
2304509,2,1
2304608,0,0
2304657,0,0
2304707,0,0
2304806,7,1
2304905,4,1
2304954,0,0
2305001,6,1
2305100,0,0
2305209,3,1
2305233,6,1
2305266,0,0
2305308,6,1
2305332,0,0
2305357,5,1
2305407,6,1
2305506,7,1
2305605,0,0
2305654,0,0
2305704,6,1
2305803,0,0
2305902,0,0
2306009,0,0
2306108,0,0
2306207,0,0
2306256,4,1
2306306,0,0
2306405,0,0
2306504,0,0
2306553,0,0
2306603,0,0
2306702,4,1
2306801,5,1
2306900,6,1
2307007,0,0
2307106,5,1
2307205,4,1
2307254,0,0
2307304,8,1
2307403,4,1
2307502,5,1
2307601,0,0
2307635,5,1
2307650,2,1
2307700,9,1
2307809,0,0
2307908,0,0
2308005,4,1
2308104,5,1
2308203,3,1
2308302,7,1
2308351,0,0
2308377,0,0
2308401,4,1
2308500,0,0
2308609,8,1
2308708,0,0
2308807,0,0
2308906,0,0
2309003,7,1
2309102,0,0
2309201,0,0
2309300,0,0
2309409,0,0
2309458,0,0
2309508,0,0
2309607,5,1
2309706,8,1
2309805,0,0
2309904,6,1
2310001,0,0
2310100,0,0
2310209,0,0
2310258,0,0
2310308,0,0
2310407,5,1
2310506,0,0
2310605,4,1
2310704,0,0
2310803,4,1
2310852,0,0
2310902,0,0
2310951,3,1
2311009,0,0
2311108,5,1
2311207,0,0
2311231,4,1
2311264,0,0
2311306,0,0
2311355,0,0
2311405,0,0
2311504,0,0
2311603,0,0
2311702,4,1
2311801,7,1
2311900,5,1
2311959,0,0
2312007,5,1
2312106,0,0
2312205,0,0
2312304,9,1
2312403,0,0
2312502,0,0
2312601,8,1
2312700,0,0
2312809,0,0
2312908,9,1
2313005,0,0
2313104,0,0
2313203,0,0
2313252,0,0
2313302,0,0
2313351,7,1
2313401,0,0
2313500,0,0
2313559,5,1
2313609,4,1
2313708,3,1
2313757,0,0
2313807,0,0
2313906,4,1
2313955,3,1
2314003,7,1
2314102,5,1
2400109,0,0
2400208,0,0
2400307,6,1
2400406,0,0
2400505,0,0
2400604,0,0
2400703,0,0
2400802,5,1
2400901,0,0
2401008,0,0
2401107,6,1
2401206,0,0
2401305,6,1
2401404,0,0
2401453,0,0
2401503,0,0
2401602,0,0
2401651,0,0
2401701,0,0
2401800,0,0
2401859,6,1
2401909,0,0
2402006,0,0
2402105,0,0
2402204,0,0
2402303,0,0
2402402,0,0
2402501,2,1
2402600,0,0
2402709,0,0
2402808,4,1
2402907,0,0
2403004,0,0
2403103,0,0
2403202,0,0
2403251,0,0
2403301,0,0
2403400,0,0
2403509,0,0
2403608,5,1
2403707,0,0
2403756,0,0
2403806,0,0
2403905,0,0
2404002,0,0
2404101,4,1
2404200,0,0
2404309,0,0
2404408,6,1
2404507,11,1
2404606,0,0
2404705,0,0
2404804,5,1
2404853,0,0
2404903,0,0
2405009,0,0
2405108,4,1
2405207,3,1
2405306,0,0
2405405,0,0
2405504,0,0
2405603,7,1
2405702,0,0
2405801,5,1
2405900,0,0
2406007,0,0
2406106,0,0
2406155,4,1
2406205,0,0
2406304,0,0
2406403,5,1
2406502,8,1
2406601,0,0
2406700,0,0
2406809,0,0
2406908,0,0
2407005,0,0
2407104,0,0
2407203,2,1
2407252,0,0
2407302,0,0
2407401,0,0
2407500,5,1
2407609,9,1
2407708,0,0
2407807,0,0
2407906,0,0
2408003,7,1
2408102,7,1
2408201,0,0
2408300,0,0
2408409,0,0
2408508,5,1
2408607,0,0
2408706,3,1
2408805,0,0
2408904,0,0
2408953,0,0
2409100,0,0
2409209,0,0
2409308,4,1
2409332,11,1
2409407,0,0
2409506,0,0
2409605,0,0
2409704,5,1
2409803,0,0
2409902,3,1
2410009,0,0
2410108,1,1
2410207,0,0
2410256,0,0
2410306,0,0
2410405,8,1
2410504,0,0
2410603,0,0
2410702,0,0
2410801,0,0
2410900,0,0
2411007,2,1
2411056,7,1
2411106,4,1
2411205,0,0
2411403,3,1
2411429,0,0
2411502,0,0
2411601,4,1
2411700,0,0
2411809,0,0
2411908,0,0
2412005,3,1
2412104,0,0
2412203,0,0
2412302,0,0
2412401,0,0
2412500,0,0
2412559,11,1
2412609,5,1
2412708,3,1
2412807,0,0
2412906,6,1
2413003,0,0
2413102,6,1
2413201,0,0
2413300,0,0
2413359,6,1
2413409,0,0
2413508,0,0
2413557,0,0
2413607,0,0
2413706,0,0
2413805,0,0
2413904,0,0
2414001,0,0
2414100,0,0
2414159,0,0
2414209,0,0
2414308,0,0
2414407,0,0
2414456,0,0
2414506,6,1
2414605,0,0
2414704,0,0
2414753,0,0
2414803,5,1
2414902,0,0
2415008,0,0
2500106,0,0
2500205,3,1
2500304,0,0
2500403,6,1
2500502,0,0
2500536,3,1
2500577,0,0
2500601,0,0
2500700,7,1
2500734,4,1
2500775,2,1
2500809,5,1
2500908,2,1
2501005,6,1
2501104,10,1
2501153,0,0
2501203,0,0
2501302,3,1
2501351,0,0
2501401,9,1
2501500,0,0
2501534,0,0
2501575,4,1
2501609,6,1
2501708,0,0
2501807,8,1
2501906,7,1
2502003,0,0
2502052,5,1
2502102,5,1
2502151,6,1
2502201,4,1
2502300,0,0
2502409,3,1
2502508,5,1
2502607,3,1
2502706,3,1
2502805,0,0
2502904,0,0
2503001,7,1
2503100,5,1
2503209,0,0
2503308,6,1
2503407,0,0
2503506,0,0
2503555,0,0
2503605,0,0
2503704,7,1
2503753,0,0
2503803,4,1
2503902,4,1
2504009,0,0
2504033,3,1
2504074,0,0
2504108,4,1
2504157,0,0
2504207,0,0
2504306,0,0
2504355,3,1
2504405,6,1
2504504,0,0
2504603,11,1
2504702,0,0
2504801,0,0
2504850,5,1
2504900,4,1
2505006,0,0
2505105,6,1
2505204,0,0
2505238,5,1
2505279,7,1
2505303,4,1
2505352,0,0
2505402,0,0
2505501,0,0
2505600,7,1
2505709,9,1
2505808,6,1
2505907,0,0
2506004,0,0
2506103,0,0
2506202,0,0
2506251,3,1
2506301,7,1
2506400,7,1
2506509,0,0
2506608,0,0
2506707,0,0
2506806,0,0
2506905,8,1
2507002,5,1
2507101,0,0
2507200,5,1
2507309,3,1
2507408,0,0
2507507,11,1
2507606,0,0
2507705,4,1
2507804,0,0
2507903,0,0
2508000,5,1
2508109,0,0
2508208,5,1
2508307,3,1
2508406,3,1
2508505,0,0
2508554,0,0
2508604,0,0
2508703,0,0
2508802,0,0
2508901,10,1
2509008,6,1
2509057,5,1
2509107,5,1
2509156,4,1
2509206,0,0
2509305,7,1
2509339,0,0
2509370,0,0
2509396,0,0
2509404,5,1
2509503,6,1
2509602,4,1
2509701,0,0
2509800,0,0
2509909,0,0
2510006,4,1
2510105,0,0
2510204,4,1
2510303,0,0
2510402,0,0
2510501,0,0
2510600,0,0
2510659,0,0
2510709,0,0
2510808,5,1
2510907,0,0
2511004,4,1
2511103,5,1
2511202,0,0
2511301,5,1
2511400,0,0
2511509,0,0
2511608,5,1
2511707,0,0
2511806,0,0
2511905,0,0
2512002,0,0
2512036,0,0
2512077,5,1
2512101,0,0
2512200,0,0
2512309,7,1
2512408,0,0
2512507,4,1
2512606,0,0
2512705,6,1
2512721,0,0
2512747,0,0
2512754,0,0
2512762,6,1
2512788,3,1
2512804,0,0
2512903,6,1
2513000,0,0
2513109,5,1
2513158,0,0
2513208,3,1
2513307,4,1
2513356,6,1
2513406,7,1
2513505,4,1
2513604,3,1
2513653,5,1
2513703,0,0
2513802,0,0
2513851,0,0
2513901,0,0
2513927,0,0
2513943,0,0
2513968,0,0
2513984,3,1
2514008,0,0
2514107,7,1
2514206,4,1
2514305,6,1
2514404,0,0
2514453,3,1
2514503,4,1
2514552,5,1
2514602,0,0
2514651,0,0
2514701,0,0
2514800,0,0
2514909,0,0
2515005,4,1
2515104,5,1
2515203,4,1
2515302,0,0
2515401,6,1
2515500,0,0
2515609,0,0
2515708,4,1
2515807,5,1
2515906,0,0
2515930,0,0
2515971,4,1
2516003,4,1
2516102,6,1
2516151,0,0
2516201,5,1
2516300,3,1
2516409,4,1
2516508,0,0
2516607,5,1
2516706,0,0
2516755,0,0
2516805,8,1
2516904,4,1
2517001,4,1
2517100,0,0
2517209,2,1
2517407,4,1
2600054,4,1
2600104,0,0
2600203,0,0
2600302,0,0
2600401,7,1
2600500,9,1
2600609,5,1
2600708,6,1
2600807,9,1
2600906,0,0
2601003,0,0
2601052,3,1
2601102,0,0
2601201,0,0
2601300,4,1
2601409,6,1
2601508,5,1
2601607,8,1
2601706,3,1
2601805,0,0
2601904,8,1
2602001,8,1
2602100,0,0
2602209,6,1
2602308,7,1
2602407,7,1
2602506,4,1
2602605,4,1
2602704,7,1
2602803,0,0
2602902,6,1
2603009,2,1
2603108,6,1
2603207,0,0
2603306,0,0
2603405,0,0
2603454,5,1
2603504,4,1
2603603,6,1
2603702,0,0
2603801,0,0
2603900,6,1
2603926,0,0
2604007,0,0
2604106,12,1
2604155,4,1
2604205,5,1
2604304,6,1
2604403,6,1
2604502,4,1
2604601,0,0
2604700,0,0
2604809,0,0
2604908,0,0
2605004,9,1
2605103,0,0
2605152,0,0
2605202,0,0
2605301,8,1
2605400,0,0
2605459,4,1
2605509,0,0
2605608,8,1
2605707,0,0
2605806,0,0
2605905,0,0
2606002,6,1
2606101,0,0
2606200,9,1
2606309,2,1
2606408,7,1
2606507,0,0
2606606,0,0
2606705,7,1
2606804,0,0
2606903,0,0
2607000,0,0
2607109,5,1
2607208,2,1
2607307,0,0
2607406,10,1
2607505,0,0
2607604,0,0
2607653,7,1
2607703,4,1
2607752,5,1
2607802,0,0
2607901,7,1
2607950,7,1
2608008,5,1
2608057,8,1
2608107,7,1
2608206,7,1
2608255,0,0
2608305,0,0
2608404,8,1
2608453,4,1
2608503,6,1
2608602,0,0
2608701,0,0
2608750,6,1
2608800,4,1
2608909,0,0
2609006,4,1
2609105,0,0
2609154,0,0
2609204,6,1
2609303,10,1
2609402,6,1
2609501,6,1
2609600,11,1
2609709,5,1
2609808,8,1
2609907,7,1
2610004,7,1
2610103,0,0
2610202,0,0
2610301,0,0
2610400,3,1
2610509,4,1
2610608,8,1
2610707,12,1
2610806,0,0
2610905,0,0
2611002,6,1
2611101,9,1
2611200,4,1
2611309,4,1
2611408,0,0
2611507,4,1
2611533,5,1
2611606,10,1
2611705,5,1
2611804,0,0
2611903,0,0
2612000,0,0
2612109,6,1
2612208,9,1
2612307,0,0
2612406,5,1
2612455,7,1
2612471,0,0
2612505,0,0
2612554,0,0
2612604,0,0
2612703,4,1
2612802,0,0
2612901,4,1
2613008,10,1
2613107,0,0
2613206,0,0
2613305,5,1
2613404,7,1
2613503,3,1
2613602,0,0
2613701,0,0
2613800,6,1
2613909,10,1
2614006,7,1
2614105,0,0
2614204,0,0
2614303,4,1
2614402,0,0
2614501,7,1
2614600,3,1
2614709,5,1
2614808,9,1
2614857,6,1
2615003,3,1
2615102,0,0
2615201,6,1
2615300,7,1
2615409,0,0
2615508,6,1
2615607,7,1
2615706,0,0
2615805,0,0
2615904,4,1
2616001,0,0
2616100,6,1
2616183,6,1
2616209,0,0
2616308,6,1
2616407,5,1
2616506,5,1
2700102,7,1
2700201,0,0
2700300,0,0
2700409,4,1
2700508,4,1
2700607,0,0
2700706,0,0
2700805,1,1
2700904,4,1
2701001,0,0
2701100,0,0
2701209,4,1
2701308,0,0
2701357,4,1
2701407,4,1
2701506,0,0
2701605,8,1
2701704,0,0
2701803,0,0
2701902,0,0
2702009,0,0
2702108,0,0
2702207,11,1
2702306,5,1
2702355,0,0
2702405,4,1
2702504,4,1
2702553,4,1
2702603,0,0
2702702,0,0
2702801,0,0
2702900,0,0
2703007,0,0
2703106,0,0
2703205,0,0
2703304,3,1
2703403,0,0
2703502,0,0
2703601,0,0
2703700,0,0
2703759,0,0
2703809,0,0
2703908,0,0
2704005,0,0
2704104,0,0
2704203,0,0
2704302,9,1
2704401,5,1
2704500,0,0
2704609,5,1
2704708,4,1
2704807,0,0
2704906,0,0
2705002,6,1
2705101,5,1
2705200,0,0
2705309,4,1
2705408,0,0
2705507,0,0
2705606,0,0
2705705,5,1
2705804,0,0
2705903,0,0
2706000,4,1
2706109,4,1
2706208,9,1
2706307,8,1
2706406,0,0
2706422,0,0
2706448,1,1
2706505,0,0
2706604,0,0
2706703,0,0
2706802,0,0
2706901,6,1
2707008,0,0
2707107,6,1
2707206,6,1
2707305,0,0
2707404,0,0
2707503,0,0
2707602,0,0
2707701,4,1
2707800,0,0
2707909,5,1
2708006,7,1
2708105,0,0
2708204,0,0
2708303,0,0
2708402,0,0
2708501,0,0
2708600,1,1
2708709,0,0
2708808,0,0
2708907,6,1
2708956,5,1
2709004,4,1
2709103,0,0
2709152,9,1
2709202,8,1
2709301,0,0
2709400,0,0
2800100,0,0
2800209,6,1
2800308,12,1
2800407,0,0
2800506,0,0
2800605,0,0
2800670,0,0
2800704,3,1
2801009,0,0
2801108,6,1
2801207,4,1
2801306,8,1
2801405,0,0
2801504,0,0
2801603,5,1
2801702,5,1
2801900,0,0
2802007,3,1
2802106,8,1
2802205,0,0
2802304,0,0
2802403,0,0
2802502,9,1
2802601,6,1
2802700,0,0
2802809,0,0
2802908,0,0
2803005,8,1
2803104,5,1
2803203,0,0
2803302,5,1
2803401,4,1
2803500,6,1
2803609,12,1
2803708,0,0
2803807,4,1
2803906,0,0
2804003,0,0
2804102,0,0
2804201,7,1
2804300,5,1
2804409,9,1
2804458,0,0
2804508,7,1
2804607,6,1
2804706,0,0
2804805,8,1
2804904,5,1
2805000,3,1
2805109,0,0
2805208,0,0
2805307,7,1
2805406,9,1
2805505,0,0
2805604,0,0
2805703,0,0
2805802,0,0
2805901,0,0
2806008,0,0
2806107,6,1
2806206,6,1
2806305,0,0
2806404,0,0
2806503,4,1
2806602,0,0
2806701,0,0
2806800,0,0
2806909,0,0
2807006,0,0
2807105,5,1
2807204,6,1
2807303,5,1
2807402,0,0
2807501,0,0
2807600,9,1
2900108,5,1
2900207,0,0
2900306,0,0
2900355,5,1
2900405,7,1
2900504,6,1
2900603,0,0
2900702,0,0
2900801,0,0
2900900,0,0
2901007,0,0
2901106,2,1
2901155,0,0
2901205,0,0
2901304,0,0
2901353,4,1
2901403,0,0
2901502,4,1
2901601,6,1
2901700,7,1
2901809,6,1
2901908,0,0
2901957,10,1
2902005,5,1
2902054,0,0
2902104,0,0
2902203,0,0
2902252,3,1
2902302,0,0
2902401,4,1
2902500,7,1
2902609,11,1
2902658,0,0
2902708,3,1
2902807,5,1
2902906,0,0
2903003,0,0
2903102,0,0
2903201,11,1
2903235,10,1
2903276,0,0
2903300,3,1
2903409,0,0
2903508,4,1
2903607,0,0
2903706,0,0
2903805,0,0
2903904,10,1
2903953,0,0
2904001,0,0
2904050,0,0
2904100,5,1
2904209,5,1
2904308,6,1
2904407,4,1
2904506,5,1
2904605,4,1
2904704,0,0
2904753,0,0
2904803,2,1
2904852,11,1
2904902,10,1
2905008,7,1
2905107,7,1
2905156,0,0
2905206,8,1
2905305,0,0
2905404,0,0
2905503,3,1
2905602,0,0
2905701,10,1
2905800,0,0
2905909,0,0
2906006,7,1
2906105,4,1
2906204,4,1
2906303,0,0
2906402,3,1
2906501,0,0
2906600,4,1
2906709,0,0
2906808,11,1
2906824,3,1
2906857,6,1
2906873,3,1
2906899,0,0
2906907,8,1
2907004,0,0
2907103,0,0
2907202,0,0
2907301,0,0
2907400,0,0
2907509,4,1
2907558,7,1
2907608,0,0
2907707,0,0
2907806,7,1
2907905,0,0
2908002,0,0
2908101,0,0
2908200,8,1
2908309,0,0
2908408,8,1
2908507,6,1
2908606,0,0
2908705,0,0
2908804,6,1
2908903,7,1
2909000,0,0
2909109,0,0
2909208,0,0
2909307,4,1
2909406,5,1
2909505,7,1
2909604,0,0
2909703,0,0
2909802,10,1
2909901,6,1
2910008,0,0
2910057,0,0
2910107,4,1
2910206,5,1
2910305,0,0
2910404,3,1
2910503,0,0
2910602,0,0
2910701,9,1
2910727,0,0
2910750,7,1
2910776,4,1
2910800,11,1
2910859,6,1
2910909,1,1
2911006,6,1
2911105,0,0
2911204,6,1
2911253,4,1
2911303,5,1
2911402,4,1
2911501,5,1
2911600,0,0
2911659,3,1
2911709,7,1
2911808,0,0
2911857,4,1
2911907,0,0
2912004,9,1
2912103,0,0
2912202,3,1
2912301,0,0
2912400,7,1
2912509,5,1
2912608,6,1
2912707,7,1
2912806,7,1
2912905,0,0
2913002,0,0
2913101,0,0
2913200,6,1
2913309,5,1
2913408,7,1
2913457,0,0
2913507,0,0
2913606,0,0
2913705,0,0
2913804,0,0
2913903,0,0
2914000,4,1
2914109,5,1
2914208,4,1
2914307,0,0
2914406,0,0
2914505,5,1
2914604,4,1
2914653,0,0
2914703,0,0
2914802,7,1
2914901,7,1
2915007,0,0
2915106,0,0
2915205,0,0
2915304,0,0
2915353,10,1
2915403,7,1
2915502,4,1
2915601,0,0
2915700,7,1
2915809,0,0
2915908,5,1
2916005,0,0
2916104,0,0
2916203,0,0
2916302,0,0
2916401,0,0
2916500,0,0
2916609,0,0
2916708,4,1
2916807,4,1
2916856,8,1
2916906,5,1
2917003,9,1
2917102,5,1
2917201,3,1
2917300,0,0
2917334,9,1
2917359,0,0
2917409,5,1
2917508,12,1
2917607,4,1
2917706,9,1
2917805,0,0
2917904,0,0
2918001,8,1
2918100,10,1
2918209,0,0
2918308,0,0
2918357,0,0
2918407,12,1
2918456,0,0
2918506,5,1
2918555,2,1
2918605,4,1
2918704,0,0
2918753,5,1
2918803,5,1
2918902,0,0
2919009,0,0
2919058,10,1
2919108,0,0
2919157,0,0
2919207,0,0
2919306,0,0
2919405,2,1
2919504,5,1
2919553,5,1
2919603,4,1
2919702,0,0
2919801,4,1
2919900,7,1
2919926,5,1
2919959,0,0
2920007,5,1
2920106,7,1
2920205,7,1
2920304,3,1
2920403,4,1
2920452,0,0
2920502,8,1
2920601,0,0
2920700,0,0
2920809,2,1
2920908,0,0
2921005,0,0
2921054,6,1
2921104,0,0
2921203,6,1
2921302,9,1
2921401,4,1
2921450,0,0
2921500,6,1
2921609,6,1
2921708,12,1
2921807,7,1
2921906,0,0
2922003,0,0
2922052,0,0
2922102,0,0
2922201,7,1
2922250,8,1
2922300,11,1
2922409,0,0
2922508,5,1
2922607,3,1
2922656,7,1
2922706,0,0
2922730,3,1
2922755,7,1
2922805,7,1
2922854,7,1
2922904,0,0
2923001,2,1
2923035,0,0
2923050,3,1
2923100,0,0
2923209,5,1
2923308,0,0
2923357,3,1
2923407,0,0
2923506,0,0
2923605,3,1
2923704,0,0
2923803,0,0
2923902,0,0
2924009,6,1
2924058,6,1
2924108,0,0
2924207,5,1
2924306,4,1
2924405,0,0
2924504,4,1
2924603,8,1
2924652,6,1
2924678,0,0
2924702,8,1
2924801,0,0
2924900,11,1
2925006,6,1
2925105,0,0
2925204,0,0
2925253,5,1
2925303,0,0
2925402,3,1
2925501,6,1
2925600,0,0
2925709,11,1
2925758,0,0
2925808,5,1
2925907,4,1
2925931,0,0
2925956,0,0
2926004,0,0
2926103,8,1
2926202,0,0
2926301,4,1
2926400,7,1
2926509,4,1
2926608,5,1
2926657,6,1
2926707,6,1
2926806,3,1
2926905,4,1
2927002,0,0
2927101,0,0
2927200,0,0
2927309,8,1
2927408,4,1
2927507,0,0
2927606,5,1
2927705,0,0
2927804,6,1
2927903,7,1
2928000,0,0
2928059,0,0
2928109,10,1
2928208,0,0
2928307,6,1
2928406,0,0
2928505,0,0
2928604,8,1
2928703,6,1
2928802,0,0
2928901,0,0
2928950,0,0
2929008,9,1
2929057,5,1
2929107,0,0
2929206,9,1
2929255,0,0
2929305,4,1
2929354,0,0
2929370,4,1
2929404,5,1
2929503,0,0
2929602,0,0
2929701,0,0
2929750,0,0
2929800,9,1
2929909,10,1
2930006,0,0
2930105,8,1
2930154,6,1
2930204,0,0
2930303,0,0
2930402,0,0
2930501,0,0
2930600,4,1
2930709,8,1
2930758,0,0
2930766,0,0
2930774,0,0
2930808,0,0
2930907,0,0
2931004,4,1
2931053,3,1
2931103,6,1
2931202,0,0
2931301,0,0
2931350,5,1
2931400,6,1
2931509,0,0
2931608,9,1
2931707,0,0
2931806,0,0
2931905,4,1
2932002,7,1
2932101,9,1
2932200,0,0
2932309,5,1
2932408,4,1
2932457,0,0
2932507,0,0
2932606,3,1
2932705,0,0
2932804,0,0
2932903,5,1
2933000,4,1
2933059,0,0
2933109,2,1
2933158,0,0
2933174,0,0
2933208,5,1
2933257,11,1
2933307,12,1
2933406,0,0
2933455,0,0
2933505,0,0
2933604,0,0
3100104,3,1
3100203,0,0
3100302,5,1
3100401,0,0
3100500,3,1
3100609,0,0
3100708,3,1
3100807,0,0
3100906,0,0
3101003,0,0
3101102,5,1
3101201,0,0
3101300,4,1
3101409,3,1
3101508,0,0
3101607,9,1
3101631,0,0
3101706,6,1
3101805,7,1
3101904,4,1
3102001,0,0
3102050,0,0
3102100,0,0
3102209,0,0
3102308,0,0
3102407,0,0
3102506,1,1
3102605,0,0
3102704,0,0
3102803,0,0
3102852,0,0
3102902,0,0
3103009,4,1
3103108,0,0
3103207,0,0
3103306,0,0
3103405,7,1
3103504,0,0
3103603,0,0
3103702,0,0
3103751,4,1
3103801,0,0
3103900,0,0
3104007,0,0
3104106,0,0
3104205,4,1
3104304,0,0
3104403,0,0
3104452,4,1
3104502,5,1
3104601,6,1
3104700,5,1
3104809,0,0
3104908,5,1
3105004,0,0
3105103,0,0
3105202,0,0
3105301,0,0
3105400,0,0
3105509,0,0
3105608,3,1
3105707,4,1
3105905,7,1
3106002,0,0
3106101,5,1
3106200,12,1
3106309,3,1
3106408,0,0
3106507,7,1
3106606,6,1
3106655,0,0
3106705,0,0
3106804,3,1
3106903,4,1
3107000,0,0
3107109,6,1
3107208,4,1
3107307,8,1
3107406,11,1
3107505,0,0
3107604,2,1
3107703,5,1
3107802,0,0
3107901,0,0
3108008,0,0
3108107,2,1
3108206,5,1
3108255,0,0
3108305,0,0
3108404,0,0
3108503,3,1
3108552,3,1
3108602,7,1
3108701,4,1
3108800,4,1
3108909,2,1
3109006,0,0
3109105,7,1
3109204,0,0
3109253,0,0
3109303,4,1
3109402,4,1
3109451,5,1
3109501,0,0
3109600,0,0
3109709,4,1
3109808,0,0
3109907,0,0
3110004,0,0
3110103,3,1
3110202,0,0
3110301,0,0
3110400,4,1
3110509,0,0
3110608,0,0
3110707,2,1
3110806,0,0
3110905,0,0
3111002,0,0
3111101,4,1
3111150,3,1
3111200,0,0
3111309,0,0
3111408,6,1
3111507,0,0
3111606,0,0
3111705,0,0
3111804,0,0
3111903,0,0
3112000,4,1
3112059,6,1
3112109,4,1
3112208,0,0
3112307,0,0
3112406,6,1
3112505,5,1
3112604,0,0
3112653,0,0
3112703,0,0
3112802,0,0
3112901,0,0
3113008,0,0
3113107,1,1
3113206,1,1
3113305,3,1
3113404,0,0
3113503,0,0
3113602,0,0
3113701,5,1
3113800,0,0
3113909,0,0
3114006,0,0
3114105,2,1
3114204,0,0
3114303,6,1
3114402,0,0
3114501,0,0
3114550,0,0
3114600,0,0
3114709,0,0
3114808,0,0
3114907,0,0
3115003,0,0
3115102,7,1
3115201,0,0
3115300,7,1
3115359,0,0
3115409,0,0
3115458,5,1
3115474,0,0
3115508,11,1
3115607,6,1
3115706,7,1
3115805,0,0
3115904,0,0
3116001,0,0
3116100,0,0
3116159,0,0
3116209,0,0
3116308,0,0
3116407,0,0
3116506,0,0
3116605,7,1
3116704,0,0
3116803,5,1
3116902,2,1
3117009,0,0
3117108,0,0
3117207,0,0
3117306,0,0
3117405,0,0
3117504,0,0
3117603,0,0
3117702,0,0
3117801,0,0
3117836,0,0
3117876,3,1
3117900,4,1
3118007,6,1
3118106,0,0
3118205,6,1
3118304,8,1
3118403,0,0
3118502,4,1
3118601,6,1
3118700,8,1
3118809,6,1
3118908,5,1
3119005,1,1
3119104,6,1
3119203,3,1
3119302,0,0
3119401,5,1
3119500,5,1
3119609,5,1
3119708,0,0
3119807,0,0
3119906,0,0
3119955,7,1
3120003,0,0
3120102,0,0
3120151,1,1
3120201,0,0
3120300,6,1
3120409,0,0
3120508,0,0
3120607,0,0
3120706,0,0
3120805,0,0
3120839,0,0
3120870,0,0
3120904,4,1
3121001,1,1
3121100,2,1
3121209,0,0
3121258,0,0
3121308,0,0
3121407,4,1
3121506,0,0
3121605,0,0
3121704,6,1
3121803,0,0
3121902,0,0
3122009,0,0
3122108,7,1
3122207,7,1
3122306,2,1
3122355,4,1
3122405,0,0
3122454,6,1
3122470,0,0
3122504,5,1
3122603,4,1
3122702,0,0
3122801,0,0
3122900,6,1
3123007,0,0
3123106,6,1
3123205,0,0
3123304,0,0
3123403,6,1
3123502,3,1
3123528,0,0
3123601,6,1
3123700,0,0
3123809,4,1
3123858,2,1
3123908,4,1
3124005,8,1
3124104,0,0
3124203,0,0
3124302,0,0
3124401,0,0
3124500,7,1
3124609,0,0
3124708,0,0
3124807,4,1
3124906,4,1
3125002,4,1
3125101,0,0
3125200,0,0
3125309,4,1
3125408,0,0
3125507,4,1
3125606,6,1
3125705,7,1
3125804,0,0
3125903,0,0
3125952,0,0
3126000,4,1
3126109,5,1
3126208,4,1
3126307,0,0
3126406,0,0
3126505,0,0
3126604,2,1
3126703,0,0
3126752,7,1
3126802,0,0
3126901,6,1
3126950,5,1
3127008,8,1
3127057,6,1
3127073,0,0
3127107,5,1
3127206,2,1
3127305,5,1
3127339,0,0
3127354,4,1
3127370,0,0
3127388,0,0
3127404,3,1
3127503,0,0
3127602,3,1
3127701,7,1
3127800,0,0
3127909,0,0
3128006,3,1
3128105,6,1
3128204,4,1
3128253,4,1
3128303,0,0
3128402,0,0
3128501,0,0
3128600,0,0
3128709,11,1
3128808,6,1
3128907,8,1
3129004,0,0
3129103,0,0
3129202,0,0
3129301,0,0
3129400,0,0
3129509,5,1
3129608,3,1
3129657,0,0
3129707,7,1
3129806,4,1
3129905,0,0
3130002,0,0
3130051,0,0
3130101,7,1
3130200,0,0
3130309,0,0
3130408,0,0
3130507,0,0
3130556,4,1
3130606,2,1
3130655,0,0
3130705,0,0
3130804,0,0
3130903,0,0
3131000,0,0
3131109,4,1
3131158,0,0
3131208,5,1
3131307,0,0
3131406,0,0
3131505,0,0
3131604,1,1
3131703,7,1
3131802,6,1
3131901,5,1
3132008,0,0
3132107,4,1
3132206,5,1
3132305,0,0
3132404,0,0
3132503,8,1
3132602,0,0
3132701,7,1
3132800,4,1
3132909,0,0
3133006,4,1
3133105,3,1
3133204,0,0
3133303,0,0
3133402,0,0
3133501,0,0
3133600,0,0
3133709,0,0
3133758,4,1
3133808,5,1
3133907,4,1
3134004,0,0
3134103,0,0
3134202,10,1
3134301,0,0
3134400,0,0
3134509,0,0
3134608,0,0
3134707,0,0
3134806,0,0
3134905,7,1
3135001,0,0
3135050,7,1
3135076,4,1
3135100,6,1
3135209,0,0
3135308,0,0
3135357,0,0
3135407,8,1
3135456,0,0
3135506,4,1
3135605,0,0
3135704,0,0
3135803,7,1
3135902,0,0
3136009,0,0
3136108,3,1
3136207,0,0
3136306,7,1
3136405,3,1
3136504,4,1
3136520,4,1
3136553,4,1
3136579,4,1
3136603,3,1
3136652,5,1
3136702,7,1
3136801,0,0
3136900,0,0
3136959,0,0
3137007,0,0
3137106,0,0
3137205,0,0
3137304,0,0
3137403,0,0
3137502,5,1
3137536,4,1
3137601,5,1
3137700,4,1
3137809,0,0
3137908,1,1
3138005,0,0
3138104,6,1
3138203,9,1
3138302,0,0
3138351,0,0
3138401,0,0
3138500,0,0
3138609,3,1
3138625,3,1
3138658,0,0
3138674,0,0
3138682,0,0
3138708,0,0
3138807,0,0
3138906,5,1
3139003,0,0
3139102,0,0
3139201,0,0
3139250,4,1
3139300,0,0
3139409,0,0
3139508,5,1
3139607,7,1
3139706,0,0
3139805,0,0
3139904,0,0
3140001,0,0
3140100,3,1
3140159,1,1
3140209,5,1
3140308,7,1
3140407,3,1
3140506,0,0
3140530,0,0
3140555,0,0
3140605,6,1
3140704,0,0
3140803,3,1
3140852,5,1
3140902,0,0
3141009,7,1
3141108,0,0
3141207,0,0
3141306,0,0
3141405,7,1
3141504,0,0
3141603,4,1
3141702,4,1
3141801,0,0
3141900,0,0
3142007,0,0
3142106,0,0
3142205,0,0
3142254,8,1
3142304,5,1
3142403,0,0
3142502,6,1
3142601,6,1
3142700,0,0
3142809,8,1
3142908,0,0
3143005,0,0
3143104,0,0
3143153,4,1
3143203,7,1
3143302,12,1
3143401,4,1
3143450,0,0
3143500,0,0
3143609,0,0
3143708,3,1
3143807,9,1
3143906,5,1
3144003,0,0
3144102,0,0
3144201,0,0
3144300,6,1
3144359,2,1
3144375,4,1
3144409,0,0
3144508,0,0
3144607,0,0
3144656,0,0
3144672,10,1
3144706,0,0
3144805,8,1
3144904,8,1
3145000,0,0
3145059,5,1
3145109,0,0
3145208,0,0
3145307,0,0
3145356,5,1
3145372,4,1
3145406,3,1
3145455,5,1
3145505,0,0
3145604,3,1
3145703,5,1
3145802,6,1
3145851,5,1
3145877,0,0
3145901,6,1
3146008,4,1
3146107,0,0
3146206,8,1
3146255,0,0
3146305,4,1
3146404,6,1
3146503,4,1
3146552,0,0
3146602,0,0
3146701,0,0
3146750,0,0
3146909,4,1
3147006,5,1
3147105,0,0
3147204,0,0
3147303,0,0
3147402,0,0
3147501,0,0
3147600,4,1
3147709,0,0
3147808,0,0
3147907,5,1
3147956,7,1
3148004,5,1
3148103,0,0
3148202,4,1
3148301,0,0
3148400,4,1
3148509,7,1
3148608,4,1
3148707,4,1
3148756,4,1
3148806,0,0
3148905,0,0
3149002,3,1
3149101,0,0
3149150,6,1
3149200,4,1
3149309,9,1
3149408,2,1
3149507,0,0
3149606,0,0
3149705,4,1
3149804,4,1
3149903,0,0
3149952,0,0
3150000,1,1
3150109,3,1
3150158,5,1
3150208,5,1
3150307,0,0
3150406,0,0
3150505,0,0
3150539,2,1
3150570,0,0
3150604,0,0
3150703,5,1
3150802,0,0
3150901,0,0
3151008,0,0
3151107,3,1
3151206,7,1
3151305,6,1
3151404,0,0
3151503,0,0
3151602,0,0
3151701,0,0
3151800,0,0
3151909,4,1
3152006,9,1
3152105,7,1
3152131,0,0
3152170,3,1
3152204,5,1
3152303,0,0
3152402,7,1
3152501,6,1
3152600,5,1
3152709,0,0
3152808,8,1
3152907,0,0
3153004,0,0
3153103,0,0
3153202,7,1
3153301,0,0
3153400,0,0
3153509,0,0
3153608,0,0
3153707,0,0
3153806,0,0
3153905,7,1
3154002,0,0
3154101,0,0
3154150,0,0
3154200,0,0
3154309,0,0
3154408,0,0
3154457,0,0
3154507,2,1
3154606,0,0
3154705,0,0
3154804,0,0
3154903,5,1
3155009,4,1
3155108,3,1
3155207,0,0
3155306,0,0
3155405,3,1
3155504,0,0
3155603,0,0
3155702,0,0
3155801,0,0
3155900,3,1
3156007,4,1
3156106,3,1
3156205,0,0
3156304,0,0
3156403,0,0
3156452,4,1
3156502,0,0
3156601,0,0
3156700,4,1
3156809,7,1
3156908,0,0
3157005,0,0
3157104,7,1
3157203,6,1
3157252,5,1
3157278,2,1
3157302,0,0
3157336,4,1
3157377,5,1
3157401,5,1
3157500,6,1
3157609,0,0
3157658,7,1
3157708,4,1
3157807,5,1
3157906,0,0
3158003,4,1
3158102,0,0
3158201,3,1
3158300,1,1
3158409,0,0
3158508,0,0
3158607,3,1
3158706,0,0
3158805,3,1
3158904,5,1
3158953,0,0
3159001,2,1
3159100,4,1
3159209,4,1
3159308,0,0
3159357,0,0
3159407,0,0
3159506,2,1
3159605,6,1
3159704,0,0
3159803,5,1
3159902,3,1
3160009,0,0
3160108,2,1
3160207,0,0
3160306,0,0
3160405,6,1
3160454,0,0
3160504,3,1
3160603,0,0
3160702,5,1
3160801,0,0
3160900,6,1
3160959,4,1
3161007,0,0
3161056,4,1
3161106,6,1
3161205,5,1
3161304,0,0
3161403,6,1
3161502,0,0
3161601,6,1
3161650,4,1
3161700,0,0
3161809,6,1
3161908,0,0
3162005,5,1
3162104,0,0
3162203,4,1
3162252,6,1
3162302,0,0
3162401,0,0
3162450,0,0
3162500,7,1
3162559,3,1
3162575,5,1
3162609,5,1
3162658,0,0
3162708,0,0
3162807,5,1
3162906,10,1
3162922,0,0
3162948,0,0
3162955,0,0
3163003,0,0
3163102,0,0
3163201,0,0
3163300,4,1
3163409,0,0
3163508,4,1
3163607,0,0
3163706,0,0
3163805,0,0
3163904,4,1
3164001,0,0
3164100,5,1
3164209,0,0
3164308,0,0
3164407,0,0
3164431,0,0
3164472,7,1
3164506,0,0
3164605,0,0
3164704,0,0
3164803,7,1
3164902,0,0
3165008,0,0
3165107,0,0
3165206,0,0
3165305,0,0
3165404,0,0
3165503,6,1
3165537,5,1
3165552,2,1
3165560,0,0
3165578,4,1
3165602,0,0
3165701,0,0
3165800,0,0
3165909,3,1
3166006,0,0
3166105,5,1
3166204,0,0
3166303,0,0
3166402,0,0
3166501,0,0
3166600,0,0
3166709,0,0
3166808,1,1
3166907,0,0
3166956,0,0
3167004,0,0
3167103,0,0
3167202,5,1
3167301,0,0
3167400,0,0
3167509,4,1
3167608,0,0
3167707,0,0
3167806,0,0
3167905,5,1
3168002,4,1
3168051,0,0
3168101,0,0
3168200,0,0
3168309,0,0
3168408,4,1
3168507,0,0
3168606,0,0
3168705,0,0
3168804,0,0
3168903,0,0
3169000,6,1
3169059,0,0
3169109,0,0
3169208,2,1
3169307,0,0
3169356,0,0
3169406,9,1
3169505,11,1
3169604,6,1
3169703,2,1
3169802,0,0
3169901,0,0
3170008,7,1
3170057,0,0
3170107,10,1
3170206,0,0
3170305,0,0
3170404,7,1
3170438,6,1
3170479,3,1
3170503,7,1
3170529,8,1
3170578,4,1
3170602,0,0
3170651,0,0
3170701,7,1
3170750,5,1
3170800,5,1
3170909,0,0
3171006,0,0
3171030,0,0
3171071,4,1
3171105,0,0
3171154,0,0
3171204,0,0
3171303,0,0
3171402,0,0
3171501,0,0
3171600,6,1
3171709,0,0
3171808,4,1
3171907,0,0
3172004,5,1
3172103,0,0
3172202,0,0
3200102,0,0
3200136,3,1
3200169,4,1
3200201,3,1
3200300,9,1
3200359,0,0
3200409,0,0
3200508,0,0
3200607,5,1
3200706,0,0
3200805,5,1
3200904,0,0
3201001,0,0
3201100,0,0
3201159,0,0
3201209,10,1
3201308,7,1
3201407,0,0
3201506,0,0
3201605,0,0
3201704,2,1
3201803,0,0
3201902,0,0
3202009,0,0
3202108,7,1
3202207,0,0
3202256,3,1
3202306,10,1
3202405,9,1
3202454,0,0
3202504,0,0
3202553,0,0
3202603,0,0
3202652,0,0
3202702,0,0
3202801,6,1
3202900,0,0
3203007,0,0
3203056,0,0
3203106,0,0
3203130,4,1
3203163,0,0
3203205,5,1
3203304,5,1
3203320,0,0
3203346,3,1
3203353,5,1
3203403,0,0
3203502,6,1
3203601,9,1
3203700,0,0
3203809,0,0
3203908,0,0
3204005,4,1
3204054,0,0
3204104,0,0
3204203,0,0
3204252,0,0
3204302,0,0
3204351,4,1
3204401,0,0
3204500,0,0
3204559,9,1
3204609,0,0
3204658,3,1
3204708,0,0
3204807,0,0
3204906,11,1
3204955,0,0
3205002,4,1
3205010,5,1
3205036,0,0
3205069,0,0
3205101,0,0
3205150,0,0
3205176,0,0
3205200,0,0
3205309,4,1
3300100,6,1
3300159,6,1
3300209,7,1
3300225,8,1
3300233,7,1
3300258,7,1
3300308,0,0
3300407,8,1
3300456,0,0
3300506,7,1
3300605,0,0
3300704,0,0
3300803,8,1
3300902,0,0
3300936,0,0
3300951,7,1
3301009,11,1
3301108,0,0
3301157,4,1
3301207,0,0
3301306,7,1
3301405,4,1
3301504,4,1
3301603,4,1
3301702,12,1
3301801,7,1
3301850,7,1
3301876,5,1
3301900,3,1
3302007,0,0
3302056,0,0
3302106,0,0
3302205,7,1
3302254,7,1
3302270,3,1
3302304,0,0
3302403,7,1
3302452,6,1
3302502,6,1
3302601,8,1
3302700,5,1
3302809,0,0
3302858,12,1
3302908,6,1
3303005,0,0
3303104,0,0
3303203,6,1
3303302,12,1
3303401,10,1
3303500,8,1
3303609,0,0
3303708,11,1
3303807,7,1
3303856,3,1
3303906,8,1
3303955,6,1
3304003,0,0
3304102,0,0
3304110,5,1
3304128,7,1
3304144,3,1
3304151,8,1
3304201,6,1
3304300,7,1
3304409,3,1
3304508,4,1
3304524,0,0
3304557,7,1
3304607,4,1
3304706,5,1
3304755,10,1
3304805,0,0
3304904,5,1
3305000,2,1
3305109,6,1
3305133,0,0
3305158,3,1
3305208,10,1
3305307,4,1
3305406,0,0
3305505,0,0
3305554,7,1
3305604,12,1
3305703,2,1
3305752,8,1
3305802,0,0
3305901,0,0
3306008,4,1
3306107,0,0
3306156,0,0
3306206,0,0
3306305,5,1
3500105,6,1
3500204,0,0
3500303,0,0
3500402,0,0
3500501,0,0
3500550,0,0
3500600,0,0
3500709,0,0
3500758,7,1
3500808,0,0
3500907,0,0
3501004,5,1
3501103,0,0
3501152,6,1
3501202,0,0
3501301,0,0
3501400,0,0
3501509,0,0
3501608,5,1
3501707,5,1
3501806,0,0
3501905,8,1
3502002,0,0
3502101,7,1
3502200,3,1
3502309,0,0
3502408,0,0
3502507,0,0
3502606,0,0
3502705,0,0
3502754,0,0
3502804,6,1
3502903,6,1
3503000,0,0
3503109,0,0
3503158,0,0
3503208,9,1
3503307,0,0
3503356,6,1
3503406,4,1
3503505,0,0
3503604,5,1
3503703,3,1
3503802,0,0
3503901,0,0
3503950,0,0
3504008,4,1
3504107,0,0
3504206,0,0
3504305,0,0
3504404,4,1
3504503,0,0
3504602,0,0
3504701,0,0
3504800,0,0
3504909,0,0
3505005,0,0
3505104,0,0
3505203,4,1
3505302,5,1
3505351,3,1
3505401,0,0
3505500,0,0
3505609,0,0
3505708,0,0
3505807,0,0
3505906,0,0
3506003,0,0
3506102,7,1
3506201,0,0
3506300,2,1
3506359,0,0
3506409,0,0
3506508,0,0
3506607,8,1
3506706,0,0
3506805,5,1
3506904,0,0
3507001,8,1
3507100,0,0
3507159,0,0
3507209,7,1
3507308,3,1
3507407,0,0
3507456,8,1
3507506,0,0
3507605,0,0
3507704,0,0
3507753,0,0
3507803,5,1
3507902,5,1
3508009,0,0
3508108,0,0
3508207,0,0
3508306,0,0
3508405,7,1
3508504,4,1
3508603,5,1
3508702,0,0
3508801,3,1
3508900,0,0
3509007,5,1
3509106,0,0
3509205,7,1
3509254,5,1
3509304,0,0
3509403,0,0
3509452,0,0
3509502,10,1
3509601,3,1
3509700,0,0
3509809,0,0
3509908,8,1
3509957,0,0
3510005,2,1
3510104,0,0
3510153,7,1
3510203,0,0
3510302,0,0
3510401,5,1
3510500,0,0
3510609,5,1
3510708,0,0
3510807,0,0
3510906,0,0
3511003,0,0
3511102,6,1
3511201,0,0
3511300,0,0
3511409,0,0
3511508,0,0
3511607,4,1
3511706,5,1
3511904,0,0
3512001,0,0
3512100,0,0
3512209,4,1
3512308,0,0
3512407,6,1
3512506,4,1
3512605,0,0
3512704,0,0
3512803,3,1
3512902,0,0
3513009,5,1
3513108,0,0
3513207,5,1
3513306,0,0
3513405,0,0
3513504,0,0
3513603,0,0
3513702,4,1
3513801,0,0
3513850,0,0
3513900,0,0
3514007,0,0
3514106,4,1
3514205,0,0
3514304,0,0
3514403,0,0
3514502,4,1
3514601,4,1
3514700,0,0
3514809,8,1
3514908,0,0
3514924,4,1
3514957,2,1
3515004,9,1
3515103,0,0
3515129,0,0
3515152,5,1
3515186,4,1
3515194,0,0
3515202,0,0
3515301,0,0
3515350,0,0
3515400,0,0
3515509,0,0
3515608,0,0
3515657,12,1
3515707,6,1
3515806,0,0
3515905,0,0
3516002,0,0
3516101,0,0
3516200,6,1
3516309,12,1
3516408,0,0
3516507,0,0
3516606,0,0
3516705,0,0
3516804,2,1
3516853,0,0
3516903,0,0
3517000,0,0
3517109,0,0
3517208,0,0
3517307,0,0
3517406,0,0
3517505,0,0
3517604,5,1
3517703,1,1
3517802,3,1
3517901,0,0
3518008,0,0
3518107,0,0
3518206,0,0
3518305,5,1
3518404,1,1
3518503,0,0
3518602,6,1
3518701,9,1
3518800,10,1
3518859,0,0
3518909,3,1
3519006,0,0
3519055,4,1
3519071,4,1
3519105,4,1
3519204,0,0
3519253,0,0
3519303,0,0
3519402,6,1
3519501,0,0
3519600,3,1
3519709,0,0
3519808,0,0
3519907,5,1
3520004,5,1
3520103,0,0
3520202,7,1
3520301,0,0
3520400,6,1
3520426,8,1
3520442,4,1
3520509,6,1
3520608,0,0
3520707,0,0
3520806,3,1
3520905,0,0
3521002,3,1
3521101,0,0
3521150,0,0
3521200,7,1
3521309,7,1
3521408,6,1
3521507,4,1
3521606,0,0
3521705,4,1
3521804,4,1
3521903,6,1
3522000,4,1
3522109,0,0
3522158,4,1
3522208,0,0
3522307,0,0
3522406,0,0
3522505,6,1
3522604,12,1
3522653,0,0
3522703,4,1
3522802,3,1
3522901,4,1
3523008,0,0
3523107,3,1
3523206,0,0
3523305,0,0
3523404,7,1
3523503,0,0
3523602,0,0
3523701,0,0
3523800,0,0
3523909,0,0
3524006,0,0
3524105,4,1
3524204,0,0
3524303,0,0
3524402,5,1
3524501,0,0
3524600,0,0
3524709,7,1
3524808,0,0
3524907,0,0
3525003,5,1
3525102,0,0
3525201,0,0
3525300,4,1
3525409,4,1
3525508,0,0
3525607,0,0
3525706,0,0
3525805,0,0
3525854,0,0
3525904,7,1
3526001,6,1
3526100,0,0
3526209,0,0
3526308,0,0
3526407,7,1
3526506,0,0
3526605,3,1
3526704,6,1
3526803,2,1
3526902,0,0
3527009,0,0
3527108,0,0
3527207,5,1
3527256,0,0
3527306,0,0
3527405,4,1
3527504,5,1
3527603,0,0
3527702,0,0
3527801,0,0
3527900,0,0
3528007,0,0
3528106,0,0
3528205,0,0
3528304,0,0
3528403,5,1
3528502,0,0
3528601,7,1
3528700,0,0
3528809,0,0
3528858,0,0
3528908,0,0
3529005,0,0
3529104,0,0
3529203,4,1
3529302,0,0
3529401,7,1
3529500,0,0
3529609,0,0
3529658,0,0
3529708,2,1
3529807,5,1
3529906,0,0
3530003,0,0
3530102,0,0
3530201,0,0
3530300,0,0
3530409,0,0
3530508,0,0
3530607,0,0
3530706,0,0
3530805,5,1
3530904,0,0
3531001,0,0
3531100,0,0
3531209,4,1
3531308,5,1
3531407,0,0
3531506,7,1
3531605,0,0
3531704,4,1
3531803,5,1
3531902,0,0
3532009,5,1
3532058,0,0
3532108,0,0
3532157,0,0
3532207,0,0
3532306,0,0
3532405,0,0
3532504,6,1
3532603,0,0
3532702,4,1
3532801,0,0
3532827,0,0
3532843,0,0
3532868,0,0
3532900,4,1
3533007,6,1
3533106,4,1
3533205,0,0
3533254,0,0
3533304,0,0
3533403,5,1
3533502,0,0
3533601,7,1
3533700,3,1
3533809,0,0
3533908,0,0
3534005,0,0
3534104,3,1
3534203,0,0
3534302,4,1
3534401,12,1
3534500,0,0
3534609,0,0
3534708,5,1
3534757,0,0
3534807,0,0
3534906,0,0
3535002,0,0
3535101,5,1
3535200,0,0
3535309,6,1
3535408,0,0
3535507,0,0
3535606,0,0
3535705,0,0
3535804,5,1
3535903,0,0
3536000,7,1
3536109,0,0
3536208,0,0
3536257,0,0
3536307,4,1
3536406,7,1
3536505,7,1
3536570,0,0
3536604,0,0
3536703,0,0
3536802,0,0
3536901,0,0
3537008,0,0
3537107,5,1
3537156,0,0
3537206,0,0
3537305,5,1
3537404,0,0
3537503,0,0
3537602,0,0
3537701,0,0
3537800,5,1
3537909,0,0
3538006,0,0
3538105,2,1
3538204,0,0
3538303,0,0
3538501,0,0
3538600,0,0
3538709,11,1
3538808,0,0
3538907,0,0
3539004,0,0
3539103,2,1
3539202,0,0
3539301,5,1
3539400,0,0
3539509,0,0
3539608,0,0
3539707,0,0
3539806,5,1
3539905,3,1
3540002,0,0
3540101,0,0
3540200,0,0
3540259,0,0
3540309,0,0
3540408,0,0
3540507,0,0
3540606,0,0
3540705,7,1
3540754,0,0
3540804,6,1
3540853,0,0
3540903,0,0
3541000,0,0
3541059,0,0
3541109,0,0
3541208,0,0
3541307,0,0
3541406,6,1
3541505,3,1
3541604,4,1
3541653,0,0
3541703,5,1
3541802,6,1
3541901,0,0
3542008,6,1
3542107,4,1
3542206,2,1
3542305,0,0
3542404,3,1
3542503,0,0
3542602,0,0
3542701,0,0
3542800,4,1
3542909,0,0
3543006,4,1
3543105,0,0
3543204,4,1
3543238,0,0
3543253,0,0
3543303,6,1
3543402,7,1
3543501,0,0
3543600,2,1
3543709,0,0
3543808,0,0
3543907,6,1
3544004,4,1
3544103,6,1
3544202,0,0
3544251,8,1
3544301,0,0
3544400,0,0
3544509,0,0
3544608,0,0
3544707,0,0
3544806,6,1
3544905,0,0
3545001,0,0
3545100,0,0
3545159,0,0
3545209,7,1
3545308,3,1
3545407,0,0
3545506,0,0
3545605,0,0
3545704,0,0
3545803,5,1
3546009,5,1
3546108,0,0
3546207,0,0
3546256,0,0
3546306,0,0
3546405,4,1
3546504,0,0
3546603,6,1
3546702,6,1
3546801,6,1
3546900,0,0
3547007,3,1
3547106,0,0
3547205,0,0
3547304,4,1
3547403,0,0
3547502,0,0
3547601,0,0
3547650,0,0
3547700,7,1
3547809,7,1
3547908,3,1
3548005,0,0
3548054,5,1
3548104,0,0
3548203,4,1
3548302,0,0
3548401,0,0
3548500,9,1
3548609,4,1
3548708,12,1
3548807,6,1
3548906,7,1
3549003,0,0
3549102,7,1
3549201,0,0
3549250,4,1
3549300,0,0
3549409,4,1
3549508,3,1
3549607,0,0
3549706,8,1
3549805,6,1
3549904,0,0
3549953,4,1
3550001,3,1
3550100,5,1
3550209,0,0
3550308,7,1
3550407,0,0
3550506,5,1
3550605,0,0
3550704,5,1
3550803,3,1
3550902,3,1
3551009,8,1
3551108,0,0
3551207,0,0
3551306,0,0
3551405,8,1
3551504,0,0
3551603,5,1
3551702,5,1
3551801,5,1
3551900,7,1
3552007,0,0
3552106,8,1
3552205,8,1
3552304,0,0
3552403,5,1
3552502,0,0
3552551,4,1
3552601,0,0
3552700,7,1
3552809,0,0
3552908,0,0
3553005,4,1
3553104,0,0
3553203,0,0
3553302,0,0
3553401,6,1
3553500,4,1
3553609,0,0
3553658,0,0
3553708,0,0
3553807,0,0
3553856,0,0
3553906,0,0
3553955,0,0
3554003,0,0
3554102,0,0
3554201,4,1
3554300,5,1
3554409,0,0
3554508,4,1
3554607,0,0
3554656,0,0
3554706,4,1
3554755,5,1
3554805,0,0
3554904,0,0
3554953,0,0
3555000,0,0
3555109,0,0
3555208,0,0
3555307,0,0
3555356,0,0
3555406,0,0
3555505,0,0
3555604,0,0
3555703,0,0
3555802,0,0
3555901,0,0
3556008,7,1
3556107,0,0
3556206,7,1
3556305,6,1
3556354,0,0
3556404,0,0
3556453,3,1
3556503,4,1
3556602,5,1
3556701,0,0
3556800,7,1
3556909,0,0
3556958,0,0
3557006,8,1
3557105,7,1
3557154,4,1
3557204,0,0
3557303,7,1
4100103,4,1
4100202,0,0
4100301,0,0
4100400,7,1
4100459,0,0
4100509,0,0
4100608,3,1
4100707,5,1
4100806,5,1
4100905,0,0
4101002,6,1
4101051,0,0
4101101,0,0
4101150,0,0
4101200,0,0
4101309,0,0
4101408,0,0
4101507,9,1
4101606,4,1
4101655,0,0
4101705,0,0
4101804,0,0
4101853,0,0
4101903,0,0
4102000,0,0
4102109,0,0
4102208,0,0
4102307,5,1
4102406,3,1
4102505,0,0
4102604,0,0
4102703,0,0
4102752,6,1
4102802,0,0
4102901,4,1
4103008,0,0
4103024,0,0
4103040,4,1
4103057,0,0
4103107,0,0
4103156,0,0
4103206,7,1
4103222,0,0
4103305,0,0
4103354,5,1
4103370,0,0
4103404,5,1
4103453,12,1
4103479,0,0
4103503,0,0
4103602,7,1
4103701,0,0
4103800,12,1
4103909,0,0
4103958,0,0
4104006,0,0
4104055,0,0
4104105,0,0
4104204,10,1
4104253,0,0
4104303,0,0
4104402,0,0
4104428,6,1
4104451,4,1
4104501,4,1
4104600,4,1
4104659,4,1
4104709,5,1
4104808,0,0
4104907,7,1
4105003,0,0
4105102,0,0
4105201,0,0
4105300,0,0
4105409,0,0
4105508,9,1
4105607,0,0
4105706,8,1
4105805,0,0
4105904,0,0
4106001,1,1
4106100,0,0
4106209,0,0
4106308,0,0
4106407,4,1
4106456,0,0
4106506,0,0
4106555,0,0
4106571,0,0
4106605,5,1
4106704,7,1
4106803,0,0
4106852,0,0
4106902,9,1
4107009,4,1
4107108,3,1
4107124,0,0
4107157,0,0
4107207,0,0
4107256,0,0
4107306,0,0
4107405,0,0
4107504,0,0
4107520,3,1
4107538,5,1
4107546,0,0
4107553,0,0
4107603,0,0
4107652,0,0
4107702,0,0
4107736,0,0
4107751,4,1
4107801,3,1
4107850,0,0
4107900,0,0
4108007,0,0
4108106,0,0
4108205,0,0
4108304,2,1
4108320,0,0
4108403,0,0
4108452,4,1
4108502,7,1
4108551,0,0
4108601,0,0
4108650,0,0
4108700,0,0
4108809,0,0
4108908,0,0
4108957,0,0
4109005,0,0
4109104,6,1
4109203,0,0
4109302,0,0
4109401,10,1
4109500,8,1
4109609,0,0
4109658,4,1
4109708,3,1
4109757,4,1
4109807,0,0
4109906,0,0
4110003,0,0
4110052,4,1
4110078,11,1
4110102,0,0
4110201,0,0
4110300,0,0
4110409,0,0
4110508,5,1
4110607,0,0
4110656,4,1
4110706,7,1
4110805,4,1
4110904,5,1
4110953,0,0
4111001,0,0
4111100,0,0
4111209,0,0
4111258,0,0
4111308,3,1
4111407,0,0
4111506,0,0
4111555,4,1
4111605,4,1
4111704,4,1
4111803,0,0
4111902,4,1
4112009,5,1
4112108,0,0
4112207,0,0
4112306,0,0
4112405,0,0
4112504,0,0
4112603,0,0
4112702,0,0
4112751,4,1
4112801,0,0
4112900,2,1
4112959,0,0
4113007,7,1
4113106,4,1
4113205,11,1
4113254,9,1
4113304,8,1
4113403,0,0
4113429,0,0
4113452,0,0
4113502,4,1
4113601,0,0
4113700,0,0
4113734,0,0
4113759,0,0
4113809,0,0
4113908,0,0
4114005,4,1
4114104,2,1
4114203,0,0
4114302,5,1
4114351,0,0
4114401,8,1
4114500,0,0
4114609,3,1
4114708,0,0
4114807,0,0
4114906,7,1
4115002,3,1
4115101,11,1
4115200,8,1
4115309,5,1
4115358,0,0
4115408,0,0
4115457,5,1
4115507,0,0
4115606,4,1
4115705,10,1
4115739,0,0
4115754,0,0
4115804,8,1
4115853,5,1
4115903,3,1
4116000,0,0
4116059,4,1
4116109,0,0
4116208,12,1
4116307,0,0
4116406,0,0
4116505,5,1
4116604,0,0
4116703,4,1
4116802,0,0
4116901,0,0
4116950,0,0
4117008,0,0
4117057,0,0
4117107,4,1
4117206,6,1
4117214,0,0
4117222,4,1
4117255,0,0
4117271,0,0
4117297,5,1
4117305,0,0
4117404,3,1
4117453,12,1
4117503,10,1
4117602,6,1
4117701,8,1
4117800,0,0
4117909,0,0
4118006,4,1
4118105,0,0
4118204,11,1
4118303,0,0
4118402,0,0
4118451,4,1
4118501,0,0
4118600,0,0
4118709,0,0
4118808,0,0
4118857,0,0
4118907,4,1
4119004,4,1
4119103,5,1
4119152,0,0
4119202,3,1
4119251,0,0
4119301,5,1
4119400,5,1
4119509,0,0
4119608,0,0
4119657,0,0
4119707,3,1
4119806,0,0
4119905,10,1
4119954,5,1
4120002,0,0
4120101,4,1
4120150,0,0
4120200,5,1
4120309,0,0
4120333,0,0
4120358,0,0
4120408,7,1
4120507,0,0
4120606,4,1
4120655,0,0
4120705,5,1
4120804,0,0
4120853,4,1
4120903,7,1
4121000,1,1
4121109,0,0
4121208,2,1
4121257,4,1
4121307,2,1
4121356,0,0
4121406,4,1
4121505,0,0
4121604,0,0
4121703,5,1
4121752,0,0
4121802,0,0
4121901,0,0
4122008,12,1
4122107,0,0
4122156,6,1
4122172,0,0
4122206,0,0
4122305,4,1
4122404,0,0
4122503,0,0
4122602,0,0
4122651,0,0
4122701,0,0
4122800,0,0
4122909,0,0
4123006,5,1
4123105,0,0
4123204,0,0
4123303,4,1
4123402,5,1
4123501,0,0
4123600,0,0
4123709,0,0
4123808,5,1
4123824,0,0
4123857,0,0
4123907,0,0
4123956,4,1
4124004,4,1
4124020,0,0
4124053,0,0
4124103,4,1
4124202,2,1
4124301,5,1
4124400,4,1
4124509,0,0
4124608,0,0
4124707,0,0
4124806,5,1
4124905,5,1
4125001,0,0
4125100,0,0
4125209,3,1
4125308,0,0
4125357,0,0
4125407,3,1
4125456,0,0
4125506,5,1
4125555,3,1
4125605,0,0
4125704,0,0
4125753,0,0
4125803,5,1
4125902,0,0
4126009,0,0
4126108,5,1
4126207,3,1
4126256,0,0
4126272,0,0
4126306,0,0
4126355,0,0
4126405,5,1
4126504,0,0
4126603,3,1
4126652,4,1
4126678,0,0
4126702,0,0
4126801,0,0
4126900,5,1
4127007,0,0
4127106,0,0
4127205,0,0
4127304,2,1
4127403,5,1
4127502,4,1
4127601,4,1
4127700,0,0
4127809,3,1
4127858,0,0
4127882,0,0
4127908,0,0
4127957,4,1
4127965,11,1
4128005,0,0
4128104,5,1
4128203,0,0
4128302,5,1
4128401,0,0
4128500,3,1
4128534,0,0
4128559,0,0
4128609,0,0
4128625,0,0
4128633,5,1
4128658,0,0
4128708,0,0
4128807,4,1
4200051,1,1
4200101,0,0
4200200,4,1
4200309,3,1
4200408,0,0
4200507,0,0
4200556,0,0
4200606,0,0
4200705,0,0
4200754,0,0
4200804,0,0
4200903,0,0
4201000,9,1
4201109,0,0
4201208,8,1
4201257,5,1
4201273,0,0
4201307,0,0
4201406,6,1
4201505,0,0
4201604,0,0
4201653,5,1
4201703,0,0
4201802,0,0
4201901,4,1
4201950,5,1
4202008,12,1
4202057,0,0
4202073,0,0
4202081,0,0
4202099,0,0
4202107,5,1
4202131,0,0
4202156,0,0
4202206,4,1
4202305,9,1
4202404,0,0
4202438,0,0
4202453,4,1
4202503,0,0
4202537,6,1
4202578,0,0
4202602,0,0
4202701,4,1
4202800,0,0
4202859,0,0
4202875,0,0
4202909,0,0
4203006,7,1
4203105,0,0
4203154,0,0
4203204,7,1
4203253,0,0
4203303,0,0
4203402,6,1
4203501,4,1
4203600,0,0
4203709,5,1
4203808,5,1
4203907,0,0
4203956,5,1
4204004,0,0
4204103,0,0
4204152,0,0
4204178,0,0
4204194,0,0
4204202,6,1
4204251,0,0
4204301,5,1
4204350,0,0
4204400,6,1
4204459,4,1
4204509,0,0
4204558,5,1
4204608,0,0
4204707,0,0
4204756,0,0
4204806,0,0
4204905,0,0
4205001,0,0
4205100,0,0
4205159,0,0
4205175,0,0
4205191,3,1
4205209,0,0
4205308,0,0
4205357,0,0
4205407,8,1
4205431,4,1
4205456,0,0
4205506,0,0
4205555,0,0
4205605,10,1
4205704,0,0
4205803,5,1
4205902,5,1
4206009,1,1
4206108,5,1
4206207,4,1
4206306,6,1
4206405,0,0
4206504,6,1
4206603,0,0
4206652,0,0
4206702,6,1
4206751,4,1
4206801,0,0
4206900,0,0
4207007,0,0
4207106,4,1
4207205,0,0
4207304,0,0
4207403,5,1
4207502,8,1
4207577,0,0
4207601,0,0
4207650,0,0
4207684,6,1
4207700,0,0
4207759,0,0
4207809,0,0
4207858,0,0
4207908,5,1
4208005,0,0
4208104,7,1
4208203,5,1
4208302,6,1
4208401,0,0
4208450,0,0
4208500,0,0
4208609,5,1
4208708,4,1
4208807,10,1
4208906,0,0
4208955,0,0
4209003,7,1
4209102,0,0
4209151,0,0
4209177,5,1
4209201,0,0
4209300,8,1
4209409,0,0
4209458,0,0
4209508,0,0
4209607,3,1
4209706,0,0
4209805,4,1
4209854,4,1
4209904,6,1
4210001,1,1
4210035,0,0
4210050,0,0
4210100,0,0
4210209,0,0
4210308,0,0
4210407,12,1
4210506,0,0
4210555,0,0
4210605,0,0
4210704,0,0
4210803,0,0
4210852,0,0
4210902,0,0
4211009,0,0
4211058,0,0
4211108,0,0
4211207,0,0
4211256,0,0
4211306,0,0
4211405,0,0
4211454,0,0
4211504,6,1
4211603,0,0
4211652,5,1
4211702,0,0
4211751,0,0
4211801,3,1
4211850,2,1
4211876,0,0
4211892,7,1
4211900,0,0
4212007,0,0
4212056,1,1
4212106,0,0
4212205,5,1
4212239,0,0
4212254,0,0
4212270,0,0
4212304,6,1
4212403,0,0
4212502,5,1
4212601,0,0
4212650,5,1
4212700,4,1
4212809,0,0
4212908,0,0
4213005,0,0
4213104,4,1
4213153,0,0
4213203,0,0
4213302,0,0
4213351,4,1
4213401,0,0
4213500,5,1
4213609,4,1
4213708,0,0
4213807,6,1
4213906,3,1
4214003,0,0
4214102,5,1
4214151,0,0
4214201,0,0
4214300,0,0
4214409,0,0
4214508,0,0
4214607,0,0
4214706,0,0
4214805,7,1
4214904,0,0
4215000,5,1
4215059,4,1
4215075,0,0
4215109,0,0
4215208,0,0
4215307,0,0
4215356,4,1
4215406,0,0
4215455,0,0
4215505,0,0
4215554,0,0
4215604,0,0
4215653,0,0
4215679,4,1
4215687,4,1
4215695,0,0
4215703,6,1
4215752,0,0
4215802,0,0
4215901,5,1
4216008,0,0
4216057,7,1
4216107,0,0
4216206,12,1
4216255,0,0
4216305,8,1
4216354,4,1
4216404,5,1
4216503,7,1
4216602,7,1
4216701,0,0
4216800,0,0
4216909,7,1
4217006,6,1
4217105,0,0
4217154,0,0
4217204,0,0
4217253,0,0
4217303,4,1
4217402,4,1
4217501,5,1
4217550,0,0
4217600,4,1
4217709,3,1
4217758,0,0
4217808,5,1
4217907,9,1
4217956,0,0
4218004,6,1
4218103,4,1
4218202,0,0
4218251,0,0
4218301,0,0
4218350,0,0
4218400,7,1
4218509,4,1
4218608,0,0
4218707,8,1
4218756,0,0
4218806,4,1
4218855,6,1
4218905,4,1
4218954,4,1
4219002,0,0
4219101,5,1
4219150,4,1
4219176,0,0
4219200,4,1
4219309,0,0
4219358,0,0
4219408,6,1
4219507,0,0
4219606,6,1
4219705,0,0
4219853,9,1
4220000,0,0
4300034,8,1
4300059,0,0
4300109,7,1
4300208,0,0
4300307,0,0
4300406,0,0
4300455,4,1
4300471,0,0
4300505,0,0
4300554,0,0
4300570,0,0
4300604,7,1
4300638,4,1
4300646,0,0
4300661,0,0
4300703,4,1
4300802,0,0
4300851,0,0
4300877,0,0
4300901,0,0
4301008,0,0
4301057,0,0
4301073,0,0
4301107,0,0
4301206,6,1
4301305,7,1
4301404,5,1
4301503,0,0
4301552,0,0
4301602,11,1
4301636,0,0
4301651,0,0
4301701,0,0
4301750,0,0
4301800,0,0
4301859,0,0
4301875,0,0
4301909,1,1
4301925,0,0
4301958,4,1
4302006,0,0
4302055,0,0
4302105,8,1
4302154,0,0
4302204,5,1
4302220,5,1
4302238,0,0
4302253,0,0
4302303,8,1
4302352,0,0
4302378,0,0
4302402,9,1
4302451,0,0
4302501,0,0
4302584,0,0
4302600,0,0
4302659,0,0
4302709,0,0
4302808,8,1
4302907,6,1
4303004,3,1
4303103,7,1
4303202,0,0
4303301,5,1
4303400,0,0
4303509,4,1
4303558,4,1
4303608,0,0
4303673,0,0
4303707,4,1
4303806,0,0
4303905,7,1
4304002,0,0
4304101,0,0
4304200,6,1
4304309,0,0
4304358,7,1
4304408,0,0
4304507,7,1
4304606,11,1
4304614,0,0
4304622,4,1
4304630,7,1
4304655,4,1
4304663,7,1
4304671,0,0
4304689,0,0
4304697,0,0
4304705,0,0
4304713,0,0
4304804,4,1
4304853,0,0
4304903,4,1
4304952,4,1
4305009,0,0
4305108,5,1
4305116,0,0
4305124,0,0
4305132,4,1
4305157,0,0
4305173,5,1
4305207,0,0
4305306,3,1
4305355,5,1
4305371,0,0
4305405,0,0
4305439,6,1
4305447,0,0
4305454,0,0
4305504,0,0
4305587,0,0
4305603,6,1
4305702,5,1
4305801,0,0
4305835,0,0
4305850,3,1
4305871,0,0
4305900,0,0
4305934,0,0
4305959,0,0
4305975,4,1
4306007,0,0
4306056,0,0
4306072,0,0
4306106,9,1
4306130,0,0
4306205,0,0
4306304,5,1
4306320,0,0
4306353,4,1
4306379,0,0
4306403,0,0
4306429,0,0
4306452,4,1
4306502,4,1
4306551,3,1
4306601,4,1
4306700,0,0
4306734,0,0
4306759,0,0
4306767,0,0
4306809,7,1
4306908,5,1
4306924,4,1
4306932,0,0
4306957,0,0
4306973,0,0
4307005,0,0
4307054,4,1
4307104,3,1
4307203,0,0
4307302,0,0
4307401,1,1
4307450,0,0
4307500,0,0
4307559,0,0
4307609,0,0
4307708,8,1
4307807,0,0
4307815,0,0
4307831,0,0
4307864,0,0
4307906,0,0
4308003,0,0
4308052,0,0
4308078,0,0
4308102,0,0
4308201,5,1
4308250,0,0
4308300,5,1
4308409,0,0
4308433,0,0
4308458,0,0
4308508,0,0
4308607,7,1
4308656,0,0
4308706,0,0
4308805,10,1
4308854,5,1
4308904,0,0
4309001,4,1
4309050,0,0
4309100,6,1
4309126,0,0
4309159,0,0
4309209,8,1
4309258,0,0
4309308,2,1
4309407,5,1
4309506,4,1
4309555,4,1
4309571,0,0
4309605,7,1
4309654,3,1
4309704,0,0
4309753,0,0
4309803,0,0
4309902,6,1
4309951,4,1
4310009,0,0
4310108,0,0
4310207,0,0
4310306,0,0
4310330,6,1
4310363,0,0
4310405,4,1
4310413,0,0
4310439,0,0
4310462,0,0
4310504,5,1
4310538,0,0
4310553,4,1
4310579,0,0
4310603,0,0
4310652,5,1
4310702,0,0
4310751,0,0
4310801,4,1
4310850,4,1
4310876,8,1
4310900,0,0
4311007,0,0
4311106,0,0
4311122,0,0
4311130,0,0
4311155,0,0
4311205,0,0
4311239,0,0
4311254,0,0
4311270,0,0
4311304,0,0
4311403,8,1
4311429,4,1
4311502,5,1
4311601,6,1
4311627,0,0
4311643,0,0
4311700,0,0
4311718,0,0
4311734,4,1
4311759,6,1
4311775,0,0
4311791,5,1
4311809,5,1
4311908,0,0
4311981,0,0
4312005,0,0
4312054,0,0
4312104,0,0
4312138,5,1
4312153,4,1
4312179,0,0
4312203,0,0
4312252,3,1
4312302,4,1
4312351,0,0
4312377,4,1
4312385,3,1
4312401,6,1
4312427,4,1
4312443,0,0
4312450,3,1
4312476,0,0
4312500,0,0
4312609,0,0
4312617,0,0
4312625,5,1
4312658,0,0
4312674,5,1
4312708,0,0
4312757,0,0
4312807,0,0
4312906,0,0
4312955,0,0
4313003,0,0
4313011,4,1
4313037,0,0
4313060,0,0
4313086,0,0
4313102,7,1
4313201,0,0
4313300,0,0
4313334,0,0
4313359,4,1
4313375,2,1
4313391,4,1
4313409,10,1
4313425,0,0
4313441,0,0
4313466,0,0
4313490,5,1
4313508,7,1
4313607,5,1
4313656,7,1
4313706,6,1
4313805,4,1
4313904,4,1
4313953,9,1
4314001,0,0
4314027,4,1
4314035,0,0
4314050,0,0
4314068,0,0
4314076,0,0
4314100,11,1
4314134,0,0
4314159,0,0
4314175,0,0
4314209,0,0
4314308,4,1
4314407,11,1
4314423,4,1
4314456,0,0
4314464,0,0
4314472,7,1
4314498,0,0
4314506,0,0
4314548,1,1
4314555,4,1
4314605,0,0
4314704,5,1
4314753,5,1
4314779,4,1
4314787,0,0
4314803,8,1
4314902,10,1
4315008,0,0
4315057,4,1
4315073,0,0
4315107,0,0
4315131,4,1
4315149,0,0
4315156,4,1
4315172,0,0
4315206,4,1
4315305,0,0
4315313,0,0
4315321,0,0
4315354,0,0
4315404,0,0
4315453,5,1
4315503,0,0
4315552,0,0
4315602,12,1
4315701,0,0
4315750,0,0
4315800,0,0
4315909,0,0
4315958,2,1
4316006,0,0
4316105,0,0
4316204,12,1
4316303,4,1
4316402,12,1
4316428,4,1
4316436,0,0
4316451,6,1
4316477,0,0
4316501,0,0
4316600,0,0
4316709,5,1
4316733,4,1
4316758,0,0
4316808,6,1
4316907,8,1
4316956,0,0
4316972,4,1
4317004,3,1
4317103,7,1
4317202,6,1
4317251,4,1
4317301,5,1
4317400,9,1
4317509,10,1
4317558,4,1
4317608,5,1
4317707,0,0
4317756,0,0
4317806,0,0
4317905,0,0
4317954,0,0
4318002,6,1
4318051,4,1
4318101,0,0
4318200,4,1
4318309,2,1
4318408,0,0
4318424,0,0
4318432,0,0
4318440,0,0
4318457,4,1
4318465,4,1
4318481,0,0
4318499,4,1
4318507,0,0
4318606,0,0
4318614,0,0
4318622,3,1
4318705,7,1
4318804,0,0
4318903,0,0
4319000,0,0
4319109,0,0
4319125,4,1
4319158,0,0
4319208,1,1
4319307,5,1
4319356,0,0
4319364,0,0
4319372,0,0
4319406,0,0
4319505,0,0
4319604,4,1
4319703,0,0
4319711,7,1
4319737,0,0
4319752,0,0
4319802,0,0
4319901,0,0
4320008,3,1
4320107,0,0
4320206,0,0
4320230,0,0
4320263,0,0
4320305,0,0
4320321,4,1
4320354,0,0
4320404,0,0
4320453,0,0
4320503,7,1
4320552,0,0
4320578,5,1
4320602,0,0
4320651,0,0
4320677,6,1
4320701,0,0
4320800,5,1
4320859,0,0
4320909,0,0
4321006,0,0
4321105,3,1
4321204,0,0
4321303,0,0
4321329,0,0
4321352,0,0
4321402,7,1
4321436,0,0
4321451,0,0
4321469,4,1
4321477,0,0
4321493,4,1
4321501,9,1
4321600,7,1
4321626,0,0
4321634,0,0
4321667,0,0
4321709,0,0
4321808,5,1
4321832,0,0
4321857,0,0
4321907,6,1
4321956,0,0
4322004,0,0
4322103,0,0
4322152,0,0
4322186,0,0
4322202,4,1
4322251,0,0
4322301,0,0
4322327,0,0
4322343,6,1
4322350,7,1
4322376,4,1
4322400,10,1
4322509,0,0
4322525,0,0
4322533,0,0
4322541,0,0
4322558,4,1
4322608,9,1
4322707,0,0
4322806,0,0
4322855,4,1
4322905,0,0
4323002,9,1
4323101,0,0
4323200,4,1
4323309,0,0
4323358,0,0
4323408,6,1
4323457,5,1
4323507,0,0
4323606,0,0
4323705,0,0
4323754,0,0
4323770,0,0
4323804,3,1
5000203,0,0
5000252,0,0
5000609,0,0
5000708,0,0
5000807,0,0
5000856,0,0
5000906,6,1
5001003,0,0
5001102,0,0
5001243,0,0
5001508,0,0
5001904,7,1
5002001,0,0
5002100,0,0
5002159,0,0
5002209,0,0
5002308,0,0
5002407,0,0
5002605,0,0
5002704,11,1
5002803,9,1
5002902,0,0
5002951,0,0
5003108,0,0
5003157,0,0
5003207,10,1
5003256,0,0
5003306,0,0
5003454,0,0
5003488,0,0
5003504,0,0
5003702,0,0
5003751,0,0
5003801,0,0
5003900,0,0
5004007,0,0
5004106,9,1
5004304,0,0
5004403,0,0
5004502,0,0
5004601,0,0
5004700,0,0
5004809,0,0
5004908,0,0
5005004,9,1
5005103,0,0
5005152,0,0
5005202,7,1
5005251,0,0
5005400,0,0
5005608,0,0
5005681,0,0
5005707,0,0
5005806,0,0
5006002,0,0
5006200,0,0
5006259,0,0
5006275,0,0
5006309,0,0
5006358,0,0
5006408,10,1
5006606,0,0
5006903,9,1
5007109,0,0
5007208,0,0
5007307,0,0
5007406,0,0
5007505,0,0
5007554,6,1
5007695,0,0
5007703,0,0
5007802,0,0
5007901,0,0
5007935,0,0
5007950,0,0
5007976,0,0
5008008,7,1
5008305,0,0
5008404,0,0
5100102,4,1
5100201,0,0
5100250,5,1
5100300,4,1
5100359,3,1
5100409,5,1
5100508,3,1
5100607,5,1
5100805,5,1
5101001,5,1
5101209,4,1
5101258,0,0
5101308,0,0
5101407,12,1
5101605,9,1
5101704,7,1
5101803,11,1
5101852,7,1
5101902,8,1
5102504,0,0
5102603,0,0
5102637,5,1
5102678,7,1
5102686,3,1
5102694,5,1
5102702,5,1
5102793,4,1
5102850,0,0
5103007,3,1
5103056,0,0
5103106,7,1
5103205,5,1
5103254,0,0
5103304,4,1
5103353,6,1
5103361,3,1
5103379,3,1
5103403,12,1
5103437,0,0
5103452,0,0
5103502,4,1
5103601,3,1
5103700,5,1
5103809,3,1
5103858,4,1
5103908,6,1
5103957,0,0
5104104,0,0
5104203,0,0
5104500,0,0
5104526,2,1
5104542,0,0
5104559,3,1
5104609,3,1
5104807,4,1
5104906,3,1
5105002,2,1
5105101,3,1
5105150,3,1
5105176,3,1
5105200,0,0
5105234,5,1
5105259,5,1
5105309,4,1
5105507,6,1
5105580,4,1
5105606,2,1
5105622,3,1
5105903,4,1
5106000,0,0
5106109,5,1
5106158,3,1
5106174,1,1
5106182,3,1
5106190,0,0
5106208,3,1
5106216,4,1
5106224,7,1
5106232,3,1
5106240,7,1
5106257,3,1
5106265,2,1
5106273,3,1
5106281,5,1
5106299,5,1
5106307,4,1
5106315,1,1
5106372,3,1
5106422,3,1
5106455,5,1
5106505,3,1
5106653,4,1
5106703,4,1
5106752,3,1
5106778,6,1
5106802,3,1
5106828,5,1
5106851,0,0
5107008,7,1
5107040,12,1
5107065,6,1
5107107,4,1
5107156,4,1
5107180,3,1
5107198,4,1
5107206,3,1
5107248,3,1
5107263,2,1
5107297,3,1
5107305,4,1
5107354,6,1
5107404,3,1
5107578,3,1
5107602,10,1
5107701,4,1
5107743,4,1
5107750,3,1
5107768,3,1
5107776,5,1
5107792,3,1
5107800,6,1
5107859,4,1
5107875,4,1
5107883,4,1
5107909,3,1
5107925,3,1
5107941,0,0
5107958,3,1
5108006,3,1
5108055,0,0
5108105,4,1
5108204,5,1
5108303,3,1
5108352,4,1
5108402,9,1
5108501,3,1
5108600,6,1
5108808,4,1
5108857,5,1
5108907,3,1
5108956,4,1
5200050,0,0
5200100,0,0
5200134,0,0
5200159,0,0
5200175,0,0
5200209,4,1
5200258,5,1
5200308,0,0
5200506,0,0
5200555,0,0
5200605,0,0
5200803,7,1
5200829,0,0
5200852,5,1
5200902,0,0
5201108,0,0
5201207,0,0
5201306,6,1
5201405,11,1
5201454,0,0
5201504,0,0
5201603,0,0
5201702,0,0
5201801,12,1
5202155,0,0
5202353,0,0
5202502,0,0
5202601,0,0
5202809,0,0
5203104,0,0
5203203,7,1
5203302,5,1
5203401,0,0
5203500,3,1
5203559,0,0
5203575,8,1
5203609,0,0
5203807,0,0
5203906,7,1
5203939,0,0
5203962,4,1
5204003,7,1
5204102,0,0
5204201,0,0
5204250,0,0
5204300,0,0
5204409,0,0
5204508,8,1
5204557,0,0
5204607,0,0
5204656,0,0
5204706,0,0
5204805,0,0
5204854,0,0
5204904,0,0
5204953,0,0
5205000,0,0
5205059,0,0
5205109,0,0
5205208,0,0
5205307,4,1
5205406,4,1
5205455,0,0
5205471,0,0
5205497,0,0
5205513,0,0
5205521,0,0
5205703,0,0
5205802,6,1
5205901,0,0
5206206,0,0
5206305,6,1
5206404,0,0
5206503,6,1
5206602,0,0
5206701,0,0
5206800,0,0
5206909,0,0
5207105,0,0
5207253,0,0
5207352,4,1
5207402,0,0
5207501,0,0
5207535,0,0
5207600,0,0
5207808,0,0
5207907,0,0
5208004,0,0
5208103,0,0
5208152,4,1
5208301,8,1
5208400,0,0
5208509,0,0
5208608,2,1
5208707,11,1
5208806,0,0
5208905,12,1
5209101,0,0
5209150,0,0
5209200,0,0
5209291,5,1
5209408,0,0
5209457,4,1
5209606,0,0
5209705,7,1
5209804,0,0
5209903,0,0
5209937,0,0
5209952,4,1
5210000,0,0
5210109,0,0
5210158,0,0
5210208,0,0
5210307,0,0
5210406,5,1
5210562,0,0
5210604,0,0
5210802,0,0
5210901,6,1
5211008,0,0
5211206,5,1
5211305,0,0
5211404,0,0
5211503,10,1
5211602,0,0
5211701,0,0
5211800,4,1
5211909,0,0
5212006,0,0
5212055,5,1
5212105,0,0
5212204,3,1
5212253,0,0
5212303,4,1
5212501,0,0
5212600,5,1
5212709,0,0
5212808,0,0
5212907,3,1
5212956,8,1
5213004,0,0
5213053,5,1
5213087,10,1
5213103,0,0
5213400,0,0
5213509,6,1
5213707,0,0
5213756,0,0
5213772,0,0
5213806,8,1
5213855,4,1
5213905,0,0
5214002,7,1
5214051,0,0
5214101,4,1
5214408,0,0
5214507,0,0
5214606,0,0
5214705,8,1
5214804,0,0
5214838,0,0
5214861,0,0
5214879,0,0
5214903,10,1
5215009,0,0
5215207,0,0
5215231,0,0
5215256,0,0
5215306,5,1
5215405,0,0
5215504,0,0
5215603,0,0
5215652,0,0
5215702,6,1
5215801,0,0
5215900,0,0
5216007,0,0
5216304,0,0
5216403,0,0
5216452,0,0
5216809,0,0
5216908,3,1
5217104,11,1
5217203,0,0
5217302,0,0
5217401,4,1
5217609,0,0
5217708,5,1
5218003,0,0
5218052,0,0
5218102,0,0
5218300,7,1
5218391,4,1
5218508,0,0
5218607,0,0
5218706,0,0
5218789,4,1
5218805,0,0
5218904,0,0
5219001,0,0
5219100,2,1
5219209,4,1
5219258,3,1
5219308,0,0
5219357,0,0
5219407,0,0
5219456,0,0
5219506,0,0
5219605,5,1
5219704,0,0
5219712,0,0
5219738,6,1
5219753,0,0
5219803,0,0
5219902,0,0
5220009,0,0
5220058,0,0
5220108,0,0
5220157,0,0
5220207,0,0
5220264,11,1
5220280,0,0
5220405,4,1
5220454,6,1
5220504,0,0
5220603,5,1
5220686,5,1
5220702,0,0
5221007,6,1
5221080,0,0
5221197,0,0
5221304,0,0
5221403,7,1
5221452,0,0
5221502,0,0
5221551,0,0
5221577,0,0
5221601,0,0
5221700,4,1
5221809,4,1
5221858,6,1
5221908,0,0
5222005,6,1
5222054,0,0
5222203,0,0
5222302,0,0
5300108,11,1
