cod_municipio,n_eventos,pelo_menos_um_evento
1100015,3,1
1100023,9,1
1100031,3,1
1100049,6,1
1100056,4,1
1100064,4,1
1100072,3,1
1100080,2,1
1100098,7,1
1100106,3,1
1100114,3,1
1100122,7,1
1100130,3,1
1100148,4,1
1100155,3,1
1100189,7,1
1100205,9,1
1100254,6,1
1100262,6,1
1100288,6,1
1100296,1,1
1100304,9,1
1100320,3,1
1100338,7,1
1100346,2,1
1100379,3,1
1100403,2,1
1100452,2,1
1100502,2,1
1100601,3,1
1100700,3,1
1100809,3,1
1100908,1,1
1100924,4,1
1100940,1,1
1101005,1,1
1101104,3,1
1101203,1,1
1101302,2,1
1101401,3,1
1101435,1,1
1101450,1,1
1101468,2,1
1101476,2,1
1101484,2,1
1101492,1,1
1101500,4,1
1101559,3,1
1101609,2,1
1101708,2,1
1101757,2,1
1101807,2,1
1200013,3,1
1200054,6,1
1200104,5,1
1200138,0,0
1200179,7,1
1200203,11,1
1200252,5,1
1200302,4,1
1200328,2,1
1200336,7,1
1200344,3,1
1200351,6,1
1200385,6,1
1200393,4,1
1200401,14,1
1200427,2,1
1200435,2,1
1200450,2,1
1200500,6,1
1200609,6,1
1200708,5,1
1200807,5,1
1300029,5,1
1300060,2,1
1300086,3,1
1300102,1,1
1300144,2,1
1300201,4,1
1300300,2,1
1300409,4,1
1300508,2,1
1300607,8,1
1300631,4,1
1300680,3,1
1300706,4,1
1300805,6,1
1300839,7,1
1300904,4,1
1301001,4,1
1301100,5,1
1301159,3,1
1301209,4,1
1301308,6,1
1301407,2,1
1301506,3,1
1301605,9,1
1301654,3,1
1301704,4,1
1301803,7,1
1301852,3,1
1301902,11,1
1301951,2,1
1302009,1,1
1302108,7,1
1302207,4,1
1302306,2,1
1302405,3,1
1302504,4,1
1302553,5,1
1302603,13,1
1302702,2,1
1302801,6,1
1302900,7,1
1303007,4,1
1303106,7,1
1303205,5,1
1303304,7,1
1303403,8,1
1303502,5,1
1303536,8,1
1303569,4,1
1303601,4,1
1303700,5,1
1303809,2,1
1303908,4,1
1303957,3,1
1304005,7,1
1304062,3,1
1304104,3,1
1304203,5,1
1304237,1,1
1304260,3,1
1304302,4,1
1304401,3,1
1400027,2,1
1400050,2,1
1400100,13,1
1400159,2,1
1400175,2,1
1400209,8,1
1400233,3,1
1400282,2,1
1400308,7,1
1400407,0,0
1400456,5,1
1400472,2,1
1400506,3,1
1400605,3,1
1400704,1,1
1500107,9,1
1500131,2,1
1500206,7,1
1500305,8,1
1500347,2,1
1500404,2,1
1500503,4,1
1500602,5,1
1500701,4,1
1500800,8,1
1500859,2,1
1500909,8,1
1500958,2,1
1501006,5,1
1501105,3,1
1501204,2,1
1501253,1,1
1501303,5,1
1501402,13,1
1501451,1,1
1501501,3,1
1501576,4,1
1501600,2,1
1501709,8,1
1501725,4,1
1501758,1,1
1501782,6,1
1501808,9,1
1501907,5,1
1501956,3,1
1502004,8,1
1502103,8,1
1502152,7,1
1502202,9,1
1502301,6,1
1502400,11,1
1502509,3,1
1502608,4,1
1502707,5,1
1502756,4,1
1502764,2,1
1502772,5,1
1502806,5,1
1502855,4,1
1502905,6,1
1502939,5,1
1502954,3,1
1503002,5,1
1503044,2,1
1503077,3,1
1503093,3,1
1503101,6,1
1503200,5,1
1503309,11,1
1503408,3,1
1503457,5,1
1503507,7,1
1503606,6,1
1503705,7,1
1503754,2,1
1503804,9,1
1503903,7,1
1504000,6,1
1504059,2,1
1504109,2,1
1504208,13,1
1504307,5,1
1504406,6,1
1504422,7,1
1504455,2,1
1504505,2,1
1504604,4,1
1504703,8,1
1504752,2,1
1504802,2,1
1504901,4,1
1504950,5,1
1504976,1,1
1505007,6,1
1505031,4,1
1505064,8,1
1505106,10,1
1505205,5,1
1505304,6,1
1505403,5,1
1505437,3,1
1505486,3,1
1505494,3,1
1505502,9,1
1505536,9,1
1505551,2,1
1505601,2,1
1505635,4,1
1505650,2,1
1505700,9,1
1505809,3,1
1505908,0,0
1506005,3,1
1506104,6,1
1506112,5,1
1506138,3,1
1506161,3,1
1506187,5,1
1506195,3,1
1506203,5,1
1506302,5,1
1506351,5,1
1506401,4,1
1506500,4,1
1506559,1,1
1506583,6,1
1506609,2,1
1506708,5,1
1506807,7,1
1506906,5,1
1507003,3,1
1507102,5,1
1507151,4,1
1507201,4,1
1507300,4,1
1507409,4,1
1507458,3,1
1507466,1,1
1507474,8,1
1507508,2,1
1507607,3,1
1507706,2,1
1507755,5,1
1507805,1,1
1507904,7,1
1507953,7,1
1507961,3,1
1507979,6,1
1508001,6,1
1508035,3,1
1508050,2,1
1508084,6,1
1508100,7,1
1508126,3,1
1508159,1,1
1508209,6,1
1508308,5,1
1508357,4,1
1508407,4,1
1600055,3,1
1600105,3,1
1600154,6,1
1600204,4,1
1600212,2,1
1600238,6,1
1600253,3,1
1600279,7,1
1600303,13,1
1600402,4,1
1600501,6,1
1600535,4,1
1600550,2,1
1600600,12,1
1600709,3,1
1600808,3,1
1700251,2,1
1700301,2,1
1700350,3,1
1700400,6,1
1700707,2,1
1701002,3,1
1701051,3,1
1701101,5,1
1701309,2,1
1701903,3,1
1702000,3,1
1702109,11,1
1702158,2,1
1702208,4,1
1702307,1,1
1702406,5,1
1702554,3,1
1702703,3,1
1702901,4,1
1703008,3,1
1703057,1,1
1703073,3,1
1703107,2,1
1703206,3,1
1703305,2,1
1703602,2,1
1703701,4,1
1703800,3,1
1703826,2,1
1703842,2,1
1703867,2,1
1703883,2,1
1703891,2,1
1703909,3,1
1704105,1,1
1704600,2,1
1705102,3,1
1705508,5,1
1705557,3,1
1705607,6,1
1706001,6,1
1706100,2,1
1706258,2,1
1706506,1,1
1707009,7,1
1707108,2,1
1707207,3,1
1707306,6,1
1707405,3,1
1707553,1,1
1707652,1,1
1707702,3,1
1708205,3,1
1708254,4,1
1708304,2,1
1709005,5,1
1709302,3,1
1709500,12,1
1709807,1,1
1710508,2,1
1710706,2,1
1710904,1,1
1711100,3,1
1711506,5,1
1711803,0,0
1711902,2,1
1711951,3,1
1712009,7,1
1712157,3,1
1712405,4,1
1712454,2,1
1712504,1,1
1712702,3,1
1712801,3,1
1713205,5,1
1713304,1,1
1713601,1,1
1713700,1,1
1713809,2,1
1713957,3,1
1714203,8,1
1714302,2,1
1714880,3,1
1715002,3,1
1715101,5,1
1715150,4,1
1715259,4,1
1715507,1,1
1715705,2,1
1715754,2,1
1716109,6,1
1716208,4,1
1716307,2,1
1716505,9,1
1716604,6,1
1716653,4,1
1716703,3,1
1717008,2,1
1717206,1,1
1717503,5,1
1717800,4,1
1717909,2,1
1718006,5,1
1718204,9,1
1718303,3,1
1718402,2,1
1718451,3,1
1718501,3,1
1718550,2,1
1718659,4,1
1718709,1,1
1718758,2,1
1718808,2,1
1718840,3,1
1718865,1,1
1718881,2,1
1718899,4,1
1718907,2,1
1719004,3,1
1720002,2,1
1720101,2,1
1720150,2,1
1720200,4,1
1720259,2,1
1720309,2,1
1720499,6,1
1720655,3,1
1720804,2,1
1720853,2,1
1720903,5,1
1720937,3,1
1720978,3,1
1721000,11,1
1721109,2,1
1721208,2,1
1721257,4,1
1721307,3,1
1722081,4,1
1722107,2,1
2100055,4,1
2100105,5,1
2100154,3,1
2100204,5,1
2100303,4,1
2100402,3,1
2100436,6,1
2100477,8,1
2100501,6,1
2100550,3,1
2100600,5,1
2100709,6,1
2100808,7,1
2100832,3,1
2100873,2,1
2100907,2,1
2100956,4,1
2101004,4,1
2101103,4,1
2101202,6,1
2101251,5,1
2101301,4,1
2101350,2,1
2101400,8,1
2101509,4,1
2101608,9,1
2101707,5,1
2101731,1,1
2101772,4,1
2101806,0,0
2101905,6,1
2101939,2,1
2101970,5,1
2102002,5,1
2102036,5,1
2102077,5,1
2102101,3,1
2102150,4,1
2102200,7,1
2102309,8,1
2102325,5,1
2102358,4,1
2102374,2,1
2102408,6,1
2102507,1,1
2102556,3,1
2102606,3,1
2102705,4,1
2102754,3,1
2102804,6,1
2102903,8,1
2103000,10,1
2103109,4,1
2103125,2,1
2103158,2,1
2103174,5,1
2103208,3,1
2103257,2,1
2103307,9,1
2103406,6,1
2103505,6,1
2103554,1,1
2103604,4,1
2103703,2,1
2103752,5,1
2103802,1,1
2103901,3,1
2104008,4,1
2104057,4,1
2104073,3,1
2104081,6,1
2104099,2,1
2104107,3,1
2104206,1,1
2104305,1,1
2104404,4,1
2104503,2,1
2104552,4,1
2104602,4,1
2104628,1,1
2104651,5,1
2104677,4,1
2104701,6,1
2104800,6,1
2104909,5,1
2105005,7,1
2105104,6,1
2105153,4,1
2105203,1,1
2105302,12,1
2105351,2,1
2105401,5,1
2105427,5,1
2105450,2,1
2105476,2,1
2105500,7,1
2105609,4,1
2105658,0,0
2105708,5,1
2105807,4,1
2105906,2,1
2105922,2,1
2105948,2,1
2105963,4,1
2105989,2,1
2106003,4,1
2106102,3,1
2106201,3,1
2106300,3,1
2106326,4,1
2106359,0,0
2106375,5,1
2106409,3,1
2106508,4,1
2106607,2,1
2106631,4,1
2106672,1,1
2106706,4,1
2106755,6,1
2106805,5,1
2106904,4,1
2107001,3,1
2107100,4,1
2107209,4,1
2107258,4,1
2107308,3,1
2107357,7,1
2107407,4,1
2107456,3,1
2107506,4,1
2107605,0,0
2107704,2,1
2107803,4,1
2107902,6,1
2108009,3,1
2108058,6,1
2108108,4,1
2108207,6,1
2108256,3,1
2108306,4,1
2108405,4,1
2108454,4,1
2108504,9,1
2108603,10,1
2108702,3,1
2108801,5,1
2108900,3,1
2109007,4,1
2109056,3,1
2109106,2,1
2109205,3,1
2109239,2,1
2109270,1,1
2109304,3,1
2109403,4,1
2109452,6,1
2109502,3,1
2109551,1,1
2109601,3,1
2109700,6,1
2109759,3,1
2109809,3,1
2109908,5,1
2110005,6,1
2110039,2,1
2110104,4,1
2110203,3,1
2110237,2,1
2110278,3,1
2110302,2,1
2110401,3,1
2110500,5,1
2110609,2,1
2110658,2,1
2110708,3,1
2110807,3,1
2110856,4,1
2110906,5,1
2111003,2,1
2111029,3,1
2111052,2,1
2111078,6,1
2111102,7,1
2111201,8,1
2111250,5,1
2111300,7,1
2111409,6,1
2111508,6,1
2111532,5,1
2111573,4,1
2111607,5,1
2111631,1,1
2111672,2,1
2111706,4,1
2111722,1,1
2111748,2,1
2111763,3,1
2111789,4,1
2111805,5,1
2111904,3,1
2111953,2,1
2112001,1,1
2112100,2,1
2112209,5,1
2112233,7,1
2112274,3,1
2112308,6,1
2112407,4,1
2112456,3,1
2112506,3,1
2112605,7,1
2112704,6,1
2112803,3,1
2112852,1,1
2112902,7,1
2113009,5,1
2114007,4,1
2200053,2,1
2200103,1,1
2200202,8,1
2200251,6,1
2200277,4,1
2200301,3,1
2200400,7,1
2200459,6,1
2200509,7,1
2200608,2,1
2200707,1,1
2200806,4,1
2200905,5,1
2200954,2,1
2201002,3,1
2201051,3,1
2201101,3,1
2201150,2,1
2201176,2,1
2201200,6,1
2201309,3,1
2201408,1,1
2201507,4,1
2201556,3,1
2201572,3,1
2201606,7,1
2201705,1,1
2201739,3,1
2201770,5,1
2201804,3,1
2201903,9,1
2201919,2,1
2201929,2,1
2201945,2,1
2201960,5,1
2201988,2,1
2202000,3,1
2202026,4,1
2202059,3,1
2202075,4,1
2202083,2,1
2202091,2,1
2202109,3,1
2202117,4,1
2202133,3,1
2202174,2,1
2202208,7,1
2202251,0,0
2202307,5,1
2202406,2,1
2202455,2,1
2202505,2,1
2202539,2,1
2202554,4,1
2202604,6,1
2202653,4,1
2202703,7,1
2202711,6,1
2202729,4,1
2202737,3,1
2202752,2,1
2202778,2,1
2202802,6,1
2202851,3,1
2202901,7,1
2203008,2,1
2203107,4,1
2203206,1,1
2203230,2,1
2203255,0,0
2203271,4,1
2203305,2,1
2203354,1,1
2203404,3,1
2203420,3,1
2203453,2,1
2203503,2,1
2203602,5,1
2203701,5,1
2203750,2,1
2203800,2,1
2203859,1,1
2203909,9,1
2204006,1,1
2204105,4,1
2204154,5,1
2204204,3,1
2204303,5,1
2204352,3,1
2204402,2,1
2204501,8,1
2204550,1,1
2204600,2,1
2204659,7,1
2204709,5,1
2204808,7,1
2204907,2,1
2205003,2,1
2205102,3,1
2205151,2,1
2205201,5,1
2205250,0,0
2205276,3,1
2205300,5,1
2205359,2,1
2205409,1,1
2205458,2,1
2205508,9,1
2205516,7,1
2205524,1,1
2205532,5,1
2205540,2,1
2205557,2,1
2205565,2,1
2205573,5,1
2205581,4,1
2205599,4,1
2205607,1,1
2205706,5,1
2205805,3,1
2205854,3,1
2205904,3,1
2205953,5,1
2206001,3,1
2206050,3,1
2206100,2,1
2206209,7,1
2206308,1,1
2206357,2,1
2206407,3,1
2206506,5,1
2206605,2,1
2206654,2,1
2206670,2,1
2206696,5,1
2206704,1,1
2206720,1,1
2206753,5,1
2206803,1,1
2206902,2,1
2206951,2,1
2207009,10,1
2207108,2,1
2207207,4,1
2207306,3,1
2207355,1,1
2207405,2,1
2207504,8,1
2207553,4,1
2207603,6,1
2207702,13,1
2207751,3,1
2207777,4,1
2207793,2,1
2207801,6,1
2207850,1,1
2207900,10,1
2207934,2,1
2207959,2,1
2208007,14,1
2208106,3,1
2208205,6,1
2208304,8,1
2208403,9,1
2208502,6,1
2208551,2,1
2208601,1,1
2208650,5,1
2208700,3,1
2208809,5,1
2208858,1,1
2208874,2,1
2208908,4,1
2209005,2,1
2209104,4,1
2209153,4,1
2209203,2,1
2209302,3,1
2209351,2,1
2209377,2,1
2209401,4,1
2209450,2,1
2209500,3,1
2209559,3,1
2209609,2,1
2209658,0,0
2209708,3,1
2209757,4,1
2209807,2,1
2209856,5,1
2209872,2,1
2209906,3,1
2209955,6,1
2209971,5,1
2210003,8,1
2210052,2,1
2210102,1,1
2210201,2,1
2210300,6,1
2210359,5,1
2210375,1,1
2210383,2,1
2210391,1,1
2210409,3,1
2210508,2,1
2210607,7,1
2210623,2,1
2210631,1,1
2210656,2,1
2210706,4,1
2210805,4,1
2210904,2,1
2210938,2,1
2210953,2,1
2210979,2,1
2211001,11,1
2211100,6,1
2211209,10,1
2211308,5,1
2211357,2,1
2211407,2,1
2211506,2,1
2211605,5,1
2211704,2,1
2300101,3,1
2300150,3,1
2300200,9,1
2300309,5,1
2300408,5,1
2300507,3,1
2300606,7,1
2300705,4,1
2300754,4,1
2300804,4,1
2300903,3,1
2301000,7,1
2301109,11,1
2301208,3,1
2301257,2,1
2301307,4,1
2301406,6,1
2301505,6,1
2301604,5,1
2301703,5,1
2301802,5,1
2301851,5,1
2301901,10,1
2301950,4,1
2302008,9,1
2302057,4,1
2302107,8,1
2302206,6,1
2302305,5,1
2302404,7,1
2302503,10,1
2302602,6,1
2302701,12,1
2302800,9,1
2302909,8,1
2303006,4,1
2303105,4,1
2303204,8,1
2303303,2,1
2303402,7,1
2303501,12,1
2303600,4,1
2303659,5,1
2303709,12,1
2303808,3,1
2303907,4,1
2303931,3,1
2303956,7,1
2304004,3,1
2304103,6,1
2304202,8,1
2304236,5,1
2304251,7,1
2304269,6,1
2304277,4,1
2304285,9,1
2304301,7,1
2304350,5,1
2304400,14,1
2304459,5,1
2304509,2,1
2304608,8,1
2304657,2,1
2304707,3,1
2304806,5,1
2304905,8,1
2304954,9,1
2305001,6,1
2305100,10,1
2305209,8,1
2305233,10,1
2305266,3,1
2305308,6,1
2305332,4,1
2305357,9,1
2305407,6,1
2305506,5,1
2305605,7,1
2305654,5,1
2305704,2,1
2305803,4,1
2305902,5,1
2306009,3,1
2306108,6,1
2306207,3,1
2306256,4,1
2306306,7,1
2306405,8,1
2306504,7,1
2306553,6,1
2306603,4,1
2306702,9,1
2306801,8,1
2306900,6,1
2307007,5,1
2307106,6,1
2307205,3,1
2307254,7,1
2307304,9,1
2307403,2,1
2307502,5,1
2307601,12,1
2307635,6,1
2307650,8,1
2307700,10,1
2307809,4,1
2307908,3,1
2308005,5,1
2308104,5,1
2308203,8,1
2308302,3,1
2308351,5,1
2308377,2,1
2308401,5,1
2308500,6,1
2308609,4,1
2308708,7,1
2308807,2,1
2308906,2,1
2309003,3,1
2309102,3,1
2309201,8,1
2309300,9,1
2309409,6,1
2309458,4,1
2309508,6,1
2309607,6,1
2309706,7,1
2309805,6,1
2309904,5,1
2310001,4,1
2310100,7,1
2310209,7,1
2310258,3,1
2310308,3,1
2310407,2,1
2310506,11,1
2310605,5,1
2310704,4,1
2310803,5,1
2310852,11,1
2310902,3,1
2310951,2,1
2311009,4,1
2311108,3,1
2311207,6,1
2311231,5,1
2311264,4,1
2311306,10,1
2311355,11,1
2311405,6,1
2311504,2,1
2311603,6,1
2311702,7,1
2311801,8,1
2311900,3,1
2311959,4,1
2312007,11,1
2312106,6,1
2312205,7,1
2312304,3,1
2312403,6,1
2312502,3,1
2312601,3,1
2312700,3,1
2312809,2,1
2312908,7,1
2313005,8,1
2313104,5,1
2313203,6,1
2313252,3,1
2313302,12,1
2313351,6,1
2313401,12,1
2313500,5,1
2313559,3,1
2313609,6,1
2313708,3,1
2313757,5,1
2313807,6,1
2313906,10,1
2313955,6,1
2314003,9,1
2314102,5,1
2400109,8,1
2400208,9,1
2400307,3,1
2400406,7,1
2400505,2,1
2400604,3,1
2400703,5,1
2400802,5,1
2400901,3,1
2401008,6,1
2401107,10,1
2401206,4,1
2401305,7,1
2401404,7,1
2401453,2,1
2401503,7,1
2401602,2,1
2401651,4,1
2401701,3,1
2401800,3,1
2401859,4,1
2401909,3,1
2402006,12,1
2402105,5,1
2402204,2,1
2402303,5,1
2402402,3,1
2402501,7,1
2402600,8,1
2402709,6,1
2402808,2,1
2402907,3,1
2403004,4,1
2403103,12,1
2403202,3,1
2403251,6,1
2403301,3,1
2403400,4,1
2403509,2,1
2403608,1,1
2403707,3,1
2403756,2,1
2403806,7,1
2403905,5,1
2404002,4,1
2404101,2,1
2404200,6,1
2404309,4,1
2404408,4,1
2404507,7,1
2404606,2,1
2404705,5,1
2404804,8,1
2404853,5,1
2404903,3,1
2405009,7,1
2405108,3,1
2405207,5,1
2405306,3,1
2405405,1,1
2405504,4,1
2405603,7,1
2405702,9,1
2405801,6,1
2405900,5,1
2406007,9,1
2406106,5,1
2406155,4,1
2406205,3,1
2406304,0,0
2406403,2,1
2406502,8,1
2406601,2,1
2406700,5,1
2406809,3,1
2406908,4,1
2407005,7,1
2407104,7,1
2407203,8,1
2407252,8,1
2407302,4,1
2407401,6,1
2407500,6,1
2407609,6,1
2407708,3,1
2407807,5,1
2407906,4,1
2408003,11,1
2408102,13,1
2408201,5,1
2408300,9,1
2408409,3,1
2408508,4,1
2408607,4,1
2408706,4,1
2408805,4,1
2408904,9,1
2408953,3,1
2409100,6,1
2409209,5,1
2409308,6,1
2409332,0,0
2409407,8,1
2409506,3,1
2409605,2,1
2409704,2,1
2409803,7,1
2409902,7,1
2410009,2,1
2410108,4,1
2410207,5,1
2410256,1,1
2410306,5,1
2410405,5,1
2410504,6,1
2410603,2,1
2410702,7,1
2410801,6,1
2410900,4,1
2411007,3,1
2411056,4,1
2411106,4,1
2411205,10,1
2411403,3,1
2411429,3,1
2411502,4,1
2411601,2,1
2411700,3,1
2411809,4,1
2411908,1,1
2412005,7,1
2412104,4,1
2412203,5,1
2412302,6,1
2412401,7,1
2412500,3,1
2412559,4,1
2412609,9,1
2412708,7,1
2412807,3,1
2412906,4,1
2413003,8,1
2413102,3,1
2413201,5,1
2413300,4,1
2413359,2,1
2413409,5,1
2413508,3,1
2413557,3,1
2413607,3,1
2413706,2,1
2413805,2,1
2413904,3,1
2414001,5,1
2414100,2,1
2414159,2,1
2414209,5,1
2414308,6,1
2414407,6,1
2414456,5,1
2414506,6,1
2414605,6,1
2414704,7,1
2414753,4,1
2414803,4,1
2414902,4,1
2415008,3,1
2500106,4,1
2500205,3,1
2500304,5,1
2500403,5,1
2500502,7,1
2500536,5,1
2500577,1,1
2500601,2,1
2500700,7,1
2500734,2,1
2500775,4,1
2500809,3,1
2500908,2,1
2501005,6,1
2501104,6,1
2501153,2,1
2501203,5,1
2501302,5,1
2501351,5,1
2501401,3,1
2501500,12,1
2501534,3,1
2501575,4,1
2501609,3,1
2501708,6,1
2501807,2,1
2501906,2,1
2502003,5,1
2502052,6,1
2502102,4,1
2502151,8,1
2502201,7,1
2502300,4,1
2502409,3,1
2502508,8,1
2502607,3,1
2502706,7,1
2502805,5,1
2502904,5,1
2503001,6,1
2503100,5,1
2503209,13,1
2503308,6,1
2503407,2,1
2503506,5,1
2503555,1,1
2503605,6,1
2503704,6,1
2503753,3,1
2503803,1,1
2503902,3,1
2504009,12,1
2504033,5,1
2504074,6,1
2504108,4,1
2504157,2,1
2504207,4,1
2504306,6,1
2504355,6,1
2504405,8,1
2504504,3,1
2504603,4,1
2504702,5,1
2504801,6,1
2504850,4,1
2504900,2,1
2505006,3,1
2505105,9,1
2505204,1,1
2505238,0,0
2505279,3,1
2505303,3,1
2505352,2,1
2505402,1,1
2505501,5,1
2505600,3,1
2505709,4,1
2505808,3,1
2505907,3,1
2506004,6,1
2506103,2,1
2506202,5,1
2506251,1,1
2506301,14,1
2506400,2,1
2506509,5,1
2506608,3,1
2506707,4,1
2506806,4,1
2506905,2,1
2507002,4,1
2507101,4,1
2507200,6,1
2507309,7,1
2507408,2,1
2507507,14,1
2507606,2,1
2507705,1,1
2507804,2,1
2507903,5,1
2508000,3,1
2508109,2,1
2508208,2,1
2508307,5,1
2508406,5,1
2508505,6,1
2508554,3,1
2508604,2,1
2508703,3,1
2508802,2,1
2508901,5,1
2509008,5,1
2509057,2,1
2509107,2,1
2509156,2,1
2509206,2,1
2509305,4,1
2509339,2,1
2509370,4,1
2509396,2,1
2509404,2,1
2509503,3,1
2509602,3,1
2509701,5,1
2509800,3,1
2509909,4,1
2510006,5,1
2510105,5,1
2510204,5,1
2510303,4,1
2510402,2,1
2510501,2,1
2510600,4,1
2510659,7,1
2510709,3,1
2510808,16,1
2510907,5,1
2511004,6,1
2511103,6,1
2511202,6,1
2511301,3,1
2511400,5,1
2511509,8,1
2511608,2,1
2511707,4,1
2511806,6,1
2511905,5,1
2512002,8,1
2512036,2,1
2512077,7,1
2512101,7,1
2512200,6,1
2512309,8,1
2512408,2,1
2512507,4,1
2512606,4,1
2512705,9,1
2512721,2,1
2512747,3,1
2512754,0,0
2512762,3,1
2512788,3,1
2512804,2,1
2512903,4,1
2513000,7,1
2513109,4,1
2513158,1,1
2513208,4,1
2513307,2,1
2513356,2,1
2513406,8,1
2513505,0,0
2513604,3,1
2513653,5,1
2513703,8,1
2513802,5,1
2513851,2,1
2513901,5,1
2513927,0,0
2513943,5,1
2513968,2,1
2513984,2,1
2514008,8,1
2514107,3,1
2514206,2,1
2514305,1,1
2514404,1,1
2514453,1,1
2514503,7,1
2514552,2,1
2514602,2,1
2514651,6,1
2514701,3,1
2514800,4,1
2514909,6,1
2515005,8,1
2515104,6,1
2515203,1,1
2515302,8,1
2515401,5,1
2515500,9,1
2515609,6,1
2515708,2,1
2515807,1,1
2515906,3,1
2515930,6,1
2515971,4,1
2516003,7,1
2516102,5,1
2516151,6,1
2516201,7,1
2516300,6,1
2516409,4,1
2516508,7,1
2516607,3,1
2516706,3,1
2516755,3,1
2516805,2,1
2516904,6,1
2517001,9,1
2517100,3,1
2517209,3,1
2517407,3,1
2600054,5,1
2600104,10,1
2600203,3,1
2600302,4,1
2600401,7,1
2600500,4,1
2600609,6,1
2600708,6,1
2600807,4,1
2600906,7,1
2601003,8,1
2601052,3,1
2601102,9,1
2601201,10,1
2601300,3,1
2601409,4,1
2601508,7,1
2601607,9,1
2601706,11,1
2601805,4,1
2601904,7,1
2602001,4,1
2602100,6,1
2602209,7,1
2602308,7,1
2602407,3,1
2602506,4,1
2602605,7,1
2602704,2,1
2602803,7,1
2602902,10,1
2603009,5,1
2603108,2,1
2603207,3,1
2603306,3,1
2603405,5,1
2603454,9,1
2603504,11,1
2603603,7,1
2603702,5,1
2603801,5,1
2603900,7,1
2603926,7,1
2604007,4,1
2604106,9,1
2604155,2,1
2604205,6,1
2604304,3,1
2604403,3,1
2604502,8,1
2604601,5,1
2604700,2,1
2604809,5,1
2604908,5,1
2605004,4,1
2605103,5,1
2605152,4,1
2605202,9,1
2605301,6,1
2605400,4,1
2605459,2,1
2605509,6,1
2605608,4,1
2605707,7,1
2605806,0,0
2605905,4,1
2606002,6,1
2606101,10,1
2606200,7,1
2606309,4,1
2606408,6,1
2606507,8,1
2606606,4,1
2606705,1,1
2606804,11,1
2606903,6,1
2607000,4,1
2607109,8,1
2607208,6,1
2607307,3,1
2607406,7,1
2607505,4,1
2607604,7,1
2607653,2,1
2607703,9,1
2607752,6,1
2607802,2,1
2607901,10,1
2607950,4,1
2608008,3,1
2608057,6,1
2608107,4,1
2608206,9,1
2608255,2,1
2608305,3,1
2608404,7,1
2608453,7,1
2608503,6,1
2608602,8,1
2608701,6,1
2608750,2,1
2608800,10,1
2608909,9,1
2609006,5,1
2609105,3,1
2609154,7,1
2609204,2,1
2609303,2,1
2609402,4,1
2609501,8,1
2609600,10,1
2609709,6,1
2609808,3,1
2609907,4,1
2610004,14,1
2610103,4,1
2610202,4,1
2610301,4,1
2610400,2,1
2610509,5,1
2610608,8,1
2610707,6,1
2610806,2,1
2610905,11,1
2611002,4,1
2611101,9,1
2611200,2,1
2611309,2,1
2611408,2,1
2611507,2,1
2611533,4,1
2611606,12,1
2611705,5,1
2611804,7,1
2611903,4,1
2612000,6,1
2612109,2,1
2612208,7,1
2612307,4,1
2612406,4,1
2612455,6,1
2612471,5,1
2612505,12,1
2612554,3,1
2612604,7,1
2612703,3,1
2612802,5,1
2612901,4,1
2613008,5,1
2613107,3,1
2613206,4,1
2613305,6,1
2613404,4,1
2613503,4,1
2613602,5,1
2613701,4,1
2613800,5,1
2613909,12,1
2614006,3,1
2614105,8,1
2614204,2,1
2614303,4,1
2614402,5,1
2614501,5,1
2614600,5,1
2614709,3,1
2614808,8,1
2614857,7,1
2615003,6,1
2615102,2,1
2615201,2,1
2615300,6,1
2615409,6,1
2615508,4,1
2615607,5,1
2615706,10,1
2615805,3,1
2615904,10,1
2616001,2,1
2616100,4,1
2616183,4,1
2616209,1,1
2616308,4,1
2616407,7,1
2616506,2,1
2700102,5,1
2700201,5,1
2700300,11,1
2700409,6,1
2700508,4,1
2700607,4,1
2700706,6,1
2700805,0,0
2700904,4,1
2701001,8,1
2701100,5,1
2701209,3,1
2701308,3,1
2701357,2,1
2701407,6,1
2701506,4,1
2701605,4,1
2701704,7,1
2701803,5,1
2701902,3,1
2702009,4,1
2702108,4,1
2702207,5,1
2702306,8,1
2702355,2,1
2702405,8,1
2702504,2,1
2702553,2,1
2702603,4,1
2702702,5,1
2702801,4,1
2702900,7,1
2703007,4,1
2703106,2,1
2703205,4,1
2703304,4,1
2703403,3,1
2703502,3,1
2703601,2,1
2703700,2,1
2703759,4,1
2703809,2,1
2703908,4,1
2704005,6,1
2704104,5,1
2704203,2,1
2704302,13,1
2704401,6,1
2704500,6,1
2704609,3,1
2704708,10,1
2704807,2,1
2704906,5,1
2705002,3,1
2705101,4,1
2705200,3,1
2705309,3,1
2705408,1,1
2705507,5,1
2705606,4,1
2705705,6,1
2705804,7,1
2705903,2,1
2706000,2,1
2706109,6,1
2706208,5,1
2706307,9,1
2706406,7,1
2706422,2,1
2706448,5,1
2706505,7,1
2706604,5,1
2706703,6,1
2706802,10,1
2706901,10,1
2707008,2,1
2707107,5,1
2707206,6,1
2707305,3,1
2707404,5,1
2707503,2,1
2707602,5,1
2707701,3,1
2707800,3,1
2707909,4,1
2708006,5,1
2708105,4,1
2708204,1,1
2708303,4,1
2708402,4,1
2708501,2,1
2708600,7,1
2708709,3,1
2708808,4,1
2708907,3,1
2708956,3,1
2709004,2,1
2709103,5,1
2709152,8,1
2709202,4,1
2709301,8,1
2709400,9,1
2800100,1,1
2800209,6,1
2800308,13,1
2800407,4,1
2800506,5,1
2800605,5,1
2800670,7,1
2800704,2,1
2801009,5,1
2801108,2,1
2801207,7,1
2801306,5,1
2801405,3,1
2801504,6,1
2801603,3,1
2801702,5,1
2801900,3,1
2802007,6,1
2802106,12,1
2802205,3,1
2802304,10,1
2802403,2,1
2802502,4,1
2802601,0,0
2802700,1,1
2802809,5,1
2802908,9,1
2803005,6,1
2803104,3,1
2803203,7,1
2803302,10,1
2803401,1,1
2803500,4,1
2803609,8,1
2803708,3,1
2803807,1,1
2803906,5,1
2804003,4,1
2804102,8,1
2804201,5,1
2804300,2,1
2804409,2,1
2804458,5,1
2804508,10,1
2804607,11,1
2804706,2,1
2804805,8,1
2804904,0,0
2805000,1,1
2805109,4,1
2805208,2,1
2805307,5,1
2805406,11,1
2805505,3,1
2805604,3,1
2805703,3,1
2805802,6,1
2805901,4,1
2806008,6,1
2806107,7,1
2806206,2,1
2806305,5,1
2806404,3,1
2806503,3,1
2806602,2,1
2806701,5,1
2806800,2,1
2806909,6,1
2807006,2,1
2807105,5,1
2807204,2,1
2807303,2,1
2807402,5,1
2807501,2,1
2807600,3,1
2900108,4,1
2900207,3,1
2900306,5,1
2900355,2,1
2900405,6,1
2900504,2,1
2900603,2,1
2900702,11,1
2900801,3,1
2900900,3,1
2901007,8,1
2901106,3,1
2901155,5,1
2901205,1,1
2901304,10,1
2901353,5,1
2901403,3,1
2901502,4,1
2901601,7,1
2901700,3,1
2901809,3,1
2901908,5,1
2901957,3,1
2902005,3,1
2902054,3,1
2902104,10,1
2902203,4,1
2902252,3,1
2902302,5,1
2902401,4,1
2902500,3,1
2902609,3,1
2902658,7,1
2902708,9,1
2902807,5,1
2902906,6,1
2903003,3,1
2903102,5,1
2903201,11,1
2903235,4,1
2903276,3,1
2903300,2,1
2903409,7,1
2903508,4,1
2903607,6,1
2903706,3,1
2903805,5,1
2903904,8,1
2903953,3,1
2904001,2,1
2904050,5,1
2904100,6,1
2904209,4,1
2904308,8,1
2904407,2,1
2904506,3,1
2904605,8,1
2904704,5,1
2904753,2,1
2904803,2,1
2904852,6,1
2904902,10,1
2905008,5,1
2905107,5,1
2905156,2,1
2905206,11,1
2905305,3,1
2905404,6,1
2905503,6,1
2905602,5,1
2905701,14,1
2905800,5,1
2905909,5,1
2906006,9,1
2906105,1,1
2906204,6,1
2906303,4,1
2906402,2,1
2906501,6,1
2906600,2,1
2906709,6,1
2906808,3,1
2906824,7,1
2906857,4,1
2906873,2,1
2906899,2,1
2906907,6,1
2907004,5,1
2907103,3,1
2907202,2,1
2907301,5,1
2907400,1,1
2907509,8,1
2907558,3,1
2907608,6,1
2907707,3,1
2907806,7,1
2907905,6,1
2908002,2,1
2908101,1,1
2908200,9,1
2908309,4,1
2908408,6,1
2908507,6,1
2908606,2,1
2908705,6,1
2908804,3,1
2908903,5,1
2909000,3,1
2909109,4,1
2909208,7,1
2909307,4,1
2909406,6,1
2909505,3,1
2909604,2,1
2909703,5,1
2909802,6,1
2909901,6,1
2910008,2,1
2910057,9,1
2910107,6,1
2910206,4,1
2910305,3,1
2910404,2,1
2910503,6,1
2910602,2,1
2910701,4,1
2910727,7,1
2910750,4,1
2910776,2,1
2910800,14,1
2910859,2,1
2910909,1,1
2911006,2,1
2911105,5,1
2911204,8,1
2911253,3,1
2911303,3,1
2911402,4,1
2911501,3,1
2911600,6,1
2911659,3,1
2911709,8,1
2911808,6,1
2911857,3,1
2911907,4,1
2912004,6,1
2912103,4,1
2912202,5,1
2912301,6,1
2912400,4,1
2912509,5,1
2912608,6,1
2912707,3,1
2912806,2,1
2912905,6,1
2913002,5,1
2913101,6,1
2913200,5,1
2913309,3,1
2913408,7,1
2913457,2,1
2913507,3,1
2913606,5,1
2913705,2,1
2913804,6,1
2913903,6,1
2914000,6,1
2914109,2,1
2914208,5,1
2914307,1,1
2914406,6,1
2914505,4,1
2914604,9,1
2914653,4,1
2914703,7,1
2914802,13,1
2914901,5,1
2915007,4,1
2915106,5,1
2915205,5,1
2915304,3,1
2915353,3,1
2915403,4,1
2915502,7,1
2915601,3,1
2915700,3,1
2915809,10,1
2915908,2,1
2916005,7,1
2916104,9,1
2916203,6,1
2916302,4,1
2916401,8,1
2916500,4,1
2916609,3,1
2916708,4,1
2916807,4,1
2916856,2,1
2916906,6,1
2917003,4,1
2917102,6,1
2917201,2,1
2917300,4,1
2917334,3,1
2917359,1,1
2917409,4,1
2917508,8,1
2917607,2,1
2917706,9,1
2917805,4,1
2917904,4,1
2918001,14,1
2918100,6,1
2918209,3,1
2918308,5,1
2918357,4,1
2918407,15,1
2918456,1,1
2918506,6,1
2918555,3,1
2918605,5,1
2918704,5,1
2918753,6,1
2918803,4,1
2918902,4,1
2919009,6,1
2919058,9,1
2919108,3,1
2919157,6,1
2919207,7,1
2919306,6,1
2919405,3,1
2919504,3,1
2919553,8,1
2919603,1,1
2919702,1,1
2919801,12,1
2919900,4,1
2919926,5,1
2919959,4,1
2920007,3,1
2920106,4,1
2920205,2,1
2920304,2,1
2920403,1,1
2920452,5,1
2920502,4,1
2920601,3,1
2920700,3,1
2920809,2,1
2920908,2,1
2921005,7,1
2921054,2,1
2921104,2,1
2921203,12,1
2921302,2,1
2921401,2,1
2921450,1,1
2921500,4,1
2921609,4,1
2921708,7,1
2921807,6,1
2921906,6,1
2922003,3,1
2922052,4,1
2922102,4,1
2922201,6,1
2922250,4,1
2922300,8,1
2922409,6,1
2922508,11,1
2922607,5,1
2922656,4,1
2922706,9,1
2922730,4,1
2922755,4,1
2922805,3,1
2922854,3,1
2922904,6,1
2923001,3,1
2923035,3,1
2923050,1,1
2923100,5,1
2923209,9,1
2923308,2,1
2923357,7,1
2923407,3,1
2923506,5,1
2923605,8,1
2923704,3,1
2923803,4,1
2923902,4,1
2924009,8,1
2924058,4,1
2924108,2,1
2924207,1,1
2924306,3,1
2924405,3,1
2924504,3,1
2924603,5,1
2924652,3,1
2924678,4,1
2924702,5,1
2924801,8,1
2924900,3,1
2925006,5,1
2925105,13,1
2925204,7,1
2925253,3,1
2925303,6,1
2925402,5,1
2925501,5,1
2925600,2,1
2925709,4,1
2925758,3,1
2925808,4,1
2925907,7,1
2925931,4,1
2925956,2,1
2926004,3,1
2926103,3,1
2926202,2,1
2926301,3,1
2926400,6,1
2926509,3,1
2926608,8,1
2926657,1,1
2926707,7,1
2926806,3,1
2926905,7,1
2927002,5,1
2927101,7,1
2927200,8,1
2927309,3,1
2927408,11,1
2927507,5,1
2927606,5,1
2927705,10,1
2927804,4,1
2927903,8,1
2928000,9,1
2928059,2,1
2928109,2,1
2928208,4,1
2928307,3,1
2928406,5,1
2928505,1,1
2928604,7,1
2928703,10,1
2928802,9,1
2928901,6,1
2928950,3,1
2929008,8,1
2929057,4,1
2929107,4,1
2929206,4,1
2929255,3,1
2929305,6,1
2929354,4,1
2929370,6,1
2929404,5,1
2929503,8,1
2929602,3,1
2929701,2,1
2929750,6,1
2929800,5,1
2929909,3,1
2930006,3,1
2930105,6,1
2930154,6,1
2930204,6,1
2930303,3,1
2930402,1,1
2930501,14,1
2930600,5,1
2930709,7,1
2930758,3,1
2930766,5,1
2930774,3,1
2930808,4,1
2930907,3,1
2931004,3,1
2931053,4,1
2931103,4,1
2931202,4,1
2931301,5,1
2931350,3,1
2931400,2,1
2931509,6,1
2931608,5,1
2931707,4,1
2931806,3,1
2931905,8,1
2932002,3,1
2932101,5,1
2932200,6,1
2932309,1,1
2932408,3,1
2932457,2,1
2932507,6,1
2932606,4,1
2932705,7,1
2932804,6,1
2932903,10,1
2933000,5,1
2933059,1,1
2933109,4,1
2933158,5,1
2933174,5,1
2933208,3,1
2933257,1,1
2933307,12,1
2933406,5,1
2933455,4,1
2933505,4,1
2933604,2,1
3100104,4,1
3100203,6,1
3100302,6,1
3100401,3,1
3100500,3,1
3100609,2,1
3100708,3,1
3100807,2,1
3100906,5,1
3101003,2,1
3101102,4,1
3101201,3,1
3101300,7,1
3101409,4,1
3101508,12,1
3101607,11,1
3101631,4,1
3101706,5,1
3101805,2,1
3101904,7,1
3102001,7,1
3102050,1,1
3102100,2,1
3102209,3,1
3102308,1,1
3102407,5,1
3102506,1,1
3102605,8,1
3102704,6,1
3102803,9,1
3102852,3,1
3102902,9,1
3103009,5,1
3103108,2,1
3103207,6,1
3103306,2,1
3103405,7,1
3103504,11,1
3103603,4,1
3103702,3,1
3103751,6,1
3103801,3,1
3103900,4,1
3104007,8,1
3104106,7,1
3104205,9,1
3104304,7,1
3104403,4,1
3104452,5,1
3104502,10,1
3104601,4,1
3104700,3,1
3104809,3,1
3104908,4,1
3105004,5,1
3105103,5,1
3105202,1,1
3105301,4,1
3105400,12,1
3105509,1,1
3105608,13,1
3105707,4,1
3105905,7,1
3106002,4,1
3106101,5,1
3106200,14,1
3106309,4,1
3106408,7,1
3106507,4,1
3106606,3,1
3106655,6,1
3106705,13,1
3106804,3,1
3106903,6,1
3107000,5,1
3107109,2,1
3107208,1,1
3107307,9,1
3107406,8,1
3107505,4,1
3107604,2,1
3107703,2,1
3107802,3,1
3107901,2,1
3108008,8,1
3108107,3,1
3108206,4,1
3108255,5,1
3108305,4,1
3108404,7,1
3108503,2,1
3108552,2,1
3108602,6,1
3108701,3,1
3108800,2,1
3108909,10,1
3109006,4,1
3109105,5,1
3109204,7,1
3109253,2,1
3109303,2,1
3109402,2,1
3109451,3,1
3109501,4,1
3109600,6,1
3109709,3,1
3109808,4,1
3109907,5,1
3110004,6,1
3110103,2,1
3110202,6,1
3110301,4,1
3110400,4,1
3110509,8,1
3110608,8,1
3110707,6,1
3110806,6,1
3110905,5,1
3111002,4,1
3111101,6,1
3111150,4,1
3111200,5,1
3111309,5,1
3111408,4,1
3111507,6,1
3111606,3,1
3111705,5,1
3111804,7,1
3111903,3,1
3112000,4,1
3112059,2,1
3112109,6,1
3112208,3,1
3112307,7,1
3112406,3,1
3112505,3,1
3112604,4,1
3112653,2,1
3112703,3,1
3112802,9,1
3112901,2,1
3113008,2,1
3113107,2,1
3113206,7,1
3113305,10,1
3113404,10,1
3113503,8,1
3113602,3,1
3113701,2,1
3113800,2,1
3113909,5,1
3114006,6,1
3114105,4,1
3114204,7,1
3114303,2,1
3114402,6,1
3114501,5,1
3114550,4,1
3114600,7,1
3114709,6,1
3114808,3,1
3114907,6,1
3115003,6,1
3115102,6,1
3115201,5,1
3115300,11,1
3115359,5,1
3115409,3,1
3115458,3,1
3115474,6,1
3115508,13,1
3115607,6,1
3115706,4,1
3115805,7,1
3115904,3,1
3116001,2,1
3116100,4,1
3116159,8,1
3116209,5,1
3116308,5,1
3116407,6,1
3116506,4,1
3116605,12,1
3116704,5,1
3116803,2,1
3116902,3,1
3117009,5,1
3117108,3,1
3117207,3,1
3117306,5,1
3117405,5,1
3117504,5,1
3117603,2,1
3117702,4,1
3117801,8,1
3117836,3,1
3117876,2,1
3117900,4,1
3118007,11,1
3118106,2,1
3118205,6,1
3118304,13,1
3118403,2,1
3118502,5,1
3118601,13,1
3118700,3,1
3118809,5,1
3118908,5,1
3119005,4,1
3119104,6,1
3119203,3,1
3119302,7,1
3119401,8,1
3119500,6,1
3119609,1,1
3119708,7,1
3119807,2,1
3119906,8,1
3119955,3,1
3120003,3,1
3120102,3,1
3120151,2,1
3120201,5,1
3120300,2,1
3120409,5,1
3120508,11,1
3120607,3,1
3120706,2,1
3120805,5,1
3120839,7,1
3120870,3,1
3120904,12,1
3121001,3,1
3121100,9,1
3121209,6,1
3121258,4,1
3121308,1,1
3121407,3,1
3121506,5,1
3121605,14,1
3121704,6,1
3121803,6,1
3121902,2,1
3122009,4,1
3122108,2,1
3122207,4,1
3122306,12,1
3122355,3,1
3122405,3,1
3122454,2,1
3122470,3,1
3122504,2,1
3122603,3,1
3122702,6,1
3122801,5,1
3122900,2,1
3123007,4,1
3123106,3,1
3123205,7,1
3123304,2,1
3123403,2,1
3123502,3,1
3123528,3,1
3123601,6,1
3123700,5,1
3123809,2,1
3123858,2,1
3123908,6,1
3124005,5,1
3124104,7,1
3124203,7,1
3124302,3,1
3124401,6,1
3124500,7,1
3124609,2,1
3124708,6,1
3124807,7,1
3124906,3,1
3125002,1,1
3125101,9,1
3125200,2,1
3125309,4,1
3125408,6,1
3125507,5,1
3125606,4,1
3125705,2,1
3125804,2,1
3125903,5,1
3125952,2,1
3126000,3,1
3126109,8,1
3126208,5,1
3126307,3,1
3126406,2,1
3126505,4,1
3126604,3,1
3126703,3,1
3126752,4,1
3126802,1,1
3126901,1,1
3126950,2,1
3127008,3,1
3127057,5,1
3127073,2,1
3127107,10,1
3127206,5,1
3127305,6,1
3127339,2,1
3127354,1,1
3127370,3,1
3127388,5,1
3127404,7,1
3127503,6,1
3127602,10,1
3127701,15,1
3127800,5,1
3127909,3,1
3128006,6,1
3128105,6,1
3128204,3,1
3128253,1,1
3128303,6,1
3128402,8,1
3128501,6,1
3128600,4,1
3128709,10,1
3128808,2,1
3128907,5,1
3129004,3,1
3129103,3,1
3129202,3,1
3129301,4,1
3129400,7,1
3129509,7,1
3129608,2,1
3129657,6,1
3129707,4,1
3129806,5,1
3129905,4,1
3130002,3,1
3130051,2,1
3130101,7,1
3130200,3,1
3130309,2,1
3130408,7,1
3130507,5,1
3130556,2,1
3130606,3,1
3130655,2,1
3130705,6,1
3130804,3,1
3130903,9,1
3131000,8,1
3131109,3,1
3131158,2,1
3131208,9,1
3131307,12,1
3131406,4,1
3131505,3,1
3131604,2,1
3131703,14,1
3131802,6,1
3131901,10,1
3132008,2,1
3132107,4,1
3132206,6,1
3132305,5,1
3132404,14,1
3132503,4,1
3132602,2,1
3132701,6,1
3132800,4,1
3132909,6,1
3133006,7,1
3133105,8,1
3133204,5,1
3133303,6,1
3133402,6,1
3133501,8,1
3133600,4,1
3133709,4,1
3133758,5,1
3133808,13,1
3133907,2,1
3134004,6,1
3134103,7,1
3134202,11,1
3134301,1,1
3134400,6,1
3134509,4,1
3134608,6,1
3134707,3,1
3134806,5,1
3134905,13,1
3135001,5,1
3135050,5,1
3135076,3,1
3135100,6,1
3135209,4,1
3135308,3,1
3135357,4,1
3135407,4,1
3135456,6,1
3135506,3,1
3135605,2,1
3135704,3,1
3135803,5,1
3135902,8,1
3136009,8,1
3136108,2,1
3136207,9,1
3136306,10,1
3136405,3,1
3136504,5,1
3136520,5,1
3136553,4,1
3136579,1,1
3136603,3,1
3136652,3,1
3136702,9,1
3136801,5,1
3136900,10,1
3136959,4,1
3137007,2,1
3137106,4,1
3137205,8,1
3137304,3,1
3137403,3,1
3137502,4,1
3137536,2,1
3137601,9,1
3137700,3,1
3137809,3,1
3137908,5,1
3138005,6,1
3138104,0,0
3138203,5,1
3138302,6,1
3138351,6,1
3138401,11,1
3138500,2,1
3138609,9,1
3138625,6,1
3138658,3,1
3138674,2,1
3138682,3,1
3138708,7,1
3138807,8,1
3138906,6,1
3139003,10,1
3139102,2,1
3139201,5,1
3139250,3,1
3139300,3,1
3139409,11,1
3139508,7,1
3139607,3,1
3139706,5,1
3139805,7,1
3139904,4,1
3140001,10,1
3140100,4,1
3140159,2,1
3140209,5,1
3140308,2,1
3140407,3,1
3140506,9,1
3140530,2,1
3140555,3,1
3140605,6,1
3140704,5,1
3140803,7,1
3140852,2,1
3140902,2,1
3141009,4,1
3141108,6,1
3141207,7,1
3141306,3,1
3141405,6,1
3141504,2,1
3141603,3,1
3141702,1,1
3141801,5,1
3141900,4,1
3142007,3,1
3142106,6,1
3142205,4,1
3142254,1,1
3142304,4,1
3142403,4,1
3142502,3,1
3142601,7,1
3142700,4,1
3142809,7,1
3142908,4,1
3143005,1,1
3143104,6,1
3143153,2,1
3143203,9,1
3143302,9,1
3143401,7,1
3143450,4,1
3143500,6,1
3143609,7,1
3143708,2,1
3143807,5,1
3143906,14,1
3144003,6,1
3144102,9,1
3144201,3,1
3144300,3,1
3144359,2,1
3144375,5,1
3144409,8,1
3144508,6,1
3144607,5,1
3144656,3,1
3144672,4,1
3144706,4,1
3144805,8,1
3144904,1,1
3145000,6,1
3145059,1,1
3145109,5,1
3145208,11,1
3145307,4,1
3145356,7,1
3145372,3,1
3145406,6,1
3145455,4,1
3145505,5,1
3145604,12,1
3145703,2,1
3145802,4,1
3145851,3,1
3145877,2,1
3145901,9,1
3146008,9,1
3146107,13,1
3146206,4,1
3146255,3,1
3146305,4,1
3146404,4,1
3146503,7,1
3146552,3,1
3146602,5,1
3146701,5,1
3146750,1,1
3146909,4,1
3147006,8,1
3147105,8,1
3147204,7,1
3147303,7,1
3147402,7,1
3147501,2,1
3147600,11,1
3147709,7,1
3147808,2,1
3147907,10,1
3147956,2,1
3148004,12,1
3148103,8,1
3148202,4,1
3148301,6,1
3148400,2,1
3148509,8,1
3148608,8,1
3148707,5,1
3148756,2,1
3148806,3,1
3148905,3,1
3149002,2,1
3149101,7,1
3149150,5,1
3149200,4,1
3149309,10,1
3149408,3,1
3149507,6,1
3149606,7,1
3149705,5,1
3149804,5,1
3149903,10,1
3149952,3,1
3150000,1,1
3150109,1,1
3150158,3,1
3150208,2,1
3150307,5,1
3150406,5,1
3150505,9,1
3150539,1,1
3150570,2,1
3150604,2,1
3150703,5,1
3150802,7,1
3150901,5,1
3151008,3,1
3151107,3,1
3151206,5,1
3151305,3,1
3151404,7,1
3151503,10,1
3151602,4,1
3151701,9,1
3151800,10,1
3151909,2,1
3152006,10,1
3152105,10,1
3152131,4,1
3152170,5,1
3152204,7,1
3152303,2,1
3152402,5,1
3152501,8,1
3152600,4,1
3152709,12,1
3152808,6,1
3152907,6,1
3153004,4,1
3153103,6,1
3153202,4,1
3153301,3,1
3153400,5,1
3153509,4,1
3153608,5,1
3153707,2,1
3153806,5,1
3153905,2,1
3154002,2,1
3154101,8,1
3154150,2,1
3154200,5,1
3154309,6,1
3154408,10,1
3154457,3,1
3154507,1,1
3154606,8,1
3154705,3,1
3154804,3,1
3154903,3,1
3155009,4,1
3155108,4,1
3155207,4,1
3155306,5,1
3155405,5,1
3155504,3,1
3155603,7,1
3155702,5,1
3155801,4,1
3155900,6,1
3156007,7,1
3156106,7,1
3156205,3,1
3156304,4,1
3156403,5,1
3156452,4,1
3156502,3,1
3156601,3,1
3156700,10,1
3156809,5,1
3156908,10,1
3157005,7,1
3157104,4,1
3157203,10,1
3157252,2,1
3157278,2,1
3157302,5,1
3157336,2,1
3157377,2,1
3157401,2,1
3157500,1,1
3157609,6,1
3157658,2,1
3157708,4,1
3157807,8,1
3157906,5,1
3158003,3,1
3158102,0,0
3158201,3,1
3158300,5,1
3158409,5,1
3158508,5,1
3158607,2,1
3158706,6,1
3158805,4,1
3158904,2,1
3158953,6,1
3159001,3,1
3159100,5,1
3159209,3,1
3159308,6,1
3159357,4,1
3159407,3,1
3159506,3,1
3159605,10,1
3159704,2,1
3159803,5,1
3159902,6,1
3160009,2,1
3160108,7,1
3160207,4,1
3160306,2,1
3160405,7,1
3160454,2,1
3160504,2,1
3160603,1,1
3160702,5,1
3160801,7,1
3160900,7,1
3160959,2,1
3161007,5,1
3161056,2,1
3161106,5,1
3161205,5,1
3161304,3,1
3161403,8,1
3161502,8,1
3161601,3,1
3161650,3,1
3161700,7,1
3161809,4,1
3161908,8,1
3162005,5,1
3162104,6,1
3162203,4,1
3162252,7,1
3162302,4,1
3162401,3,1
3162450,4,1
3162500,11,1
3162559,2,1
3162575,2,1
3162609,2,1
3162658,2,1
3162708,4,1
3162807,5,1
3162906,10,1
3162922,4,1
3162948,5,1
3162955,4,1
3163003,2,1
3163102,2,1
3163201,6,1
3163300,2,1
3163409,2,1
3163508,1,1
3163607,2,1
3163706,6,1
3163805,3,1
3163904,4,1
3164001,4,1
3164100,3,1
3164209,4,1
3164308,3,1
3164407,6,1
3164431,3,1
3164472,2,1
3164506,4,1
3164605,2,1
3164704,9,1
3164803,3,1
3164902,4,1
3165008,7,1
3165107,5,1
3165206,7,1
3165305,7,1
3165404,3,1
3165503,1,1
3165537,6,1
3165552,5,1
3165560,7,1
3165578,5,1
3165602,2,1
3165701,2,1
3165800,3,1
3165909,5,1
3166006,2,1
3166105,2,1
3166204,2,1
3166303,1,1
3166402,4,1
3166501,4,1
3166600,5,1
3166709,2,1
3166808,5,1
3166907,6,1
3166956,2,1
3167004,4,1
3167103,4,1
3167202,10,1
3167301,4,1
3167400,8,1
3167509,2,1
3167608,1,1
3167707,3,1
3167806,4,1
3167905,4,1
3168002,6,1
3168051,2,1
3168101,2,1
3168200,2,1
3168309,3,1
3168408,2,1
3168507,5,1
3168606,11,1
3168705,9,1
3168804,9,1
3168903,4,1
3169000,6,1
3169059,7,1
3169109,1,1
3169208,4,1
3169307,6,1
3169356,7,1
3169406,13,1
3169505,3,1
3169604,8,1
3169703,5,1
3169802,2,1
3169901,13,1
3170008,2,1
3170057,7,1
3170107,11,1
3170206,14,1
3170305,2,1
3170404,10,1
3170438,3,1
3170479,4,1
3170503,6,1
3170529,5,1
3170578,1,1
3170602,5,1
3170651,2,1
3170701,10,1
3170750,2,1
3170800,4,1
3170909,5,1
3171006,9,1
3171030,2,1
3171071,6,1
3171105,2,1
3171154,5,1
3171204,9,1
3171303,11,1
3171402,2,1
3171501,1,1
3171600,6,1
3171709,4,1
3171808,2,1
3171907,3,1
3172004,5,1
3172103,7,1
3172202,0,0
3200102,7,1
3200136,3,1
3200169,2,1
3200201,7,1
3200300,5,1
3200359,2,1
3200409,5,1
3200508,0,0
3200607,8,1
3200706,5,1
3200805,5,1
3200904,5,1
3201001,3,1
3201100,3,1
3201159,2,1
3201209,9,1
3201308,12,1
3201407,6,1
3201506,10,1
3201605,5,1
3201704,7,1
3201803,1,1
3201902,8,1
3202009,7,1
3202108,3,1
3202207,5,1
3202256,2,1
3202306,9,1
3202405,5,1
3202454,9,1
3202504,5,1
3202553,5,1
3202603,8,1
3202652,6,1
3202702,6,1
3202801,3,1
3202900,2,1
3203007,9,1
3203056,7,1
3203106,4,1
3203130,8,1
3203163,3,1
3203205,9,1
3203304,3,1
3203320,5,1
3203346,5,1
3203353,3,1
3203403,6,1
3203502,3,1
3203601,8,1
3203700,4,1
3203809,5,1
3203908,10,1
3204005,6,1
3204054,4,1
3204104,4,1
3204203,6,1
3204252,4,1
3204302,2,1
3204351,3,1
3204401,6,1
3204500,4,1
3204559,9,1
3204609,9,1
3204658,4,1
3204708,7,1
3204807,4,1
3204906,12,1
3204955,3,1
3205002,9,1
3205010,1,1
3205036,2,1
3205069,5,1
3205101,8,1
3205150,4,1
3205176,2,1
3205200,9,1
3205309,14,1
3300100,12,1
3300159,4,1
3300209,12,1
3300225,7,1
3300233,5,1
3300258,8,1
3300308,7,1
3300407,12,1
3300456,16,1
3300506,8,1
3300605,6,1
3300704,11,1
3300803,7,1
3300902,2,1
3300936,4,1
3300951,4,1
3301009,11,1
3301108,8,1
3301157,5,1
3301207,6,1
3301306,7,1
3301405,9,1
3301504,6,1
3301603,7,1
3301702,10,1
3301801,3,1
3301850,5,1
3301876,3,1
3301900,11,1
3302007,7,1
3302056,6,1
3302106,4,1
3302205,6,1
3302254,4,1
3302270,3,1
3302304,3,1
3302403,6,1
3302452,3,1
3302502,10,1
3302601,5,1
3302700,14,1
3302809,12,1
3302858,9,1
3302908,6,1
3303005,8,1
3303104,7,1
3303203,8,1
3303302,14,1
3303401,8,1
3303500,12,1
3303609,5,1
3303708,7,1
3303807,15,1
3303856,6,1
3303906,11,1
3303955,7,1
3304003,6,1
3304102,5,1
3304110,3,1
3304128,6,1
3304144,5,1
3304151,6,1
3304201,12,1
3304300,6,1
3304409,5,1
3304508,7,1
3304524,13,1
3304557,10,1
3304607,5,1
3304706,10,1
3304755,8,1
3304805,5,1
3304904,7,1
3305000,9,1
3305109,6,1
3305133,5,1
3305158,5,1
3305208,9,1
3305307,8,1
3305406,10,1
3305505,4,1
3305554,5,1
3305604,6,1
3305703,8,1
3305752,3,1
3305802,9,1
3305901,3,1
3306008,8,1
3306107,11,1
3306156,3,1
3306206,7,1
3306305,12,1
3500105,11,1
3500204,2,1
3500303,3,1
3500402,4,1
3500501,8,1
3500550,3,1
3500600,4,1
3500709,5,1
3500758,3,1
3500808,3,1
3500907,2,1
3501004,6,1
3501103,3,1
3501152,3,1
3501202,2,1
3501301,5,1
3501400,2,1
3501509,1,1
3501608,9,1
3501707,4,1
3501806,5,1
3501905,9,1
3502002,5,1
3502101,10,1
3502200,7,1
3502309,4,1
3502408,7,1
3502507,6,1
3502606,2,1
3502705,9,1
3502754,8,1
3502804,13,1
3502903,5,1
3503000,2,1
3503109,2,1
3503158,2,1
3503208,13,1
3503307,12,1
3503356,3,1
3503406,4,1
3503505,6,1
3503604,2,1
3503703,3,1
3503802,6,1
3503901,7,1
3503950,3,1
3504008,11,1
3504107,14,1
3504206,3,1
3504305,8,1
3504404,2,1
3504503,13,1
3504602,4,1
3504701,2,1
3504800,4,1
3504909,5,1
3505005,3,1
3505104,2,1
3505203,6,1
3505302,12,1
3505351,5,1
3505401,1,1
3505500,10,1
3505609,5,1
3505708,8,1
3505807,9,1
3505906,10,1
3506003,9,1
3506102,11,1
3506201,2,1
3506300,5,1
3506359,10,1
3506409,4,1
3506508,8,1
3506607,2,1
3506706,4,1
3506805,6,1
3506904,6,1
3507001,7,1
3507100,6,1
3507159,12,1
3507209,2,1
3507308,4,1
3507407,6,1
3507456,2,1
3507506,10,1
3507605,15,1
3507704,4,1
3507753,4,1
3507803,6,1
3507902,11,1
3508009,5,1
3508108,8,1
3508207,3,1
3508306,2,1
3508405,5,1
3508504,5,1
3508603,9,1
3508702,8,1
3508801,4,1
3508900,2,1
3509007,11,1
3509106,4,1
3509205,13,1
3509254,8,1
3509304,2,1
3509403,7,1
3509452,3,1
3509502,9,1
3509601,4,1
3509700,9,1
3509809,6,1
3509908,10,1
3509957,2,1
3510005,5,1
3510104,7,1
3510153,2,1
3510203,5,1
3510302,3,1
3510401,6,1
3510500,12,1
3510609,7,1
3510708,2,1
3510807,11,1
3510906,1,1
3511003,7,1
3511102,9,1
3511201,2,1
3511300,6,1
3511409,8,1
3511508,7,1
3511607,5,1
3511706,7,1
3511904,2,1
3512001,5,1
3512100,2,1
3512209,4,1
3512308,6,1
3512407,11,1
3512506,5,1
3512605,1,1
3512704,2,1
3512803,6,1
3512902,3,1
3513009,9,1
3513108,11,1
3513207,5,1
3513306,4,1
3513405,8,1
3513504,8,1
3513603,11,1
3513702,10,1
3513801,14,1
3513850,1,1
3513900,3,1
3514007,2,1
3514106,7,1
3514205,1,1
3514304,2,1
3514403,8,1
3514502,7,1
3514601,4,1
3514700,5,1
3514809,6,1
3514908,6,1
3514924,2,1
3514957,2,1
3515004,7,1
3515103,4,1
3515129,1,1
3515152,5,1
3515186,7,1
3515194,3,1
3515202,5,1
3515301,2,1
3515350,2,1
3515400,6,1
3515509,10,1
3515608,3,1
3515657,2,1
3515707,4,1
3515806,4,1
3515905,1,1
3516002,5,1
3516101,4,1
3516200,13,1
3516309,7,1
3516408,12,1
3516507,2,1
3516606,4,1
3516705,10,1
3516804,4,1
3516853,3,1
3516903,2,1
3517000,6,1
3517109,2,1
3517208,5,1
3517307,3,1
3517406,7,1
3517505,7,1
3517604,2,1
3517703,4,1
3517802,4,1
3517901,2,1
3518008,2,1
3518107,4,1
3518206,8,1
3518305,6,1
3518404,12,1
3518503,3,1
3518602,7,1
3518701,12,1
3518800,12,1
3518859,4,1
3518909,1,1
3519006,3,1
3519055,10,1
3519071,8,1
3519105,4,1
3519204,2,1
3519253,4,1
3519303,5,1
3519402,4,1
3519501,9,1
3519600,10,1
3519709,8,1
3519808,5,1
3519907,6,1
3520004,3,1
3520103,6,1
3520202,5,1
3520301,7,1
3520400,12,1
3520426,8,1
3520442,9,1
3520509,10,1
3520608,3,1
3520707,4,1
3520806,5,1
3520905,5,1
3521002,3,1
3521101,5,1
3521150,3,1
3521200,3,1
3521309,6,1
3521408,7,1
3521507,3,1
3521606,7,1
3521705,6,1
3521804,6,1
3521903,3,1
3522000,2,1
3522109,11,1
3522158,3,1
3522208,7,1
3522307,8,1
3522406,14,1
3522505,7,1
3522604,13,1
3522653,2,1
3522703,12,1
3522802,7,1
3522901,4,1
3523008,5,1
3523107,6,1
3523206,9,1
3523305,6,1
3523404,13,1
3523503,2,1
3523602,3,1
3523701,4,1
3523800,3,1
3523909,14,1
3524006,14,1
3524105,7,1
3524204,6,1
3524303,9,1
3524402,13,1
3524501,4,1
3524600,3,1
3524709,11,1
3524808,8,1
3524907,4,1
3525003,8,1
3525102,6,1
3525201,5,1
3525300,9,1
3525409,4,1
3525508,4,1
3525607,4,1
3525706,2,1
3525805,6,1
3525854,5,1
3525904,11,1
3526001,6,1
3526100,3,1
3526209,6,1
3526308,4,1
3526407,4,1
3526506,7,1
3526605,3,1
3526704,8,1
3526803,13,1
3526902,11,1
3527009,8,1
3527108,10,1
3527207,10,1
3527256,4,1
3527306,9,1
3527405,2,1
3527504,2,1
3527603,5,1
3527702,2,1
3527801,5,1
3527900,2,1
3528007,4,1
3528106,2,1
3528205,3,1
3528304,2,1
3528403,7,1
3528502,8,1
3528601,2,1
3528700,1,1
3528809,7,1
3528858,2,1
3528908,3,1
3529005,9,1
3529104,2,1
3529203,8,1
3529302,7,1
3529401,9,1
3529500,2,1
3529609,2,1
3529658,0,0
3529708,4,1
3529807,3,1
3529906,8,1
3530003,3,1
3530102,6,1
3530201,8,1
3530300,8,1
3530409,1,1
3530508,8,1
3530607,13,1
3530706,8,1
3530805,8,1
3530904,4,1
3531001,4,1
3531100,6,1
3531209,7,1
3531308,9,1
3531407,6,1
3531506,8,1
3531605,3,1
3531704,4,1
3531803,5,1
3531902,5,1
3532009,10,1
3532058,4,1
3532108,4,1
3532157,2,1
3532207,5,1
3532306,5,1
3532405,6,1
3532504,3,1
3532603,2,1
3532702,1,1
3532801,3,1
3532827,3,1
3532843,1,1
3532868,2,1
3532900,3,1
3533007,4,1
3533106,4,1
3533205,3,1
3533254,2,1
3533304,2,1
3533403,4,1
3533502,10,1
3533601,4,1
3533700,2,1
3533809,2,1
3533908,14,1
3534005,2,1
3534104,3,1
3534203,2,1
3534302,5,1
3534401,9,1
3534500,8,1
3534609,7,1
3534708,11,1
3534757,4,1
3534807,2,1
3534906,3,1
3535002,3,1
3535101,5,1
3535200,4,1
3535309,7,1
3535408,4,1
3535507,10,1
3535606,13,1
3535705,6,1
3535804,10,1
3535903,1,1
3536000,3,1
3536109,8,1
3536208,4,1
3536257,2,1
3536307,2,1
3536406,2,1
3536505,7,1
3536570,2,1
3536604,4,1
3536703,6,1
3536802,3,1
3536901,4,1
3537008,9,1
3537107,11,1
3537156,6,1
3537206,7,1
3537305,8,1
3537404,9,1
3537503,6,1
3537602,7,1
3537701,3,1
3537800,7,1
3537909,6,1
3538006,14,1
3538105,2,1
3538204,5,1
3538303,2,1
3538501,3,1
3538600,7,1
3538709,15,1
3538808,9,1
3538907,3,1
3539004,5,1
3539103,9,1
3539202,9,1
3539301,8,1
3539400,9,1
3539509,7,1
3539608,6,1
3539707,2,1
3539806,14,1
3539905,3,1
3540002,4,1
3540101,1,1
3540200,4,1
3540259,1,1
3540309,2,1
3540408,0,0
3540507,5,1
3540606,9,1
3540705,11,1
3540754,4,1
3540804,11,1
3540853,2,1
3540903,5,1
3541000,8,1
3541059,6,1
3541109,5,1
3541208,4,1
3541307,14,1
3541406,14,1
3541505,9,1
3541604,5,1
3541653,7,1
3541703,6,1
3541802,2,1
3541901,6,1
3542008,2,1
3542107,8,1
3542206,9,1
3542305,8,1
3542404,8,1
3542503,6,1
3542602,10,1
3542701,1,1
3542800,5,1
3542909,2,1
3543006,7,1
3543105,4,1
3543204,3,1
3543238,3,1
3543253,7,1
3543303,8,1
3543402,11,1
3543501,2,1
3543600,5,1
3543709,2,1
3543808,2,1
3543907,16,1
3544004,8,1
3544103,5,1
3544202,2,1
3544251,7,1
3544301,4,1
3544400,2,1
3544509,3,1
3544608,2,1
3544707,3,1
3544806,3,1
3544905,8,1
3545001,6,1
3545100,2,1
3545159,4,1
3545209,13,1
3545308,10,1
3545407,5,1
3545506,2,1
3545605,4,1
3545704,2,1
3545803,13,1
3546009,4,1
3546108,3,1
3546207,2,1
3546256,3,1
3546306,8,1
3546405,13,1
3546504,3,1
3546603,14,1
3546702,9,1
3546801,10,1
3546900,3,1
3547007,3,1
3547106,3,1
3547205,2,1
3547304,9,1
3547403,7,1
3547502,8,1
3547601,8,1
3547650,3,1
3547700,9,1
3547809,13,1
3547908,4,1
3548005,4,1
3548054,5,1
3548104,5,1
3548203,8,1
3548302,2,1
3548401,9,1
3548500,13,1
3548609,8,1
3548708,9,1
3548807,13,1
3548906,10,1
3549003,6,1
3549102,12,1
3549201,3,1
3549250,2,1
3549300,3,1
3549409,6,1
3549508,1,1
3549607,9,1
3549706,14,1
3549805,12,1
3549904,12,1
3549953,4,1
3550001,9,1
3550100,5,1
3550209,7,1
3550308,15,1
3550407,13,1
3550506,3,1
3550605,11,1
3550704,12,1
3550803,8,1
3550902,4,1
3551009,13,1
3551108,8,1
3551207,2,1
3551306,2,1
3551405,4,1
3551504,3,1
3551603,11,1
3551702,9,1
3551801,3,1
3551900,3,1
3552007,7,1
3552106,12,1
3552205,7,1
3552304,6,1
3552403,9,1
3552502,9,1
3552551,5,1
3552601,6,1
3552700,4,1
3552809,5,1
3552908,4,1
3553005,7,1
3553104,6,1
3553203,4,1
3553302,7,1
3553401,2,1
3553500,3,1
3553609,6,1
3553658,4,1
3553708,9,1
3553807,5,1
3553856,2,1
3553906,4,1
3553955,6,1
3554003,12,1
3554102,14,1
3554201,1,1
3554300,4,1
3554409,3,1
3554508,5,1
3554607,4,1
3554656,4,1
3554706,7,1
3554755,6,1
3554805,5,1
3554904,4,1
3554953,2,1
3555000,9,1
3555109,3,1
3555208,3,1
3555307,4,1
3555356,7,1
3555406,7,1
3555505,2,1
3555604,5,1
3555703,1,1
3555802,2,1
3555901,6,1
3556008,3,1
3556107,1,1
3556206,9,1
3556305,7,1
3556354,2,1
3556404,6,1
3556453,8,1
3556503,5,1
3556602,7,1
3556701,8,1
3556800,6,1
3556909,4,1
3556958,1,1
3557006,9,1
3557105,12,1
3557154,3,1
3557204,6,1
3557303,3,1
4100103,2,1
4100202,2,1
4100301,2,1
4100400,9,1
4100459,3,1
4100509,3,1
4100608,4,1
4100707,4,1
4100806,4,1
4100905,2,1
4101002,6,1
4101051,5,1
4101101,6,1
4101150,5,1
4101200,6,1
4101309,4,1
4101408,11,1
4101507,6,1
4101606,5,1
4101655,2,1
4101705,4,1
4101804,9,1
4101853,2,1
4101903,12,1
4102000,5,1
4102109,7,1
4102208,6,1
4102307,3,1
4102406,5,1
4102505,8,1
4102604,4,1
4102703,4,1
4102752,2,1
4102802,4,1
4102901,4,1
4103008,6,1
4103024,4,1
4103040,2,1
4103057,3,1
4103107,2,1
4103156,2,1
4103206,4,1
4103222,2,1
4103305,3,1
4103354,2,1
4103370,3,1
4103404,3,1
4103453,8,1
4103479,5,1
4103503,3,1
4103602,8,1
4103701,6,1
4103800,5,1
4103909,4,1
4103958,2,1
4104006,7,1
4104055,5,1
4104105,3,1
4104204,9,1
4104253,6,1
4104303,12,1
4104402,1,1
4104428,4,1
4104451,3,1
4104501,7,1
4104600,4,1
4104659,3,1
4104709,2,1
4104808,10,1
4104907,12,1
4105003,6,1
4105102,11,1
4105201,5,1
4105300,7,1
4105409,8,1
4105508,11,1
4105607,5,1
4105706,4,1
4105805,9,1
4105904,10,1
4106001,5,1
4106100,3,1
4106209,5,1
4106308,9,1
4106407,7,1
4106456,2,1
4106506,5,1
4106555,3,1
4106571,2,1
4106605,10,1
4106704,3,1
4106803,6,1
4106852,1,1
4106902,8,1
4107009,2,1
4107108,3,1
4107124,2,1
4107157,3,1
4107207,7,1
4107256,4,1
4107306,2,1
4107405,2,1
4107504,3,1
4107520,3,1
4107538,5,1
4107546,3,1
4107553,2,1
4107603,6,1
4107652,8,1
4107702,4,1
4107736,3,1
4107751,3,1
4107801,4,1
4107850,2,1
4107900,2,1
4108007,2,1
4108106,4,1
4108205,6,1
4108304,12,1
4108320,4,1
4108403,11,1
4108452,7,1
4108502,2,1
4108551,3,1
4108601,4,1
4108650,2,1
4108700,5,1
4108809,10,1
4108908,1,1
4108957,2,1
4109005,5,1
4109104,3,1
4109203,3,1
4109302,6,1
4109401,10,1
4109500,7,1
4109609,7,1
4109658,3,1
4109708,9,1
4109757,7,1
4109807,10,1
4109906,3,1
4110003,3,1
4110052,3,1
4110078,4,1
4110102,4,1
4110201,2,1
4110300,2,1
4110409,5,1
4110508,5,1
4110607,4,1
4110656,2,1
4110706,10,1
4110805,4,1
4110904,2,1
4110953,8,1
4111001,3,1
4111100,4,1
4111209,6,1
4111258,2,1
4111308,2,1
4111407,2,1
4111506,7,1
4111555,5,1
4111605,3,1
4111704,2,1
4111803,4,1
4111902,4,1
4112009,7,1
4112108,4,1
4112207,2,1
4112306,2,1
4112405,3,1
4112504,7,1
4112603,3,1
4112702,4,1
4112751,3,1
4112801,13,1
4112900,1,1
4112959,4,1
4113007,5,1
4113106,6,1
4113205,11,1
4113254,3,1
4113304,5,1
4113403,2,1
4113429,3,1
4113452,4,1
4113502,6,1
4113601,5,1
4113700,14,1
4113734,5,1
4113759,2,1
4113809,2,1
4113908,5,1
4114005,7,1
4114104,5,1
4114203,9,1
4114302,6,1
4114351,2,1
4114401,3,1
4114500,3,1
4114609,10,1
4114708,2,1
4114807,6,1
4114906,3,1
4115002,2,1
4115101,1,1
4115200,14,1
4115309,4,1
4115358,5,1
4115408,9,1
4115457,3,1
4115507,3,1
4115606,3,1
4115705,6,1
4115739,3,1
4115754,4,1
4115804,8,1
4115853,6,1
4115903,4,1
4116000,3,1
4116059,6,1
4116109,5,1
4116208,3,1
4116307,4,1
4116406,3,1
4116505,2,1
4116604,3,1
4116703,4,1
4116802,2,1
4116901,9,1
4116950,4,1
4117008,5,1
4117057,2,1
4117107,3,1
4117206,3,1
4117214,2,1
4117222,5,1
4117255,2,1
4117271,3,1
4117297,3,1
4117305,4,1
4117404,3,1
4117453,5,1
4117503,7,1
4117602,7,1
4117701,8,1
4117800,4,1
4117909,5,1
4118006,6,1
4118105,6,1
4118204,13,1
4118303,3,1
4118402,12,1
4118451,6,1
4118501,5,1
4118600,4,1
4118709,3,1
4118808,3,1
4118857,2,1
4118907,6,1
4119004,4,1
4119103,8,1
4119152,10,1
4119202,5,1
4119251,3,1
4119301,10,1
4119400,5,1
4119509,5,1
4119608,7,1
4119657,2,1
4119707,2,1
4119806,7,1
4119905,14,1
4119954,5,1
4120002,4,1
4120101,3,1
4120150,3,1
4120200,1,1
4120309,2,1
4120333,2,1
4120358,6,1
4120408,3,1
4120507,2,1
4120606,10,1
4120655,3,1
4120705,6,1
4120804,4,1
4120853,5,1
4120903,7,1
4121000,2,1
4121109,3,1
4121208,3,1
4121257,5,1
4121307,1,1
4121356,6,1
4121406,6,1
4121505,5,1
4121604,5,1
4121703,3,1
4121752,3,1
4121802,5,1
4121901,7,1
4122008,4,1
4122107,2,1
4122156,3,1
4122172,1,1
4122206,4,1
4122305,10,1
4122404,7,1
4122503,3,1
4122602,8,1
4122651,3,1
4122701,4,1
4122800,3,1
4122909,4,1
4123006,4,1
4123105,2,1
4123204,2,1
4123303,5,1
4123402,4,1
4123501,5,1
4123600,2,1
4123709,4,1
4123808,3,1
4123824,6,1
4123857,7,1
4123907,5,1
4123956,2,1
4124004,2,1
4124020,6,1
4124053,3,1
4124103,8,1
4124202,3,1
4124301,3,1
4124400,9,1
4124509,8,1
4124608,5,1
4124707,3,1
4124806,4,1
4124905,4,1
4125001,4,1
4125100,5,1
4125209,8,1
4125308,7,1
4125357,7,1
4125407,2,1
4125456,1,1
4125506,8,1
4125555,3,1
4125605,10,1
4125704,11,1
4125753,4,1
4125803,4,1
4125902,0,0
4126009,3,1
4126108,4,1
4126207,2,1
4126256,6,1
4126272,5,1
4126306,2,1
4126355,3,1
4126405,6,1
4126504,4,1
4126603,8,1
4126652,4,1
4126678,2,1
4126702,2,1
4126801,8,1
4126900,4,1
4127007,4,1
4127106,10,1
4127205,4,1
4127304,7,1
4127403,7,1
4127502,5,1
4127601,6,1
4127700,9,1
4127809,3,1
4127858,4,1
4127882,4,1
4127908,5,1
4127957,4,1
4127965,4,1
4128005,4,1
4128104,7,1
4128203,10,1
4128302,3,1
4128401,2,1
4128500,2,1
4128534,2,1
4128559,4,1
4128609,3,1
4128625,2,1
4128633,2,1
4128658,4,1
4128708,4,1
4128807,3,1
4200051,8,1
4200101,7,1
4200200,5,1
4200309,4,1
4200408,3,1
4200507,3,1
4200556,2,1
4200606,3,1
4200705,6,1
4200754,6,1
4200804,2,1
4200903,2,1
4201000,2,1
4201109,3,1
4201208,5,1
4201257,2,1
4201273,4,1
4201307,9,1
4201406,12,1
4201505,3,1
4201604,4,1
4201653,2,1
4201703,6,1
4201802,5,1
4201901,3,1
4201950,4,1
4202008,13,1
4202057,4,1
4202073,4,1
4202081,2,1
4202099,2,1
4202107,5,1
4202131,3,1
4202156,2,1
4202206,2,1
4202305,8,1
4202404,10,1
4202438,3,1
4202453,8,1
4202503,2,1
4202537,2,1
4202578,2,1
4202602,1,1
4202701,4,1
4202800,7,1
4202859,6,1
4202875,5,1
4202909,9,1
4203006,10,1
4203105,9,1
4203154,4,1
4203204,7,1
4203253,0,0
4203303,10,1
4203402,2,1
4203501,6,1
4203600,13,1
4203709,4,1
4203808,6,1
4203907,6,1
4203956,6,1
4204004,6,1
4204103,6,1
4204152,4,1
4204178,1,1
4204194,3,1
4204202,14,1
4204251,5,1
4204301,15,1
4204350,2,1
4204400,5,1
4204459,3,1
4204509,5,1
4204558,3,1
4204608,11,1
4204707,5,1
4204756,4,1
4204806,5,1
4204905,2,1
4205001,2,1
4205100,3,1
4205159,5,1
4205175,2,1
4205191,3,1
4205209,2,1
4205308,9,1
4205357,2,1
4205407,11,1
4205431,4,1
4205456,9,1
4205506,5,1
4205555,3,1
4205605,7,1
4205704,4,1
4205803,2,1
4205902,6,1
4206009,4,1
4206108,3,1
4206207,3,1
4206306,7,1
4206405,4,1
4206504,5,1
4206603,6,1
4206652,7,1
4206702,2,1
4206751,1,1
4206801,3,1
4206900,11,1
4207007,9,1
4207106,3,1
4207205,4,1
4207304,8,1
4207403,2,1
4207502,12,1
4207577,2,1
4207601,10,1
4207650,5,1
4207684,5,1
4207700,8,1
4207759,6,1
4207809,6,1
4207858,4,1
4207908,4,1
4208005,9,1
4208104,5,1
4208203,14,1
4208302,11,1
4208401,8,1
4208450,9,1
4208500,8,1
4208609,3,1
4208708,5,1
4208807,2,1
4208906,8,1
4208955,2,1
4209003,6,1
4209102,8,1
4209151,0,0
4209177,4,1
4209201,5,1
4209300,13,1
4209409,10,1
4209458,2,1
4209508,3,1
4209607,6,1
4209706,6,1
4209805,5,1
4209854,3,1
4209904,3,1
4210001,3,1
4210035,7,1
4210050,4,1
4210100,6,1
4210209,2,1
4210308,2,1
4210407,4,1
4210506,9,1
4210555,2,1
4210605,4,1
4210704,3,1
4210803,4,1
4210852,3,1
4210902,4,1
4211009,8,1
4211058,2,1
4211108,1,1
4211207,6,1
4211256,3,1
4211306,7,1
4211405,7,1
4211454,3,1
4211504,7,1
4211603,6,1
4211652,4,1
4211702,8,1
4211751,4,1
4211801,2,1
4211850,2,1
4211876,3,1
4211892,3,1
4211900,8,1
4212007,4,1
4212056,3,1
4212106,6,1
4212205,2,1
4212239,1,1
4212254,6,1
4212270,3,1
4212304,2,1
4212403,6,1
4212502,8,1
4212601,8,1
4212650,0,0
4212700,2,1
4212809,8,1
4212908,8,1
4213005,5,1
4213104,5,1
4213153,4,1
4213203,6,1
4213302,3,1
4213351,3,1
4213401,6,1
4213500,14,1
4213609,13,1
4213708,7,1
4213807,7,1
4213906,3,1
4214003,8,1
4214102,3,1
4214151,2,1
4214201,4,1
4214300,5,1
4214409,2,1
4214508,2,1
4214607,3,1
4214706,3,1
4214805,11,1
4214904,5,1
4215000,10,1
4215059,4,1
4215075,3,1
4215109,10,1
4215208,3,1
4215307,5,1
4215356,3,1
4215406,6,1
4215455,3,1
4215505,2,1
4215554,3,1
4215604,2,1
4215653,3,1
4215679,7,1
4215687,1,1
4215695,4,1
4215703,4,1
4215752,4,1
4215802,11,1
4215901,3,1
4216008,6,1
4216057,6,1
4216107,9,1
4216206,11,1
4216255,5,1
4216305,5,1
4216354,3,1
4216404,2,1
4216503,6,1
4216602,0,0
4216701,3,1
4216800,4,1
4216909,12,1
4217006,5,1
4217105,3,1
4217154,2,1
4217204,7,1
4217253,5,1
4217303,6,1
4217402,4,1
4217501,4,1
4217550,2,1
4217600,5,1
4217709,6,1
4217758,5,1
4217808,5,1
4217907,3,1
4217956,2,1
4218004,7,1
4218103,3,1
4218202,7,1
4218251,2,1
4218301,8,1
4218350,2,1
4218400,3,1
4218509,9,1
4218608,7,1
4218707,12,1
4218756,6,1
4218806,11,1
4218855,3,1
4218905,2,1
4218954,4,1
4219002,9,1
4219101,3,1
4219150,2,1
4219176,3,1
4219200,3,1
4219309,12,1
4219358,3,1
4219408,6,1
4219507,10,1
4219606,6,1
4219705,8,1
4219853,4,1
4220000,3,1
4300034,1,1
4300059,2,1
4300109,5,1
4300208,8,1
4300307,4,1
4300406,12,1
4300455,2,1
4300471,4,1
4300505,4,1
4300554,5,1
4300570,3,1
4300604,4,1
4300638,2,1
4300646,2,1
4300661,7,1
4300703,1,1
4300802,11,1
4300851,9,1
4300877,7,1
4300901,8,1
4301008,12,1
4301057,10,1
4301073,2,1
4301107,11,1
4301206,5,1
4301305,9,1
4301404,8,1
4301503,6,1
4301552,4,1
4301602,10,1
4301636,4,1
4301651,8,1
4301701,5,1
4301750,2,1
4301800,2,1
4301859,6,1
4301875,1,1
4301909,5,1
4301925,2,1
4301958,6,1
4302006,4,1
4302055,1,1
4302105,14,1
4302154,5,1
4302204,8,1
4302220,2,1
4302238,3,1
4302253,3,1
4302303,9,1
4302352,10,1
4302378,4,1
4302402,7,1
4302451,3,1
4302501,3,1
4302584,4,1
4302600,2,1
4302659,6,1
4302709,9,1
4302808,11,1
4302907,9,1
4303004,12,1
4303103,13,1
4303202,5,1
4303301,9,1
4303400,4,1
4303509,11,1
4303558,8,1
4303608,5,1
4303673,5,1
4303707,2,1
4303806,5,1
4303905,12,1
4304002,4,1
4304101,8,1
4304200,5,1
4304309,3,1
4304358,6,1
4304408,7,1
4304507,7,1
4304606,11,1
4304614,3,1
4304622,2,1
4304630,13,1
4304655,2,1
4304663,6,1
4304671,3,1
4304689,1,1
4304697,6,1
4304705,9,1
4304713,3,1
4304804,9,1
4304853,1,1
4304903,9,1
4304952,6,1
4305009,8,1
4305108,12,1
4305116,2,1
4305124,3,1
4305132,3,1
4305157,3,1
4305173,5,1
4305207,6,1
4305306,6,1
4305355,7,1
4305371,3,1
4305405,3,1
4305439,5,1
4305447,2,1
4305454,7,1
4305504,3,1
4305587,4,1
4305603,4,1
4305702,2,1
4305801,8,1
4305835,2,1
4305850,4,1
4305871,7,1
4305900,2,1
4305934,4,1
4305959,9,1
4305975,2,1
4306007,6,1
4306056,7,1
4306072,2,1
4306106,12,1
4306130,6,1
4306205,5,1
4306304,9,1
4306320,5,1
4306353,2,1
4306379,3,1
4306403,9,1
4306429,3,1
4306452,2,1
4306502,7,1
4306551,3,1
4306601,8,1
4306700,10,1
4306734,5,1
4306759,4,1
4306767,4,1
4306809,9,1
4306908,2,1
4306924,3,1
4306932,1,1
4306957,5,1
4306973,3,1
4307005,9,1
4307054,2,1
4307104,4,1
4307203,4,1
4307302,2,1
4307401,6,1
4307450,3,1
4307500,10,1
4307559,4,1
4307609,8,1
4307708,7,1
4307807,9,1
4307815,3,1
4307831,5,1
4307864,4,1
4307906,5,1
4308003,4,1
4308052,4,1
4308078,2,1
4308102,10,1
4308201,11,1
4308250,2,1
4308300,5,1
4308409,3,1
4308433,3,1
4308458,9,1
4308508,11,1
4308607,9,1
4308656,4,1
4308706,4,1
4308805,2,1
4308854,1,1
4308904,7,1
4309001,7,1
4309050,3,1
4309100,11,1
4309126,2,1
4309159,2,1
4309209,8,1
4309258,1,1
4309308,9,1
4309407,6,1
4309506,9,1
4309555,8,1
4309571,1,1
4309605,10,1
4309654,3,1
4309704,5,1
4309753,4,1
4309803,2,1
4309902,5,1
4309951,6,1
4310009,9,1
4310108,6,1
4310207,12,1
4310306,6,1
4310330,9,1
4310363,7,1
4310405,2,1
4310413,6,1
4310439,1,1
4310462,3,1
4310504,6,1
4310538,5,1
4310553,2,1
4310579,2,1
4310603,9,1
4310652,1,1
4310702,4,1
4310751,3,1
4310801,9,1
4310850,3,1
4310876,2,1
4310900,3,1
4311007,9,1
4311106,4,1
4311122,5,1
4311130,2,1
4311155,3,1
4311205,11,1
4311239,3,1
4311254,1,1
4311270,8,1
4311304,9,1
4311403,13,1
4311429,4,1
4311502,7,1
4311601,6,1
4311627,6,1
4311643,3,1
4311700,7,1
4311718,4,1
4311734,1,1
4311759,4,1
4311775,3,1
4311791,3,1
4311809,7,1
4311908,4,1
4311981,5,1
4312005,5,1
4312054,1,1
4312104,5,1
4312138,6,1
4312153,6,1
4312179,3,1
4312203,5,1
4312252,2,1
4312302,4,1
4312351,3,1
4312377,3,1
4312385,5,1
4312401,12,1
4312427,4,1
4312443,2,1
4312450,3,1
4312476,5,1
4312500,8,1
4312609,4,1
4312617,3,1
4312625,3,1
4312658,6,1
4312674,3,1
4312708,7,1
4312757,10,1
4312807,6,1
4312906,9,1
4312955,3,1
4313003,3,1
4313011,4,1
4313037,6,1
4313060,9,1
4313086,6,1
4313102,5,1
4313201,9,1
4313300,11,1
4313334,5,1
4313359,8,1
4313375,3,1
4313391,3,1
4313409,14,1
4313425,4,1
4313441,2,1
4313466,2,1
4313490,3,1
4313508,12,1
4313607,6,1
4313656,4,1
4313706,6,1
4313805,6,1
4313904,10,1
4313953,5,1
4314001,4,1
4314027,5,1
4314035,7,1
4314050,7,1
4314068,4,1
4314076,7,1
4314100,10,1
4314134,3,1
4314159,3,1
4314175,6,1
4314209,5,1
4314308,8,1
4314407,13,1
4314423,10,1
4314456,6,1
4314464,2,1
4314472,8,1
4314498,4,1
4314506,6,1
4314548,1,1
4314555,5,1
4314605,8,1
4314704,4,1
4314753,1,1
4314779,5,1
4314787,2,1
4314803,10,1
4314902,12,1
4315008,5,1
4315057,4,1
4315073,6,1
4315107,8,1
4315131,4,1
4315149,2,1
4315156,4,1
4315172,6,1
4315206,3,1
4315305,11,1
4315313,3,1
4315321,4,1
4315354,6,1
4315404,2,1
4315453,2,1
4315503,6,1
4315552,6,1
4315602,11,1
4315701,8,1
4315750,1,1
4315800,7,1
4315909,4,1
4315958,4,1
4316006,6,1
4316105,2,1
4316204,4,1
4316303,3,1
4316402,7,1
4316428,2,1
4316436,5,1
4316451,4,1
4316477,4,1
4316501,9,1
4316600,8,1
4316709,11,1
4316733,1,1
4316758,5,1
4316808,9,1
4316907,13,1
4316956,3,1
4316972,3,1
4317004,5,1
4317103,5,1
4317202,11,1
4317251,4,1
4317301,9,1
4317400,7,1
4317509,11,1
4317558,5,1
4317608,9,1
4317707,3,1
4317756,3,1
4317806,7,1
4317905,4,1
4317954,3,1
4318002,7,1
4318051,9,1
4318101,7,1
4318200,4,1
4318309,6,1
4318408,10,1
4318424,4,1
4318432,3,1
4318440,5,1
4318457,3,1
4318465,7,1
4318481,6,1
4318499,2,1
4318507,4,1
4318606,4,1
4318614,3,1
4318622,3,1
4318705,13,1
4318804,6,1
4318903,13,1
4319000,9,1
4319109,4,1
4319125,0,0
4319158,7,1
4319208,4,1
4319307,3,1
4319356,8,1
4319364,4,1
4319372,5,1
4319406,11,1
4319505,9,1
4319604,12,1
4319703,3,1
4319711,1,1
4319737,3,1
4319752,2,1
4319802,6,1
4319901,13,1
4320008,5,1
4320107,5,1
4320206,9,1
4320230,3,1
4320263,4,1
4320305,7,1
4320321,3,1
4320354,2,1
4320404,6,1
4320453,5,1
4320503,6,1
4320552,2,1
4320578,3,1
4320602,4,1
4320651,3,1
4320677,6,1
4320701,8,1
4320800,13,1
4320859,2,1
4320909,6,1
4321006,11,1
4321105,8,1
4321204,12,1
4321303,10,1
4321329,3,1
4321352,5,1
4321402,5,1
4321436,5,1
4321451,9,1
4321469,3,1
4321477,3,1
4321493,5,1
4321501,5,1
4321600,5,1
4321626,4,1
4321634,6,1
4321667,3,1
4321709,6,1
4321808,7,1
4321832,2,1
4321857,8,1
4321907,7,1
4321956,5,1
4322004,6,1
4322103,2,1
4322152,2,1
4322186,5,1
4322202,10,1
4322251,7,1
4322301,8,1
4322327,2,1
4322343,2,1
4322350,3,1
4322376,4,1
4322400,9,1
4322509,12,1
4322525,5,1
4322533,4,1
4322541,7,1
4322558,5,1
4322608,6,1
4322707,12,1
4322806,9,1
4322855,4,1
4322905,6,1
4323002,7,1
4323101,5,1
4323200,7,1
4323309,7,1
4323358,2,1
4323408,3,1
4323457,2,1
4323507,2,1
4323606,3,1
4323705,2,1
4323754,4,1
4323770,2,1
4323804,3,1
5000203,6,1
5000252,3,1
5000609,11,1
5000708,8,1
5000807,5,1
5000856,2,1
5000906,5,1
5001003,5,1
5001102,8,1
5001243,6,1
5001508,4,1
5001904,7,1
5002001,4,1
5002100,9,1
5002159,7,1
5002209,4,1
5002308,4,1
5002407,9,1
5002605,6,1
5002704,15,1
5002803,4,1
5002902,7,1
5002951,7,1
5003108,2,1
5003157,3,1
5003207,12,1
5003256,9,1
5003306,9,1
5003454,3,1
5003488,1,1
5003504,3,1
5003702,9,1
5003751,2,1
5003801,10,1
5003900,2,1
5004007,5,1
5004106,2,1
5004304,3,1
5004403,4,1
5004502,6,1
5004601,7,1
5004700,7,1
5004809,2,1
5004908,2,1
5005004,7,1
5005103,8,1
5005152,1,1
5005202,4,1
5005251,3,1
5005400,8,1
5005608,4,1
5005681,7,1
5005707,2,1
5005806,2,1
5006002,4,1
5006200,5,1
5006259,1,1
5006275,2,1
5006309,8,1
5006358,3,1
5006408,3,1
5006606,11,1
5006903,7,1
5007109,3,1
5007208,3,1
5007307,3,1
5007406,9,1
5007505,4,1
5007554,2,1
5007695,5,1
5007703,2,1
5007802,3,1
5007901,4,1
5007935,3,1
5007950,1,1
5007976,2,1
5008008,5,1
5008305,11,1
5008404,1,1
5100102,3,1
5100201,4,1
5100250,9,1
5100300,3,1
5100359,5,1
5100409,2,1
5100508,3,1
5100607,4,1
5100805,3,1
5101001,2,1
5101209,2,1
5101258,3,1
5101308,2,1
5101407,3,1
5101605,4,1
5101704,7,1
5101803,11,1
5101852,2,1
5101902,4,1
5102504,15,1
5102603,3,1
5102637,8,1
5102678,6,1
5102686,5,1
5102694,3,1
5102702,6,1
5102793,3,1
5102850,3,1
5103007,2,1
5103056,3,1
5103106,2,1
5103205,4,1
5103254,5,1
5103304,10,1
5103353,8,1
5103361,1,1
5103379,5,1
5103403,13,1
5103437,3,1
5103452,2,1
5103502,8,1
5103601,6,1
5103700,4,1
5103809,3,1
5103858,4,1
5103908,2,1
5103957,2,1
5104104,5,1
5104203,5,1
5104500,1,1
5104526,2,1
5104542,6,1
5104559,3,1
5104609,4,1
5104807,10,1
5104906,2,1
5105002,6,1
5105101,6,1
5105150,3,1
5105176,2,1
5105200,3,1
5105234,4,1
5105259,9,1
5105309,4,1
5105507,6,1
5105580,4,1
5105606,3,1
5105622,3,1
5105903,3,1
5106000,4,1
5106109,7,1
5106158,1,1
5106174,3,1
5106182,2,1
5106190,2,1
5106208,4,1
5106216,1,1
5106224,4,1
5106232,2,1
5106240,3,1
5106257,10,1
5106265,3,1
5106273,3,1
5106281,4,1
5106299,3,1
5106307,4,1
5106315,2,1
5106372,3,1
5106422,6,1
5106455,3,1
5106505,7,1
5106653,4,1
5106703,3,1
5106752,6,1
5106778,3,1
5106802,6,1
5106828,5,1
5106851,1,1
5107008,6,1
5107040,13,1
5107065,4,1
5107107,7,1
5107156,1,1
5107180,0,0
5107198,4,1
5107206,3,1
5107248,4,1
5107263,2,1
5107297,2,1
5107305,4,1
5107354,2,1
5107404,4,1
5107578,2,1
5107602,10,1
5107701,7,1
5107743,1,1
5107750,4,1
5107768,6,1
5107776,1,1
5107792,3,1
5107800,7,1
5107859,7,1
5107875,4,1
5107883,3,1
5107909,13,1
5107925,14,1
5107941,6,1
5107958,9,1
5108006,5,1
5108055,3,1
5108105,3,1
5108204,2,1
5108303,3,1
5108352,2,1
5108402,7,1
5108501,6,1
5108600,8,1
5108808,3,1
5108857,3,1
5108907,3,1
5108956,4,1
5200050,2,1
5200100,6,1
5200134,3,1
5200159,3,1
5200175,4,1
5200209,2,1
5200258,4,1
5200308,6,1
5200506,3,1
5200555,3,1
5200605,5,1
5200803,4,1
5200829,5,1
5200852,3,1
5200902,5,1
5201108,13,1
5201207,2,1
5201306,4,1
5201405,6,1
5201454,1,1
5201504,3,1
5201603,2,1
5201702,3,1
5201801,2,1
5202155,1,1
5202353,2,1
5202502,2,1
5202601,2,1
5202809,3,1
5203104,2,1
5203203,1,1
5203302,2,1
5203401,1,1
5203500,2,1
5203559,9,1
5203575,1,1
5203609,3,1
5203807,3,1
5203906,2,1
5203939,2,1
5203962,2,1
5204003,2,1
5204102,2,1
5204201,1,1
5204250,3,1
5204300,8,1
5204409,5,1
5204508,7,1
5204557,5,1
5204607,4,1
5204656,2,1
5204706,6,1
5204805,3,1
5204854,2,1
5204904,2,1
5204953,4,1
5205000,3,1
5205059,2,1
5205109,11,1
5205208,5,1
5205307,3,1
5205406,8,1
5205455,3,1
5205471,7,1
5205497,6,1
5205513,3,1
5205521,3,1
5205703,3,1
5205802,7,1
5205901,7,1
5206206,4,1
5206305,3,1
5206404,9,1
5206503,2,1
5206602,2,1
5206701,1,1
5206800,2,1
5206909,3,1
5207105,3,1
5207253,3,1
5207352,2,1
5207402,5,1
5207501,2,1
5207535,1,1
5207600,3,1
5207808,1,1
5207907,4,1
5208004,8,1
5208103,3,1
5208152,3,1
5208301,6,1
5208400,4,1
5208509,4,1
5208608,8,1
5208707,13,1
5208806,4,1
5208905,9,1
5209101,6,1
5209150,3,1
5209200,2,1
5209291,2,1
5209408,3,1
5209457,1,1
5209606,5,1
5209705,3,1
5209804,2,1
5209903,2,1
5209937,1,1
5209952,2,1
5210000,8,1
5210109,11,1
5210158,2,1
5210208,4,1
5210307,4,1
5210406,3,1
5210562,4,1
5210604,2,1
5210802,4,1
5210901,1,1
5211008,2,1
5211206,7,1
5211305,3,1
5211404,3,1
5211503,7,1
5211602,2,1
5211701,3,1
5211800,3,1
5211909,9,1
5212006,3,1
5212055,4,1
5212105,3,1
5212204,4,1
5212253,3,1
5212303,3,1
5212501,12,1
5212600,2,1
5212709,3,1
5212808,4,1
5212907,3,1
5212956,6,1
5213004,3,1
5213053,1,1
5213087,7,1
5213103,9,1
5213400,2,1
5213509,5,1
5213707,2,1
5213756,2,1
5213772,1,1
5213806,8,1
5213855,1,1
5213905,6,1
5214002,3,1
5214051,2,1
5214101,3,1
5214408,2,1
5214507,3,1
5214606,8,1
5214705,4,1
5214804,3,1
5214838,2,1
5214861,2,1
5214879,3,1
5214903,5,1
5215009,4,1
5215207,2,1
5215231,4,1
5215256,2,1
5215306,8,1
5215405,2,1
5215504,5,1
5215603,1,1
5215652,6,1
5215702,4,1
5215801,5,1
5215900,1,1
5216007,1,1
5216304,4,1
5216403,5,1
5216452,2,1
5216809,3,1
5216908,3,1
5217104,3,1
5217203,4,1
5217302,10,1
5217401,4,1
5217609,5,1
5217708,5,1
5218003,7,1
5218052,2,1
5218102,2,1
5218300,6,1
5218391,3,1
5218508,8,1
5218607,3,1
5218706,4,1
5218789,2,1
5218805,8,1
5218904,2,1
5219001,2,1
5219100,3,1
5219209,7,1
5219258,2,1
5219308,6,1
5219357,5,1
5219407,2,1
5219456,3,1
5219506,2,1
5219605,2,1
5219704,3,1
5219712,2,1
5219738,4,1
5219753,7,1
5219803,4,1
5219902,4,1
5220009,3,1
5220058,3,1
5220108,2,1
5220157,7,1
5220207,2,1
5220264,2,1
5220280,2,1
5220405,1,1
5220454,4,1
5220504,4,1
5220603,9,1
5220686,2,1
5220702,2,1
5221007,2,1
5221080,2,1
5221197,3,1
5221304,2,1
5221403,11,1
5221452,1,1
5221502,2,1
5221551,3,1
5221577,2,1
5221601,10,1
5221700,4,1
5221809,3,1
5221858,6,1
5221908,2,1
5222005,4,1
5222054,3,1
5222203,2,1
5222302,2,1
5300108,14,1
