cod_municipio,n_dir,pelo_menos_um_dir
1100015,10,1
1100023,3,1
1100031,4,1
1100049,4,1
1100056,5,1
1100064,0,0
1100072,6,1
1100080,5,1
1100098,1,1
1100106,5,1
1100114,3,1
1100122,0,0
1100130,2,1
1100148,0,0
1100155,4,1
1100189,2,1
1100205,3,1
1100254,1,1
1100262,4,1
1100288,5,1
1100296,3,1
1100304,2,1
1100320,0,0
1100338,0,0
1100346,6,1
1100379,4,1
1100403,0,0
1100452,1,1
1100502,3,1
1100601,3,1
1100700,2,1
1100809,1,1
1100908,10,1
1100924,1,1
1100940,1,1
1101005,3,1
1101104,1,1
1101203,0,0
1101302,2,1
1101401,0,0
1101435,0,0
1101450,0,0
1101468,0,0
1101476,0,0
1101484,3,1
1101492,9,1
1101500,4,1
1101559,6,1
1101609,2,1
1101708,6,1
1101757,3,1
1101807,2,1
1200013,1,1
1200054,7,1
1200104,3,1
1200138,0,0
1200179,0,0
1200203,3,1
1200252,2,1
1200302,0,0
1200328,0,0
1200336,3,1
1200344,3,1
1200351,0,0
1200385,2,1
1200393,0,0
1200401,5,1
1200427,0,0
1200435,0,0
1200450,4,1
1200500,5,1
1200609,3,1
1200708,0,0
1200807,0,0
1300029,0,0
1300060,2,1
1300086,3,1
1300102,1,1
1300144,6,1
1300201,9,1
1300300,8,1
1300409,1,1
1300508,0,0
1300607,10,1
1300631,5,1
1300680,5,1
1300706,0,0
1300805,7,1
1300839,0,0
1300904,0,0
1301001,0,0
1301100,4,1
1301159,2,1
1301209,5,1
1301308,5,1
1301407,2,1
1301506,3,1
1301605,5,1
1301654,2,1
1301704,0,0
1301803,2,1
1301852,0,0
1301902,5,1
1301951,0,0
1302009,3,1
1302108,5,1
1302207,0,0
1302306,0,0
1302405,3,1
1302504,5,1
1302553,8,1
1302603,7,1
1302702,9,1
1302801,2,1
1302900,9,1
1303007,0,0
1303106,8,1
1303205,9,1
1303304,7,1
1303403,7,1
1303502,9,1
1303536,6,1
1303569,5,1
1303601,3,1
1303700,8,1
1303809,0,0
1303908,5,1
1303957,1,1
1304005,2,1
1304062,1,1
1304104,2,1
1304203,12,1
1304237,5,1
1304260,0,0
1304302,0,0
1304401,2,1
1400027,4,1
1400050,8,1
1400100,0,0
1400159,1,1
1400175,6,1
1400209,1,1
1400233,2,1
1400282,3,1
1400308,5,1
1400407,4,1
1400456,0,0
1400472,5,1
1400506,10,1
1400605,2,1
1400704,5,1
1500107,4,1
1500131,4,1
1500206,13,1
1500305,6,1
1500347,3,1
1500404,0,0
1500503,0,0
1500602,0,0
1500701,1,1
1500800,7,1
1500859,0,0
1500909,5,1
1500958,0,0
1501006,2,1
1501105,0,0
1501204,4,1
1501253,4,1
1501303,4,1
1501402,7,1
1501451,1,1
1501501,6,1
1501576,3,1
1501600,5,1
1501709,4,1
1501725,11,1
1501758,3,1
1501782,6,1
1501808,4,1
1501907,2,1
1501956,1,1
1502004,7,1
1502103,3,1
1502152,3,1
1502202,3,1
1502301,13,1
1502400,5,1
1502509,0,0
1502608,1,1
1502707,2,1
1502756,7,1
1502764,6,1
1502772,0,0
1502806,2,1
1502855,1,1
1502905,0,0
1502939,3,1
1502954,6,1
1503002,1,1
1503044,7,1
1503077,8,1
1503093,6,1
1503101,2,1
1503200,1,1
1503309,2,1
1503408,2,1
1503457,2,1
1503507,3,1
1503606,8,1
1503705,11,1
1503754,2,1
1503804,3,1
1503903,1,1
1504000,0,0
1504059,3,1
1504109,0,0
1504208,3,1
1504307,1,1
1504406,2,1
1504422,7,1
1504455,4,1
1504505,0,0
1504604,0,0
1504703,1,1
1504752,0,0
1504802,0,0
1504901,2,1
1504950,6,1
1504976,2,1
1505007,8,1
1505031,3,1
1505064,14,1
1505106,4,1
1505205,0,0
1505304,0,0
1505403,10,1
1505437,3,1
1505486,3,1
1505494,0,0
1505502,5,1
1505536,0,0
1505551,1,1
1505601,0,0
1505635,6,1
1505650,0,0
1505700,0,0
1505809,4,1
1505908,3,1
1506005,2,1
1506104,10,1
1506112,9,1
1506138,2,1
1506161,2,1
1506187,0,0
1506195,0,0
1506203,6,1
1506302,2,1
1506351,3,1
1506401,0,0
1506500,1,1
1506559,0,0
1506583,6,1
1506609,4,1
1506708,5,1
1506807,4,1
1506906,1,1
1507003,2,1
1507102,2,1
1507151,0,0
1507201,2,1
1507300,3,1
1507409,3,1
1507458,3,1
1507466,3,1
1507474,6,1
1507508,2,1
1507607,6,1
1507706,2,1
1507755,5,1
1507805,1,1
1507904,6,1
1507953,4,1
1507961,3,1
1507979,0,0
1508001,3,1
1508035,6,1
1508050,4,1
1508084,5,1
1508100,4,1
1508126,4,1
1508159,0,0
1508209,0,0
1508308,3,1
1508357,5,1
1508407,4,1
1600055,1,1
1600105,1,1
1600154,2,1
1600204,3,1
1600212,3,1
1600238,2,1
1600253,3,1
1600279,4,1
1600303,3,1
1600402,3,1
1600501,1,1
1600535,2,1
1600550,1,1
1600600,8,1
1600709,2,1
1600808,3,1
1700251,1,1
1700301,5,1
1700350,2,1
1700400,5,1
1700707,2,1
1701002,0,0
1701051,4,1
1701101,2,1
1701309,3,1
1701903,4,1
1702000,0,0
1702109,7,1
1702158,4,1
1702208,9,1
1702307,6,1
1702406,5,1
1702554,6,1
1702703,0,0
1702901,0,0
1703008,8,1
1703057,0,0
1703073,0,0
1703107,2,1
1703206,0,0
1703305,1,1
1703602,7,1
1703701,4,1
1703800,4,1
1703826,4,1
1703842,0,0
1703867,0,0
1703883,4,1
1703891,4,1
1703909,2,1
1704105,5,1
1704600,0,0
1705102,0,0
1705508,7,1
1705557,1,1
1705607,2,1
1706001,6,1
1706100,0,0
1706258,1,1
1706506,1,1
1707009,6,1
1707108,0,0
1707207,2,1
1707306,2,1
1707405,6,1
1707553,0,0
1707652,1,1
1707702,0,0
1708205,2,1
1708254,3,1
1708304,3,1
1709005,0,0
1709302,6,1
1709500,3,1
1709807,4,1
1710508,2,1
1710706,0,0
1710904,5,1
1711100,1,1
1711506,1,1
1711803,0,0
1711902,5,1
1711951,0,0
1712009,6,1
1712157,0,0
1712405,0,0
1712454,3,1
1712504,2,1
1712702,0,0
1712801,2,1
1713205,2,1
1713304,12,1
1713601,1,1
1713700,2,1
1713809,2,1
1713957,5,1
1714203,1,1
1714302,2,1
1714880,0,0
1715002,0,0
1715101,2,1
1715150,1,1
1715259,2,1
1715507,1,1
1715705,4,1
1715754,5,1
1716109,2,1
1716208,0,0
1716307,3,1
1716505,6,1
1716604,0,0
1716653,0,0
1716703,2,1
1717008,6,1
1717206,0,0
1717503,1,1
1717800,1,1
1717909,1,1
1718006,3,1
1718204,11,1
1718303,4,1
1718402,3,1
1718451,0,0
1718501,1,1
1718550,2,1
1718659,0,0
1718709,0,0
1718758,3,1
1718808,5,1
1718840,3,1
1718865,0,0
1718881,2,1
1718899,0,0
1718907,4,1
1719004,0,0
1720002,2,1
1720101,1,1
1720150,1,1
1720200,2,1
1720259,0,0
1720309,0,0
1720499,2,1
1720655,6,1
1720804,6,1
1720853,0,0
1720903,1,1
1720937,3,1
1720978,0,0
1721000,9,1
1721109,8,1
1721208,1,1
1721257,6,1
1721307,0,0
1722081,4,1
1722107,1,1
2100055,8,1
2100105,1,1
2100154,4,1
2100204,2,1
2100303,2,1
2100402,1,1
2100436,4,1
2100477,3,1
2100501,0,0
2100550,0,0
2100600,2,1
2100709,2,1
2100808,4,1
2100832,0,0
2100873,0,0
2100907,1,1
2100956,0,0
2101004,1,1
2101103,3,1
2101202,0,0
2101251,1,1
2101301,0,0
2101350,3,1
2101400,1,1
2101509,9,1
2101608,0,0
2101707,2,1
2101731,12,1
2101772,13,1
2101806,1,1
2101905,2,1
2101939,5,1
2101970,1,1
2102002,4,1
2102036,3,1
2102077,0,0
2102101,1,1
2102150,4,1
2102200,0,0
2102309,5,1
2102325,9,1
2102358,2,1
2102374,0,0
2102408,0,0
2102507,1,1
2102556,1,1
2102606,1,1
2102705,7,1
2102754,1,1
2102804,7,1
2102903,2,1
2103000,3,1
2103109,0,0
2103125,3,1
2103158,5,1
2103174,5,1
2103208,4,1
2103257,0,0
2103307,10,1
2103406,3,1
2103505,6,1
2103554,0,0
2103604,1,1
2103703,13,1
2103752,0,0
2103802,0,0
2103901,1,1
2104008,3,1
2104057,5,1
2104073,1,1
2104081,0,0
2104099,3,1
2104107,3,1
2104206,2,1
2104305,4,1
2104404,0,0
2104503,0,0
2104552,0,0
2104602,0,0
2104628,0,0
2104651,5,1
2104677,6,1
2104701,3,1
2104800,3,1
2104909,11,1
2105005,0,0
2105104,4,1
2105153,1,1
2105203,0,0
2105302,2,1
2105351,0,0
2105401,5,1
2105427,3,1
2105450,0,0
2105476,2,1
2105500,6,1
2105609,2,1
2105658,0,0
2105708,7,1
2105807,1,1
2105906,0,0
2105922,5,1
2105948,0,0
2105963,0,0
2105989,3,1
2106003,0,0
2106102,8,1
2106201,0,0
2106300,8,1
2106326,1,1
2106359,1,1
2106375,1,1
2106409,0,0
2106508,1,1
2106607,2,1
2106631,4,1
2106672,1,1
2106706,3,1
2106755,2,1
2106805,0,0
2106904,1,1
2107001,0,0
2107100,1,1
2107209,12,1
2107258,1,1
2107308,0,0
2107357,1,1
2107407,0,0
2107456,7,1
2107506,5,1
2107605,2,1
2107704,0,0
2107803,5,1
2107902,1,1
2108009,5,1
2108058,0,0
2108108,0,0
2108207,5,1
2108256,1,1
2108306,2,1
2108405,3,1
2108454,3,1
2108504,3,1
2108603,1,1
2108702,2,1
2108801,13,1
2108900,5,1
2109007,0,0
2109056,1,1
2109106,0,0
2109205,0,0
2109239,0,0
2109270,2,1
2109304,5,1
2109403,0,0
2109452,7,1
2109502,5,1
2109551,2,1
2109601,8,1
2109700,0,0
2109759,0,0
2109809,4,1
2109908,1,1
2110005,2,1
2110039,1,1
2110104,2,1
2110203,2,1
2110237,2,1
2110278,2,1
2110302,2,1
2110401,0,0
2110500,5,1
2110609,6,1
2110658,0,0
2110708,3,1
2110807,0,0
2110856,2,1
2110906,0,0
2111003,2,1
2111029,0,0
2111052,2,1
2111078,6,1
2111102,4,1
2111201,4,1
2111250,3,1
2111300,4,1
2111409,1,1
2111508,4,1
2111532,2,1
2111573,0,0
2111607,1,1
2111631,3,1
2111672,1,1
2111706,3,1
2111722,0,0
2111748,1,1
2111763,1,1
2111789,4,1
2111805,2,1
2111904,7,1
2111953,1,1
2112001,9,1
2112100,3,1
2112209,6,1
2112233,5,1
2112274,4,1
2112308,2,1
2112407,0,0
2112456,1,1
2112506,0,0
2112605,5,1
2112704,13,1
2112803,9,1
2112852,0,0
2112902,2,1
2113009,2,1
2114007,2,1
2200053,2,1
2200103,3,1
2200202,6,1
2200251,0,0
2200277,0,0
2200301,0,0
2200400,0,0
2200459,3,1
2200509,1,1
2200608,5,1
2200707,4,1
2200806,3,1
2200905,0,0
2200954,0,0
2201002,0,0
2201051,0,0
2201101,0,0
2201150,1,1
2201176,2,1
2201200,2,1
2201309,0,0
2201408,4,1
2201507,1,1
2201556,0,0
2201572,0,0
2201606,2,1
2201705,3,1
2201739,1,1
2201770,3,1
2201804,1,1
2201903,4,1
2201919,0,0
2201929,6,1
2201945,1,1
2201960,0,0
2201988,2,1
2202000,3,1
2202026,0,0
2202059,3,1
2202075,0,0
2202083,1,1
2202091,1,1
2202109,1,1
2202117,5,1
2202133,0,0
2202174,3,1
2202208,5,1
2202251,4,1
2202307,3,1
2202406,0,0
2202455,2,1
2202505,3,1
2202539,3,1
2202554,5,1
2202604,8,1
2202653,1,1
2202703,2,1
2202711,5,1
2202729,3,1
2202737,2,1
2202752,1,1
2202778,0,0
2202802,4,1
2202851,4,1
2202901,3,1
2203008,2,1
2203107,5,1
2203206,2,1
2203230,1,1
2203255,7,1
2203271,8,1
2203305,9,1
2203354,5,1
2203404,1,1
2203420,0,0
2203453,5,1
2203503,1,1
2203602,2,1
2203701,6,1
2203750,3,1
2203800,4,1
2203859,0,0
2203909,7,1
2204006,3,1
2204105,0,0
2204154,1,1
2204204,4,1
2204303,0,0
2204352,1,1
2204402,3,1
2204501,1,1
2204550,3,1
2204600,1,1
2204659,0,0
2204709,3,1
2204808,1,1
2204907,3,1
2205003,1,1
2205102,2,1
2205151,1,1
2205201,5,1
2205250,1,1
2205276,1,1
2205300,0,0
2205359,5,1
2205409,2,1
2205458,7,1
2205508,8,1
2205516,11,1
2205524,0,0
2205532,3,1
2205540,8,1
2205557,3,1
2205565,2,1
2205573,0,0
2205581,10,1
2205599,0,0
2205607,4,1
2205706,2,1
2205805,8,1
2205854,5,1
2205904,5,1
2205953,5,1
2206001,4,1
2206050,0,0
2206100,0,0
2206209,2,1
2206308,10,1
2206357,0,0
2206407,6,1
2206506,1,1
2206605,2,1
2206654,2,1
2206670,3,1
2206696,1,1
2206704,3,1
2206720,5,1
2206753,5,1
2206803,11,1
2206902,1,1
2206951,4,1
2207009,1,1
2207108,7,1
2207207,1,1
2207306,0,0
2207355,2,1
2207405,2,1
2207504,5,1
2207553,1,1
2207603,0,0
2207702,3,1
2207751,7,1
2207777,1,1
2207793,0,0
2207801,1,1
2207850,4,1
2207900,5,1
2207934,0,0
2207959,1,1
2208007,10,1
2208106,3,1
2208205,0,0
2208304,3,1
2208403,6,1
2208502,7,1
2208551,2,1
2208601,3,1
2208650,9,1
2208700,1,1
2208809,3,1
2208858,0,0
2208874,0,0
2208908,2,1
2209005,1,1
2209104,0,0
2209153,5,1
2209203,3,1
2209302,6,1
2209351,2,1
2209377,4,1
2209401,12,1
2209450,0,0
2209500,0,0
2209559,2,1
2209609,2,1
2209658,0,0
2209708,0,0
2209757,0,0
2209807,6,1
2209856,3,1
2209872,0,0
2209906,2,1
2209955,1,1
2209971,3,1
2210003,1,1
2210052,0,0
2210102,0,0
2210201,4,1
2210300,4,1
2210359,3,1
2210375,1,1
2210383,0,0
2210391,4,1
2210409,11,1
2210508,4,1
2210607,9,1
2210623,0,0
2210631,3,1
2210656,5,1
2210706,4,1
2210805,1,1
2210904,2,1
2210938,3,1
2210953,2,1
2210979,0,0
2211001,12,1
2211100,9,1
2211209,3,1
2211308,2,1
2211357,1,1
2211407,4,1
2211506,5,1
2211605,4,1
2211704,1,1
2300101,6,1
2300150,7,1
2300200,5,1
2300309,2,1
2300408,7,1
2300507,2,1
2300606,4,1
2300705,5,1
2300754,9,1
2300804,3,1
2300903,7,1
2301000,5,1
2301109,1,1
2301208,2,1
2301257,7,1
2301307,10,1
2301406,9,1
2301505,4,1
2301604,5,1
2301703,4,1
2301802,9,1
2301851,9,1
2301901,4,1
2301950,2,1
2302008,2,1
2302057,0,0
2302107,5,1
2302206,5,1
2302305,7,1
2302404,3,1
2302503,8,1
2302602,2,1
2302701,3,1
2302800,6,1
2302909,7,1
2303006,1,1
2303105,1,1
2303204,7,1
2303303,4,1
2303402,2,1
2303501,1,1
2303600,3,1
2303659,3,1
2303709,3,1
2303808,4,1
2303907,0,0
2303931,1,1
2303956,2,1
2304004,6,1
2304103,4,1
2304202,6,1
2304236,0,0
2304251,6,1
2304269,4,1
2304277,6,1
2304285,6,1
2304301,4,1
2304350,7,1
2304400,2,1
2304459,4,1
2304509,0,0
2304608,0,0
2304657,0,0
2304707,2,1
2304806,5,1
2304905,1,1
2304954,5,1
2305001,2,1
2305100,3,1
2305209,0,0
2305233,4,1
2305266,2,1
2305308,2,1
2305332,1,1
2305357,3,1
2305407,3,1
2305506,6,1
2305605,3,1
2305654,2,1
2305704,0,0
2305803,3,1
2305902,0,0
2306009,0,0
2306108,4,1
2306207,3,1
2306256,2,1
2306306,2,1
2306405,7,1
2306504,6,1
2306553,5,1
2306603,3,1
2306702,1,1
2306801,0,0
2306900,2,1
2307007,2,1
2307106,0,0
2307205,0,0
2307254,6,1
2307304,8,1
2307403,7,1
2307502,3,1
2307601,6,1
2307635,4,1
2307650,5,1
2307700,8,1
2307809,7,1
2307908,3,1
2308005,8,1
2308104,6,1
2308203,1,1
2308302,8,1
2308351,3,1
2308377,7,1
2308401,6,1
2308500,4,1
2308609,10,1
2308708,3,1
2308807,1,1
2308906,4,1
2309003,7,1
2309102,0,0
2309201,3,1
2309300,6,1
2309409,7,1
2309458,5,1
2309508,0,0
2309607,4,1
2309706,4,1
2309805,3,1
2309904,4,1
2310001,1,1
2310100,2,1
2310209,7,1
2310258,2,1
2310308,3,1
2310407,1,1
2310506,6,1
2310605,5,1
2310704,4,1
2310803,0,0
2310852,7,1
2310902,2,1
2310951,2,1
2311009,4,1
2311108,3,1
2311207,7,1
2311231,0,0
2311264,5,1
2311306,8,1
2311355,8,1
2311405,0,0
2311504,4,1
2311603,4,1
2311702,2,1
2311801,9,1
2311900,3,1
2311959,2,1
2312007,2,1
2312106,5,1
2312205,0,0
2312304,9,1
2312403,3,1
2312502,2,1
2312601,4,1
2312700,5,1
2312809,0,0
2312908,5,1
2313005,3,1
2313104,4,1
2313203,4,1
2313252,4,1
2313302,3,1
2313351,7,1
2313401,4,1
2313500,4,1
2313559,2,1
2313609,4,1
2313708,1,1
2313757,0,0
2313807,1,1
2313906,2,1
2313955,1,1
2314003,8,1
2314102,5,1
2400109,7,1
2400208,1,1
2400307,6,1
2400406,1,1
2400505,5,1
2400604,2,1
2400703,0,0
2400802,6,1
2400901,0,0
2401008,10,1
2401107,4,1
2401206,1,1
2401305,3,1
2401404,4,1
2401453,3,1
2401503,3,1
2401602,0,0
2401651,5,1
2401701,3,1
2401800,0,0
2401859,4,1
2401909,0,0
2402006,4,1
2402105,3,1
2402204,2,1
2402303,2,1
2402402,6,1
2402501,3,1
2402600,3,1
2402709,4,1
2402808,4,1
2402907,0,0
2403004,0,0
2403103,4,1
2403202,7,1
2403251,6,1
2403301,3,1
2403400,6,1
2403509,13,1
2403608,10,1
2403707,2,1
2403756,3,1
2403806,1,1
2403905,5,1
2404002,1,1
2404101,3,1
2404200,5,1
2404309,3,1
2404408,4,1
2404507,7,1
2404606,3,1
2404705,0,0
2404804,3,1
2404853,1,1
2404903,7,1
2405009,4,1
2405108,2,1
2405207,4,1
2405306,4,1
2405405,4,1
2405504,0,0
2405603,4,1
2405702,5,1
2405801,4,1
2405900,0,0
2406007,2,1
2406106,6,1
2406155,4,1
2406205,2,1
2406304,0,0
2406403,4,1
2406502,0,0
2406601,0,0
2406700,0,0
2406809,5,1
2406908,3,1
2407005,0,0
2407104,8,1
2407203,0,0
2407252,0,0
2407302,0,0
2407401,3,1
2407500,0,0
2407609,5,1
2407708,1,1
2407807,7,1
2407906,4,1
2408003,6,1
2408102,1,1
2408201,0,0
2408300,5,1
2408409,2,1
2408508,7,1
2408607,0,0
2408706,0,0
2408805,0,0
2408904,5,1
2408953,3,1
2409100,2,1
2409209,3,1
2409308,0,0
2409332,9,1
2409407,6,1
2409506,0,0
2409605,0,0
2409704,3,1
2409803,0,0
2409902,0,0
2410009,3,1
2410108,0,0
2410207,6,1
2410256,0,0
2410306,3,1
2410405,2,1
2410504,2,1
2410603,0,0
2410702,5,1
2410801,0,0
2410900,3,1
2411007,3,1
2411056,1,1
2411106,0,0
2411205,5,1
2411403,4,1
2411429,2,1
2411502,5,1
2411601,0,0
2411700,7,1
2411809,2,1
2411908,7,1
2412005,7,1
2412104,10,1
2412203,1,1
2412302,3,1
2412401,0,0
2412500,4,1
2412559,1,1
2412609,5,1
2412708,4,1
2412807,0,0
2412906,8,1
2413003,3,1
2413102,11,1
2413201,1,1
2413300,4,1
2413359,1,1
2413409,4,1
2413508,1,1
2413557,4,1
2413607,4,1
2413706,4,1
2413805,0,0
2413904,0,0
2414001,2,1
2414100,5,1
2414159,2,1
2414209,0,0
2414308,7,1
2414407,8,1
2414456,0,0
2414506,2,1
2414605,3,1
2414704,1,1
2414753,0,0
2414803,2,1
2414902,2,1
2415008,1,1
2500106,1,1
2500205,1,1
2500304,2,1
2500403,6,1
2500502,1,1
2500536,0,0
2500577,2,1
2500601,0,0
2500700,7,1
2500734,2,1
2500775,7,1
2500809,5,1
2500908,0,0
2501005,2,1
2501104,6,1
2501153,5,1
2501203,0,0
2501302,0,0
2501351,0,0
2501401,6,1
2501500,2,1
2501534,2,1
2501575,2,1
2501609,6,1
2501708,0,0
2501807,8,1
2501906,1,1
2502003,7,1
2502052,6,1
2502102,1,1
2502151,1,1
2502201,8,1
2502300,1,1
2502409,0,0
2502508,1,1
2502607,0,0
2502706,4,1
2502805,3,1
2502904,1,1
2503001,3,1
2503100,1,1
2503209,2,1
2503308,4,1
2503407,8,1
2503506,7,1
2503555,4,1
2503605,0,0
2503704,5,1
2503753,3,1
2503803,3,1
2503902,1,1
2504009,5,1
2504033,0,0
2504074,4,1
2504108,0,0
2504157,0,0
2504207,5,1
2504306,3,1
2504355,0,0
2504405,5,1
2504504,4,1
2504603,14,1
2504702,4,1
2504801,3,1
2504850,3,1
2504900,1,1
2505006,2,1
2505105,2,1
2505204,0,0
2505238,0,0
2505279,5,1
2505303,0,0
2505352,5,1
2505402,2,1
2505501,0,0
2505600,4,1
2505709,12,1
2505808,7,1
2505907,1,1
2506004,2,1
2506103,0,0
2506202,1,1
2506251,3,1
2506301,3,1
2506400,3,1
2506509,1,1
2506608,0,0
2506707,0,0
2506806,3,1
2506905,2,1
2507002,4,1
2507101,3,1
2507200,0,0
2507309,1,1
2507408,0,0
2507507,2,1
2507606,4,1
2507705,3,1
2507804,7,1
2507903,1,1
2508000,1,1
2508109,6,1
2508208,2,1
2508307,5,1
2508406,2,1
2508505,1,1
2508554,2,1
2508604,1,1
2508703,5,1
2508802,3,1
2508901,2,1
2509008,2,1
2509057,2,1
2509107,5,1
2509156,0,0
2509206,2,1
2509305,1,1
2509339,1,1
2509370,2,1
2509396,5,1
2509404,1,1
2509503,1,1
2509602,2,1
2509701,3,1
2509800,0,0
2509909,7,1
2510006,2,1
2510105,3,1
2510204,0,0
2510303,1,1
2510402,5,1
2510501,8,1
2510600,0,0
2510659,2,1
2510709,0,0
2510808,7,1
2510907,0,0
2511004,4,1
2511103,5,1
2511202,3,1
2511301,3,1
2511400,1,1
2511509,1,1
2511608,3,1
2511707,1,1
2511806,3,1
2511905,1,1
2512002,2,1
2512036,0,0
2512077,1,1
2512101,2,1
2512200,4,1
2512309,0,0
2512408,0,0
2512507,7,1
2512606,3,1
2512705,2,1
2512721,0,0
2512747,0,0
2512754,0,0
2512762,0,0
2512788,1,1
2512804,4,1
2512903,6,1
2513000,4,1
2513109,1,1
2513158,1,1
2513208,2,1
2513307,7,1
2513356,5,1
2513406,1,1
2513505,1,1
2513604,0,0
2513653,6,1
2513703,3,1
2513802,0,0
2513851,2,1
2513901,5,1
2513927,0,0
2513943,0,0
2513968,0,0
2513984,0,0
2514008,5,1
2514107,6,1
2514206,2,1
2514305,7,1
2514404,2,1
2514453,0,0
2514503,1,1
2514552,5,1
2514602,7,1
2514651,1,1
2514701,3,1
2514800,0,0
2514909,3,1
2515005,0,0
2515104,8,1
2515203,5,1
2515302,1,1
2515401,9,1
2515500,3,1
2515609,2,1
2515708,3,1
2515807,1,1
2515906,1,1
2515930,1,1
2515971,2,1
2516003,5,1
2516102,6,1
2516151,3,1
2516201,0,0
2516300,3,1
2516409,0,0
2516508,0,0
2516607,3,1
2516706,3,1
2516755,0,0
2516805,7,1
2516904,3,1
2517001,1,1
2517100,0,0
2517209,0,0
2517407,4,1
2600054,2,1
2600104,9,1
2600203,1,1
2600302,6,1
2600401,6,1
2600500,6,1
2600609,3,1
2600708,3,1
2600807,7,1
2600906,6,1
2601003,3,1
2601052,1,1
2601102,0,0
2601201,3,1
2601300,1,1
2601409,5,1
2601508,9,1
2601607,7,1
2601706,10,1
2601805,6,1
2601904,7,1
2602001,4,1
2602100,4,1
2602209,4,1
2602308,3,1
2602407,3,1
2602506,4,1
2602605,2,1
2602704,1,1
2602803,7,1
2602902,3,1
2603009,1,1
2603108,2,1
2603207,4,1
2603306,5,1
2603405,5,1
2603454,3,1
2603504,1,1
2603603,0,0
2603702,6,1
2603801,1,1
2603900,6,1
2603926,3,1
2604007,7,1
2604106,11,1
2604155,2,1
2604205,6,1
2604304,4,1
2604403,1,1
2604502,1,1
2604601,5,1
2604700,1,1
2604809,1,1
2604908,4,1
2605004,5,1
2605103,4,1
2605152,2,1
2605202,6,1
2605301,3,1
2605400,0,0
2605459,0,0
2605509,0,0
2605608,9,1
2605707,7,1
2605806,3,1
2605905,7,1
2606002,1,1
2606101,0,0
2606200,0,0
2606309,13,1
2606408,5,1
2606507,0,0
2606606,1,1
2606705,8,1
2606804,5,1
2606903,7,1
2607000,2,1
2607109,5,1
2607208,2,1
2607307,4,1
2607406,6,1
2607505,13,1
2607604,5,1
2607653,6,1
2607703,5,1
2607752,7,1
2607802,1,1
2607901,9,1
2607950,6,1
2608008,6,1
2608057,7,1
2608107,4,1
2608206,5,1
2608255,1,1
2608305,1,1
2608404,10,1
2608453,2,1
2608503,5,1
2608602,3,1
2608701,0,0
2608750,3,1
2608800,2,1
2608909,4,1
2609006,1,1
2609105,2,1
2609154,7,1
2609204,7,1
2609303,9,1
2609402,5,1
2609501,10,1
2609600,10,1
2609709,7,1
2609808,4,1
2609907,0,0
2610004,10,1
2610103,1,1
2610202,5,1
2610301,5,1
2610400,2,1
2610509,3,1
2610608,4,1
2610707,4,1
2610806,8,1
2610905,4,1
2611002,3,1
2611101,4,1
2611200,3,1
2611309,5,1
2611408,4,1
2611507,3,1
2611533,3,1
2611606,9,1
2611705,1,1
2611804,1,1
2611903,3,1
2612000,0,0
2612109,5,1
2612208,2,1
2612307,6,1
2612406,4,1
2612455,7,1
2612471,1,1
2612505,3,1
2612554,0,0
2612604,5,1
2612703,1,1
2612802,3,1
2612901,1,1
2613008,7,1
2613107,2,1
2613206,4,1
2613305,4,1
2613404,8,1
2613503,1,1
2613602,6,1
2613701,2,1
2613800,4,1
2613909,3,1
2614006,1,1
2614105,8,1
2614204,7,1
2614303,1,1
2614402,7,1
2614501,10,1
2614600,4,1
2614709,4,1
2614808,7,1
2614857,5,1
2615003,1,1
2615102,5,1
2615201,5,1
2615300,5,1
2615409,6,1
2615508,0,0
2615607,5,1
2615706,6,1
2615805,3,1
2615904,3,1
2616001,1,1
2616100,5,1
2616183,3,1
2616209,0,0
2616308,0,0
2616407,4,1
2616506,0,0
2700102,0,0
2700201,4,1
2700300,1,1
2700409,2,1
2700508,0,0
2700607,1,1
2700706,1,1
2700805,1,1
2700904,6,1
2701001,0,0
2701100,5,1
2701209,4,1
2701308,1,1
2701357,2,1
2701407,3,1
2701506,0,0
2701605,2,1
2701704,4,1
2701803,4,1
2701902,1,1
2702009,6,1
2702108,3,1
2702207,6,1
2702306,4,1
2702355,2,1
2702405,1,1
2702504,1,1
2702553,1,1
2702603,2,1
2702702,3,1
2702801,3,1
2702900,1,1
2703007,0,0
2703106,0,0
2703205,0,0
2703304,0,0
2703403,0,0
2703502,3,1
2703601,0,0
2703700,0,0
2703759,7,1
2703809,4,1
2703908,2,1
2704005,4,1
2704104,4,1
2704203,3,1
2704302,10,1
2704401,2,1
2704500,2,1
2704609,4,1
2704708,0,0
2704807,1,1
2704906,2,1
2705002,1,1
2705101,0,0
2705200,7,1
2705309,3,1
2705408,0,0
2705507,5,1
2705606,6,1
2705705,0,0
2705804,0,0
2705903,6,1
2706000,1,1
2706109,3,1
2706208,4,1
2706307,4,1
2706406,5,1
2706422,2,1
2706448,0,0
2706505,1,1
2706604,0,0
2706703,10,1
2706802,1,1
2706901,7,1
2707008,0,0
2707107,1,1
2707206,6,1
2707305,1,1
2707404,1,1
2707503,5,1
2707602,1,1
2707701,0,0
2707800,0,0
2707909,4,1
2708006,4,1
2708105,0,0
2708204,0,0
2708303,3,1
2708402,0,0
2708501,0,0
2708600,1,1
2708709,0,0
2708808,1,1
2708907,8,1
2708956,0,0
2709004,1,1
2709103,2,1
2709152,6,1
2709202,5,1
2709301,5,1
2709400,2,1
2800100,0,0
2800209,3,1
2800308,7,1
2800407,2,1
2800506,2,1
2800605,6,1
2800670,0,0
2800704,2,1
2801009,2,1
2801108,1,1
2801207,3,1
2801306,11,1
2801405,2,1
2801504,0,0
2801603,2,1
2801702,6,1
2801900,0,0
2802007,2,1
2802106,7,1
2802205,3,1
2802304,3,1
2802403,0,0
2802502,8,1
2802601,4,1
2802700,2,1
2802809,0,0
2802908,4,1
2803005,1,1
2803104,3,1
2803203,3,1
2803302,1,1
2803401,5,1
2803500,6,1
2803609,14,1
2803708,1,1
2803807,3,1
2803906,1,1
2804003,3,1
2804102,7,1
2804201,2,1
2804300,5,1
2804409,9,1
2804458,0,0
2804508,6,1
2804607,4,1
2804706,0,0
2804805,0,0
2804904,1,1
2805000,2,1
2805109,6,1
2805208,6,1
2805307,1,1
2805406,5,1
2805505,2,1
2805604,3,1
2805703,4,1
2805802,9,1
2805901,6,1
2806008,4,1
2806107,1,1
2806206,5,1
2806305,6,1
2806404,0,0
2806503,0,0
2806602,3,1
2806701,6,1
2806800,2,1
2806909,1,1
2807006,0,0
2807105,3,1
2807204,3,1
2807303,4,1
2807402,4,1
2807501,2,1
2807600,6,1
2900108,5,1
2900207,0,0
2900306,7,1
2900355,4,1
2900405,3,1
2900504,3,1
2900603,1,1
2900702,12,1
2900801,0,0
2900900,1,1
2901007,4,1
2901106,0,0
2901155,4,1
2901205,4,1
2901304,9,1
2901353,1,1
2901403,5,1
2901502,0,0
2901601,0,0
2901700,4,1
2901809,1,1
2901908,2,1
2901957,7,1
2902005,0,0
2902054,1,1
2902104,7,1
2902203,7,1
2902252,1,1
2902302,2,1
2902401,4,1
2902500,8,1
2902609,11,1
2902658,1,1
2902708,6,1
2902807,2,1
2902906,7,1
2903003,2,1
2903102,0,0
2903201,12,1
2903235,13,1
2903276,1,1
2903300,5,1
2903409,4,1
2903508,7,1
2903607,2,1
2903706,1,1
2903805,1,1
2903904,7,1
2903953,1,1
2904001,6,1
2904050,10,1
2904100,2,1
2904209,8,1
2904308,6,1
2904407,0,0
2904506,2,1
2904605,3,1
2904704,1,1
2904753,1,1
2904803,4,1
2904852,0,0
2904902,8,1
2905008,4,1
2905107,7,1
2905156,0,0
2905206,7,1
2905305,4,1
2905404,2,1
2905503,3,1
2905602,4,1
2905701,5,1
2905800,1,1
2905909,0,0
2906006,5,1
2906105,0,0
2906204,7,1
2906303,0,0
2906402,5,1
2906501,6,1
2906600,3,1
2906709,3,1
2906808,11,1
2906824,4,1
2906857,5,1
2906873,0,0
2906899,3,1
2906907,1,1
2907004,0,0
2907103,1,1
2907202,0,0
2907301,9,1
2907400,11,1
2907509,9,1
2907558,0,0
2907608,4,1
2907707,3,1
2907806,7,1
2907905,4,1
2908002,3,1
2908101,4,1
2908200,8,1
2908309,6,1
2908408,9,1
2908507,3,1
2908606,7,1
2908705,11,1
2908804,5,1
2908903,2,1
2909000,3,1
2909109,0,0
2909208,5,1
2909307,4,1
2909406,4,1
2909505,7,1
2909604,1,1
2909703,3,1
2909802,5,1
2909901,5,1
2910008,3,1
2910057,12,1
2910107,0,0
2910206,0,0
2910305,1,1
2910404,5,1
2910503,11,1
2910602,6,1
2910701,10,1
2910727,5,1
2910750,7,1
2910776,0,0
2910800,9,1
2910859,3,1
2910909,1,1
2911006,2,1
2911105,7,1
2911204,3,1
2911253,4,1
2911303,6,1
2911402,0,0
2911501,3,1
2911600,0,0
2911659,0,0
2911709,2,1
2911808,4,1
2911857,5,1
2911907,1,1
2912004,0,0
2912103,0,0
2912202,2,1
2912301,0,0
2912400,5,1
2912509,8,1
2912608,3,1
2912707,4,1
2912806,3,1
2912905,1,1
2913002,3,1
2913101,0,0
2913200,7,1
2913309,6,1
2913408,5,1
2913457,3,1
2913507,3,1
2913606,4,1
2913705,5,1
2913804,11,1
2913903,4,1
2914000,3,1
2914109,4,1
2914208,1,1
2914307,3,1
2914406,2,1
2914505,3,1
2914604,1,1
2914653,9,1
2914703,2,1
2914802,1,1
2914901,0,0
2915007,1,1
2915106,0,0
2915205,4,1
2915304,2,1
2915353,6,1
2915403,1,1
2915502,3,1
2915601,4,1
2915700,4,1
2915809,9,1
2915908,0,0
2916005,8,1
2916104,7,1
2916203,3,1
2916302,1,1
2916401,1,1
2916500,10,1
2916609,0,0
2916708,6,1
2916807,0,0
2916856,2,1
2916906,1,1
2917003,10,1
2917102,3,1
2917201,4,1
2917300,6,1
2917334,5,1
2917359,0,0
2917409,3,1
2917508,4,1
2917607,2,1
2917706,14,1
2917805,1,1
2917904,3,1
2918001,12,1
2918100,9,1
2918209,0,0
2918308,3,1
2918357,0,0
2918407,10,1
2918456,3,1
2918506,3,1
2918555,3,1
2918605,1,1
2918704,2,1
2918753,7,1
2918803,4,1
2918902,2,1
2919009,2,1
2919058,8,1
2919108,1,1
2919157,2,1
2919207,6,1
2919306,6,1
2919405,7,1
2919504,5,1
2919553,4,1
2919603,3,1
2919702,1,1
2919801,7,1
2919900,4,1
2919926,1,1
2919959,4,1
2920007,1,1
2920106,11,1
2920205,3,1
2920304,0,0
2920403,1,1
2920452,8,1
2920502,3,1
2920601,2,1
2920700,5,1
2920809,1,1
2920908,0,0
2921005,3,1
2921054,0,0
2921104,4,1
2921203,4,1
2921302,9,1
2921401,2,1
2921450,0,0
2921500,7,1
2921609,1,1
2921708,11,1
2921807,0,0
2921906,6,1
2922003,1,1
2922052,3,1
2922102,4,1
2922201,5,1
2922250,6,1
2922300,8,1
2922409,7,1
2922508,3,1
2922607,0,0
2922656,6,1
2922706,6,1
2922730,10,1
2922755,5,1
2922805,12,1
2922854,5,1
2922904,5,1
2923001,3,1
2923035,0,0
2923050,4,1
2923100,2,1
2923209,2,1
2923308,0,0
2923357,10,1
2923407,0,0
2923506,0,0
2923605,5,1
2923704,1,1
2923803,2,1
2923902,0,0
2924009,3,1
2924058,4,1
2924108,2,1
2924207,2,1
2924306,3,1
2924405,0,0
2924504,6,1
2924603,4,1
2924652,6,1
2924678,3,1
2924702,6,1
2924801,5,1
2924900,11,1
2925006,4,1
2925105,1,1
2925204,6,1
2925253,5,1
2925303,11,1
2925402,0,0
2925501,3,1
2925600,5,1
2925709,11,1
2925758,2,1
2925808,7,1
2925907,4,1
2925931,6,1
2925956,6,1
2926004,2,1
2926103,2,1
2926202,4,1
2926301,2,1
2926400,1,1
2926509,8,1
2926608,1,1
2926657,3,1
2926707,5,1
2926806,5,1
2926905,2,1
2927002,8,1
2927101,3,1
2927200,1,1
2927309,3,1
2927408,6,1
2927507,7,1
2927606,4,1
2927705,3,1
2927804,5,1
2927903,7,1
2928000,4,1
2928059,3,1
2928109,5,1
2928208,3,1
2928307,1,1
2928406,7,1
2928505,1,1
2928604,3,1
2928703,7,1
2928802,0,0
2928901,6,1
2928950,5,1
2929008,8,1
2929057,2,1
2929107,5,1
2929206,9,1
2929255,5,1
2929305,8,1
2929354,0,0
2929370,1,1
2929404,4,1
2929503,2,1
2929602,9,1
2929701,1,1
2929750,1,1
2929800,10,1
2929909,7,1
2930006,0,0
2930105,5,1
2930154,0,0
2930204,8,1
2930303,3,1
2930402,2,1
2930501,7,1
2930600,3,1
2930709,7,1
2930758,1,1
2930766,10,1
2930774,12,1
2930808,10,1
2930907,0,0
2931004,3,1
2931053,7,1
2931103,6,1
2931202,6,1
2931301,3,1
2931350,1,1
2931400,9,1
2931509,0,0
2931608,0,0
2931707,0,0
2931806,2,1
2931905,5,1
2932002,7,1
2932101,9,1
2932200,4,1
2932309,3,1
2932408,0,0
2932457,3,1
2932507,2,1
2932606,4,1
2932705,5,1
2932804,0,0
2932903,1,1
2933000,4,1
2933059,3,1
2933109,0,0
2933158,6,1
2933174,0,0
2933208,2,1
2933257,0,0
2933307,10,1
2933406,2,1
2933455,3,1
2933505,3,1
2933604,6,1
3100104,0,0
3100203,10,1
3100302,1,1
3100401,0,0
3100500,0,0
3100609,0,0
3100708,3,1
3100807,0,0
3100906,4,1
3101003,7,1
3101102,2,1
3101201,3,1
3101300,1,1
3101409,0,0
3101508,0,0
3101607,9,1
3101631,6,1
3101706,3,1
3101805,3,1
3101904,6,1
3102001,4,1
3102050,2,1
3102100,0,0
3102209,1,1
3102308,1,1
3102407,0,0
3102506,0,0
3102605,6,1
3102704,1,1
3102803,2,1
3102852,0,0
3102902,0,0
3103009,2,1
3103108,0,0
3103207,1,1
3103306,0,0
3103405,4,1
3103504,6,1
3103603,0,0
3103702,2,1
3103751,2,1
3103801,0,0
3103900,4,1
3104007,3,1
3104106,0,0
3104205,2,1
3104304,0,0
3104403,0,0
3104452,0,0
3104502,3,1
3104601,6,1
3104700,0,0
3104809,0,0
3104908,0,0
3105004,3,1
3105103,3,1
3105202,4,1
3105301,1,1
3105400,1,1
3105509,0,0
3105608,2,1
3105707,3,1
3105905,7,1
3106002,1,1
3106101,2,1
3106200,8,1
3106309,2,1
3106408,0,0
3106507,0,0
3106606,1,1
3106655,0,0
3106705,3,1
3106804,0,0
3106903,1,1
3107000,0,0
3107109,7,1
3107208,1,1
3107307,4,1
3107406,4,1
3107505,2,1
3107604,4,1
3107703,6,1
3107802,2,1
3107901,4,1
3108008,1,1
3108107,0,0
3108206,5,1
3108255,1,1
3108305,0,0
3108404,0,0
3108503,1,1
3108552,0,0
3108602,11,1
3108701,4,1
3108800,1,1
3108909,1,1
3109006,0,0
3109105,1,1
3109204,0,0
3109253,0,0
3109303,2,1
3109402,2,1
3109451,0,0
3109501,0,0
3109600,0,0
3109709,0,0
3109808,0,0
3109907,1,1
3110004,3,1
3110103,1,1
3110202,5,1
3110301,2,1
3110400,4,1
3110509,3,1
3110608,1,1
3110707,1,1
3110806,0,0
3110905,2,1
3111002,0,0
3111101,0,0
3111150,0,0
3111200,2,1
3111309,0,0
3111408,0,0
3111507,1,1
3111606,3,1
3111705,4,1
3111804,1,1
3111903,2,1
3112000,2,1
3112059,3,1
3112109,3,1
3112208,0,0
3112307,3,1
3112406,3,1
3112505,1,1
3112604,4,1
3112653,4,1
3112703,4,1
3112802,1,1
3112901,4,1
3113008,4,1
3113107,0,0
3113206,0,0
3113305,1,1
3113404,3,1
3113503,6,1
3113602,1,1
3113701,0,0
3113800,0,0
3113909,1,1
3114006,0,0
3114105,2,1
3114204,0,0
3114303,9,1
3114402,3,1
3114501,0,0
3114550,0,0
3114600,0,0
3114709,0,0
3114808,0,0
3114907,3,1
3115003,0,0
3115102,3,1
3115201,2,1
3115300,1,1
3115359,0,0
3115409,2,1
3115458,0,0
3115474,2,1
3115508,9,1
3115607,1,1
3115706,4,1
3115805,0,0
3115904,3,1
3116001,1,1
3116100,0,0
3116159,5,1
3116209,5,1
3116308,0,0
3116407,2,1
3116506,5,1
3116605,2,1
3116704,0,0
3116803,0,0
3116902,0,0
3117009,4,1
3117108,4,1
3117207,0,0
3117306,2,1
3117405,0,0
3117504,0,0
3117603,0,0
3117702,1,1
3117801,0,0
3117836,0,0
3117876,0,0
3117900,1,1
3118007,3,1
3118106,6,1
3118205,3,1
3118304,4,1
3118403,1,1
3118502,0,0
3118601,10,1
3118700,7,1
3118809,1,1
3118908,3,1
3119005,0,0
3119104,0,0
3119203,1,1
3119302,0,0
3119401,2,1
3119500,1,1
3119609,2,1
3119708,2,1
3119807,0,0
3119906,0,0
3119955,5,1
3120003,0,0
3120102,3,1
3120151,1,1
3120201,0,0
3120300,2,1
3120409,0,0
3120508,0,0
3120607,1,1
3120706,0,0
3120805,0,0
3120839,4,1
3120870,7,1
3120904,1,1
3121001,0,0
3121100,0,0
3121209,5,1
3121258,0,0
3121308,0,0
3121407,0,0
3121506,0,0
3121605,2,1
3121704,4,1
3121803,1,1
3121902,1,1
3122009,1,1
3122108,0,0
3122207,5,1
3122306,1,1
3122355,5,1
3122405,3,1
3122454,12,1
3122470,0,0
3122504,5,1
3122603,0,0
3122702,0,0
3122801,0,0
3122900,4,1
3123007,1,1
3123106,0,0
3123205,0,0
3123304,0,0
3123403,0,0
3123502,0,0
3123528,0,0
3123601,3,1
3123700,3,1
3123809,4,1
3123858,1,1
3123908,0,0
3124005,1,1
3124104,4,1
3124203,2,1
3124302,7,1
3124401,0,0
3124500,4,1
3124609,3,1
3124708,0,0
3124807,0,0
3124906,4,1
3125002,0,0
3125101,4,1
3125200,1,1
3125309,1,1
3125408,3,1
3125507,2,1
3125606,3,1
3125705,1,1
3125804,1,1
3125903,1,1
3125952,2,1
3126000,1,1
3126109,2,1
3126208,3,1
3126307,0,0
3126406,2,1
3126505,4,1
3126604,2,1
3126703,0,0
3126752,4,1
3126802,0,0
3126901,3,1
3126950,0,0
3127008,6,1
3127057,6,1
3127073,3,1
3127107,0,0
3127206,0,0
3127305,3,1
3127339,3,1
3127354,7,1
3127370,2,1
3127388,0,0
3127404,1,1
3127503,0,0
3127602,1,1
3127701,3,1
3127800,4,1
3127909,4,1
3128006,1,1
3128105,4,1
3128204,1,1
3128253,0,0
3128303,0,0
3128402,1,1
3128501,1,1
3128600,1,1
3128709,2,1
3128808,3,1
3128907,7,1
3129004,4,1
3129103,0,0
3129202,5,1
3129301,0,0
3129400,1,1
3129509,6,1
3129608,3,1
3129657,1,1
3129707,4,1
3129806,2,1
3129905,0,0
3130002,0,0
3130051,0,0
3130101,8,1
3130200,0,0
3130309,0,0
3130408,0,0
3130507,1,1
3130556,3,1
3130606,1,1
3130655,0,0
3130705,2,1
3130804,7,1
3130903,3,1
3131000,0,0
3131109,0,0
3131158,2,1
3131208,0,0
3131307,5,1
3131406,3,1
3131505,0,0
3131604,4,1
3131703,5,1
3131802,1,1
3131901,4,1
3132008,0,0
3132107,8,1
3132206,4,1
3132305,8,1
3132404,1,1
3132503,5,1
3132602,6,1
3132701,2,1
3132800,1,1
3132909,0,0
3133006,0,0
3133105,0,0
3133204,7,1
3133303,2,1
3133402,1,1
3133501,6,1
3133600,0,0
3133709,0,0
3133758,1,1
3133808,4,1
3133907,0,0
3134004,0,0
3134103,1,1
3134202,2,1
3134301,0,0
3134400,1,1
3134509,7,1
3134608,1,1
3134707,1,1
3134806,2,1
3134905,2,1
3135001,2,1
3135050,6,1
3135076,2,1
3135100,1,1
3135209,0,0
3135308,4,1
3135357,4,1
3135407,8,1
3135456,2,1
3135506,3,1
3135605,3,1
3135704,3,1
3135803,8,1
3135902,0,0
3136009,2,1
3136108,2,1
3136207,2,1
3136306,2,1
3136405,1,1
3136504,4,1
3136520,1,1
3136553,0,0
3136579,0,0
3136603,0,0
3136652,2,1
3136702,3,1
3136801,0,0
3136900,0,0
3136959,0,0
3137007,3,1
3137106,0,0
3137205,2,1
3137304,6,1
3137403,6,1
3137502,2,1
3137536,2,1
3137601,1,1
3137700,0,0
3137809,1,1
3137908,3,1
3138005,1,1
3138104,4,1
3138203,7,1
3138302,1,1
3138351,5,1
3138401,2,1
3138500,0,0
3138609,1,1
3138625,0,0
3138658,2,1
3138674,0,0
3138682,0,0
3138708,6,1
3138807,4,1
3138906,9,1
3139003,3,1
3139102,1,1
3139201,4,1
3139250,0,0
3139300,4,1
3139409,0,0
3139508,2,1
3139607,7,1
3139706,0,0
3139805,2,1
3139904,0,0
3140001,3,1
3140100,2,1
3140159,0,0
3140209,2,1
3140308,11,1
3140407,2,1
3140506,0,0
3140530,1,1
3140555,0,0
3140605,2,1
3140704,0,0
3140803,1,1
3140852,3,1
3140902,0,0
3141009,2,1
3141108,1,1
3141207,0,0
3141306,2,1
3141405,1,1
3141504,0,0
3141603,1,1
3141702,0,0
3141801,8,1
3141900,0,0
3142007,1,1
3142106,4,1
3142205,1,1
3142254,5,1
3142304,2,1
3142403,0,0
3142502,0,0
3142601,4,1
3142700,4,1
3142809,4,1
3142908,3,1
3143005,0,0
3143104,1,1
3143153,1,1
3143203,2,1
3143302,10,1
3143401,3,1
3143450,0,0
3143500,3,1
3143609,0,0
3143708,2,1
3143807,7,1
3143906,2,1
3144003,0,0
3144102,0,0
3144201,0,0
3144300,1,1
3144359,1,1
3144375,4,1
3144409,3,1
3144508,1,1
3144607,2,1
3144656,2,1
3144672,0,0
3144706,1,1
3144805,4,1
3144904,8,1
3145000,1,1
3145059,0,0
3145109,1,1
3145208,1,1
3145307,1,1
3145356,6,1
3145372,0,0
3145406,0,0
3145455,1,1
3145505,5,1
3145604,0,0
3145703,3,1
3145802,5,1
3145851,5,1
3145877,0,0
3145901,4,1
3146008,2,1
3146107,4,1
3146206,0,0
3146255,2,1
3146305,6,1
3146404,2,1
3146503,0,0
3146552,0,0
3146602,4,1
3146701,1,1
3146750,3,1
3146909,3,1
3147006,3,1
3147105,3,1
3147204,0,0
3147303,0,0
3147402,3,1
3147501,0,0
3147600,3,1
3147709,0,0
3147808,0,0
3147907,2,1
3147956,8,1
3148004,1,1
3148103,1,1
3148202,0,0
3148301,6,1
3148400,0,0
3148509,1,1
3148608,1,1
3148707,0,0
3148756,0,0
3148806,1,1
3148905,1,1
3149002,8,1
3149101,0,0
3149150,2,1
3149200,6,1
3149309,1,1
3149408,0,0
3149507,3,1
3149606,0,0
3149705,3,1
3149804,3,1
3149903,1,1
3149952,3,1
3150000,0,0
3150109,2,1
3150158,0,0
3150208,5,1
3150307,1,1
3150406,0,0
3150505,1,1
3150539,2,1
3150570,4,1
3150604,0,0
3150703,5,1
3150802,0,0
3150901,0,0
3151008,1,1
3151107,2,1
3151206,5,1
3151305,1,1
3151404,5,1
3151503,2,1
3151602,0,0
3151701,5,1
3151800,0,0
3151909,4,1
3152006,13,1
3152105,8,1
3152131,4,1
3152170,3,1
3152204,2,1
3152303,1,1
3152402,3,1
3152501,4,1
3152600,1,1
3152709,3,1
3152808,1,1
3152907,4,1
3153004,0,0
3153103,0,0
3153202,6,1
3153301,6,1
3153400,2,1
3153509,0,0
3153608,0,0
3153707,0,0
3153806,0,0
3153905,4,1
3154002,0,0
3154101,1,1
3154150,3,1
3154200,2,1
3154309,1,1
3154408,0,0
3154457,0,0
3154507,0,0
3154606,1,1
3154705,3,1
3154804,2,1
3154903,3,1
3155009,0,0
3155108,2,1
3155207,0,0
3155306,2,1
3155405,4,1
3155504,3,1
3155603,3,1
3155702,2,1
3155801,0,0
3155900,2,1
3156007,0,0
3156106,0,0
3156205,0,0
3156304,4,1
3156403,0,0
3156452,1,1
3156502,5,1
3156601,11,1
3156700,1,1
3156809,0,0
3156908,1,1
3157005,0,0
3157104,1,1
3157203,0,0
3157252,3,1
3157278,0,0
3157302,1,1
3157336,3,1
3157377,3,1
3157401,4,1
3157500,0,0
3157609,3,1
3157658,2,1
3157708,5,1
3157807,7,1
3157906,0,0
3158003,0,0
3158102,1,1
3158201,0,0
3158300,0,0
3158409,0,0
3158508,0,0
3158607,0,0
3158706,2,1
3158805,2,1
3158904,6,1
3158953,2,1
3159001,2,1
3159100,1,1
3159209,3,1
3159308,7,1
3159357,0,0
3159407,0,0
3159506,1,1
3159605,3,1
3159704,0,0
3159803,3,1
3159902,0,0
3160009,0,0
3160108,3,1
3160207,0,0
3160306,2,1
3160405,4,1
3160454,0,0
3160504,0,0
3160603,5,1
3160702,2,1
3160801,2,1
3160900,3,1
3160959,5,1
3161007,3,1
3161056,4,1
3161106,6,1
3161205,0,0
3161304,0,0
3161403,5,1
3161502,0,0
3161601,2,1
3161650,5,1
3161700,0,0
3161809,2,1
3161908,5,1
3162005,2,1
3162104,1,1
3162203,5,1
3162252,6,1
3162302,4,1
3162401,10,1
3162450,0,0
3162500,5,1
3162559,1,1
3162575,3,1
3162609,2,1
3162658,4,1
3162708,0,0
3162807,2,1
3162906,3,1
3162922,5,1
3162948,1,1
3162955,1,1
3163003,0,0
3163102,2,1
3163201,0,0
3163300,3,1
3163409,0,0
3163508,1,1
3163607,0,0
3163706,8,1
3163805,2,1
3163904,0,0
3164001,1,1
3164100,0,0
3164209,2,1
3164308,0,0
3164407,0,0
3164431,0,0
3164472,0,0
3164506,0,0
3164605,2,1
3164704,4,1
3164803,2,1
3164902,0,0
3165008,1,1
3165107,2,1
3165206,7,1
3165305,3,1
3165404,0,0
3165503,0,0
3165537,4,1
3165552,2,1
3165560,1,1
3165578,0,0
3165602,1,1
3165701,1,1
3165800,0,0
3165909,0,0
3166006,0,0
3166105,6,1
3166204,0,0
3166303,0,0
3166402,2,1
3166501,2,1
3166600,0,0
3166709,0,0
3166808,0,0
3166907,2,1
3166956,0,0
3167004,1,1
3167103,2,1
3167202,3,1
3167301,0,0
3167400,0,0
3167509,5,1
3167608,1,1
3167707,1,1
3167806,4,1
3167905,2,1
3168002,3,1
3168051,1,1
3168101,0,0
3168200,2,1
3168309,2,1
3168408,1,1
3168507,0,0
3168606,2,1
3168705,0,0
3168804,3,1
3168903,4,1
3169000,3,1
3169059,4,1
3169109,2,1
3169208,0,0
3169307,2,1
3169356,3,1
3169406,5,1
3169505,9,1
3169604,5,1
3169703,2,1
3169802,1,1
3169901,3,1
3170008,0,0
3170057,1,1
3170107,9,1
3170206,3,1
3170305,1,1
3170404,0,0
3170438,0,0
3170479,0,0
3170503,4,1
3170529,1,1
3170578,2,1
3170602,0,0
3170651,1,1
3170701,2,1
3170750,2,1
3170800,5,1
3170909,1,1
3171006,2,1
3171030,3,1
3171071,2,1
3171105,0,0
3171154,5,1
3171204,4,1
3171303,7,1
3171402,6,1
3171501,2,1
3171600,4,1
3171709,2,1
3171808,2,1
3171907,0,0
3172004,2,1
3172103,0,0
3172202,0,0
3200102,1,1
3200136,0,0
3200169,0,0
3200201,1,1
3200300,2,1
3200359,3,1
3200409,10,1
3200508,0,0
3200607,1,1
3200706,0,0
3200805,2,1
3200904,0,0
3201001,2,1
3201100,1,1
3201159,2,1
3201209,10,1
3201308,7,1
3201407,0,0
3201506,2,1
3201605,1,1
3201704,2,1
3201803,1,1
3201902,3,1
3202009,1,1
3202108,1,1
3202207,4,1
3202256,2,1
3202306,3,1
3202405,4,1
3202454,3,1
3202504,4,1
3202553,2,1
3202603,2,1
3202652,3,1
3202702,4,1
3202801,3,1
3202900,0,0
3203007,1,1
3203056,1,1
3203106,1,1
3203130,4,1
3203163,0,0
3203205,0,0
3203304,0,0
3203320,3,1
3203346,0,0
3203353,1,1
3203403,0,0
3203502,2,1
3203601,9,1
3203700,1,1
3203809,4,1
3203908,2,1
3204005,0,0
3204054,2,1
3204104,4,1
3204203,0,0
3204252,1,1
3204302,0,0
3204351,1,1
3204401,0,0
3204500,0,0
3204559,1,1
3204609,0,0
3204658,0,0
3204708,4,1
3204807,2,1
3204906,4,1
3204955,2,1
3205002,6,1
3205010,3,1
3205036,3,1
3205069,0,0
3205101,2,1
3205150,1,1
3205176,1,1
3205200,1,1
3205309,4,1
3300100,3,1
3300159,4,1
3300209,3,1
3300225,1,1
3300233,2,1
3300258,2,1
3300308,0,0
3300407,3,1
3300456,9,1
3300506,4,1
3300605,2,1
3300704,7,1
3300803,1,1
3300902,7,1
3300936,1,1
3300951,2,1
3301009,6,1
3301108,2,1
3301157,0,0
3301207,3,1
3301306,2,1
3301405,1,1
3301504,3,1
3301603,3,1
3301702,4,1
3301801,6,1
3301850,1,1
3301876,4,1
3301900,2,1
3302007,9,1
3302056,1,1
3302106,1,1
3302205,2,1
3302254,3,1
3302270,0,0
3302304,6,1
3302403,3,1
3302452,3,1
3302502,2,1
3302601,2,1
3302700,8,1
3302809,3,1
3302858,7,1
3302908,4,1
3303005,4,1
3303104,2,1
3303203,8,1
3303302,9,1
3303401,1,1
3303500,5,1
3303609,1,1
3303708,2,1
3303807,3,1
3303856,2,1
3303906,5,1
3303955,3,1
3304003,1,1
3304102,0,0
3304110,0,0
3304128,1,1
3304144,3,1
3304151,1,1
3304201,3,1
3304300,3,1
3304409,4,1
3304508,0,0
3304524,2,1
3304557,8,1
3304607,1,1
3304706,1,1
3304755,5,1
3304805,3,1
3304904,6,1
3305000,1,1
3305109,1,1
3305133,0,0
3305158,2,1
3305208,0,0
3305307,0,0
3305406,3,1
3305505,1,1
3305554,5,1
3305604,2,1
3305703,0,0
3305752,0,0
3305802,2,1
3305901,0,0
3306008,0,0
3306107,3,1
3306156,4,1
3306206,0,0
3306305,2,1
3500105,0,0
3500204,0,0
3500303,1,1
3500402,0,0
3500501,1,1
3500550,0,0
3500600,0,0
3500709,5,1
3500758,1,1
3500808,4,1
3500907,0,0
3501004,0,0
3501103,3,1
3501152,1,1
3501202,1,1
3501301,11,1
3501400,0,0
3501509,0,0
3501608,3,1
3501707,2,1
3501806,2,1
3501905,1,1
3502002,6,1
3502101,9,1
3502200,1,1
3502309,0,0
3502408,0,0
3502507,0,0
3502606,0,0
3502705,1,1
3502754,4,1
3502804,2,1
3502903,0,0
3503000,0,0
3503109,0,0
3503158,0,0
3503208,7,1
3503307,0,0
3503356,0,0
3503406,0,0
3503505,0,0
3503604,0,0
3503703,2,1
3503802,2,1
3503901,2,1
3503950,0,0
3504008,0,0
3504107,3,1
3504206,0,0
3504305,0,0
3504404,0,0
3504503,1,1
3504602,0,0
3504701,0,0
3504800,0,0
3504909,0,0
3505005,0,0
3505104,4,1
3505203,1,1
3505302,1,1
3505351,1,1
3505401,1,1
3505500,7,1
3505609,0,0
3505708,8,1
3505807,0,0
3505906,0,0
3506003,12,1
3506102,7,1
3506201,0,0
3506300,0,0
3506359,1,1
3506409,4,1
3506508,1,1
3506607,7,1
3506706,0,0
3506805,5,1
3506904,4,1
3507001,7,1
3507100,0,0
3507159,0,0
3507209,6,1
3507308,2,1
3507407,8,1
3507456,3,1
3507506,4,1
3507605,1,1
3507704,0,0
3507753,0,0
3507803,0,0
3507902,3,1
3508009,1,1
3508108,1,1
3508207,0,0
3508306,5,1
3508405,2,1
3508504,0,0
3508603,2,1
3508702,0,0
3508801,0,0
3508900,0,0
3509007,0,0
3509106,0,0
3509205,3,1
3509254,2,1
3509304,0,0
3509403,0,0
3509452,1,1
3509502,7,1
3509601,0,0
3509700,1,1
3509809,2,1
3509908,4,1
3509957,1,1
3510005,2,1
3510104,0,0
3510153,1,1
3510203,3,1
3510302,0,0
3510401,3,1
3510500,3,1
3510609,0,0
3510708,0,0
3510807,3,1
3510906,0,0
3511003,5,1
3511102,4,1
3511201,1,1
3511300,6,1
3511409,1,1
3511508,2,1
3511607,2,1
3511706,1,1
3511904,0,0
3512001,4,1
3512100,7,1
3512209,0,0
3512308,5,1
3512407,1,1
3512506,2,1
3512605,0,0
3512704,0,0
3512803,4,1
3512902,0,0
3513009,0,0
3513108,0,0
3513207,3,1
3513306,2,1
3513405,6,1
3513504,4,1
3513603,0,0
3513702,2,1
3513801,2,1
3513850,11,1
3513900,5,1
3514007,2,1
3514106,1,1
3514205,6,1
3514304,0,0
3514403,0,0
3514502,0,0
3514601,4,1
3514700,2,1
3514809,0,0
3514908,0,0
3514924,0,0
3514957,0,0
3515004,2,1
3515103,5,1
3515129,2,1
3515152,5,1
3515186,1,1
3515194,0,0
3515202,0,0
3515301,0,0
3515350,0,0
3515400,3,1
3515509,0,0
3515608,8,1
3515657,0,0
3515707,4,1
3515806,1,1
3515905,2,1
3516002,1,1
3516101,0,0
3516200,3,1
3516309,7,1
3516408,13,1
3516507,2,1
3516606,1,1
3516705,2,1
3516804,3,1
3516853,6,1
3516903,0,0
3517000,0,0
3517109,0,0
3517208,0,0
3517307,0,0
3517406,4,1
3517505,0,0
3517604,0,0
3517703,0,0
3517802,3,1
3517901,7,1
3518008,0,0
3518107,0,0
3518206,1,1
3518305,0,0
3518404,1,1
3518503,2,1
3518602,4,1
3518701,3,1
3518800,6,1
3518859,0,0
3518909,0,0
3519006,0,0
3519055,0,0
3519071,1,1
3519105,1,1
3519204,0,0
3519253,0,0
3519303,1,1
3519402,1,1
3519501,0,0
3519600,0,0
3519709,0,0
3519808,1,1
3519907,6,1
3520004,4,1
3520103,1,1
3520202,0,0
3520301,2,1
3520400,1,1
3520426,3,1
3520442,4,1
3520509,2,1
3520608,0,0
3520707,0,0
3520806,0,0
3520905,0,0
3521002,1,1
3521101,0,0
3521150,4,1
3521200,1,1
3521309,1,1
3521408,8,1
3521507,0,0
3521606,2,1
3521705,2,1
3521804,0,0
3521903,5,1
3522000,0,0
3522109,3,1
3522158,0,0
3522208,4,1
3522307,4,1
3522406,1,1
3522505,0,0
3522604,5,1
3522653,1,1
3522703,4,1
3522802,0,0
3522901,5,1
3523008,1,1
3523107,1,1
3523206,3,1
3523305,0,0
3523404,2,1
3523503,1,1
3523602,5,1
3523701,4,1
3523800,0,0
3523909,0,0
3524006,1,1
3524105,2,1
3524204,0,0
3524303,1,1
3524402,0,0
3524501,0,0
3524600,0,0
3524709,2,1
3524808,5,1
3524907,0,0
3525003,1,1
3525102,1,1
3525201,2,1
3525300,1,1
3525409,1,1
3525508,5,1
3525607,1,1
3525706,1,1
3525805,4,1
3525854,0,0
3525904,5,1
3526001,0,0
3526100,0,0
3526209,5,1
3526308,0,0
3526407,0,0
3526506,0,0
3526605,0,0
3526704,2,1
3526803,0,0
3526902,3,1
3527009,0,0
3527108,2,1
3527207,3,1
3527256,0,0
3527306,2,1
3527405,1,1
3527504,2,1
3527603,0,0
3527702,3,1
3527801,0,0
3527900,1,1
3528007,4,1
3528106,0,0
3528205,5,1
3528304,2,1
3528403,0,0
3528502,0,0
3528601,0,0
3528700,0,0
3528809,0,0
3528858,0,0
3528908,1,1
3529005,1,1
3529104,0,0
3529203,3,1
3529302,2,1
3529401,3,1
3529500,0,0
3529609,0,0
3529658,0,0
3529708,3,1
3529807,2,1
3529906,3,1
3530003,0,0
3530102,0,0
3530201,0,0
3530300,2,1
3530409,2,1
3530508,3,1
3530607,12,1
3530706,2,1
3530805,1,1
3530904,0,0
3531001,0,0
3531100,0,0
3531209,3,1
3531308,1,1
3531407,5,1
3531506,7,1
3531605,0,0
3531704,2,1
3531803,3,1
3531902,1,1
3532009,2,1
3532058,0,0
3532108,0,0
3532157,1,1
3532207,0,0
3532306,0,0
3532405,4,1
3532504,0,0
3532603,0,0
3532702,4,1
3532801,2,1
3532827,0,0
3532843,1,1
3532868,2,1
3532900,2,1
3533007,4,1
3533106,0,0
3533205,0,0
3533254,0,0
3533304,0,0
3533403,1,1
3533502,6,1
3533601,12,1
3533700,0,0
3533809,0,0
3533908,1,1
3534005,0,0
3534104,0,0
3534203,0,0
3534302,1,1
3534401,4,1
3534500,0,0
3534609,3,1
3534708,3,1
3534757,4,1
3534807,1,1
3534906,1,1
3535002,0,0
3535101,0,0
3535200,0,0
3535309,0,0
3535408,1,1
3535507,3,1
3535606,6,1
3535705,0,0
3535804,2,1
3535903,3,1
3536000,10,1
3536109,0,0
3536208,3,1
3536257,0,0
3536307,0,0
3536406,1,1
3536505,1,1
3536570,0,0
3536604,2,1
3536703,0,0
3536802,1,1
3536901,0,0
3537008,1,1
3537107,3,1
3537156,3,1
3537206,1,1
3537305,1,1
3537404,2,1
3537503,0,0
3537602,1,1
3537701,1,1
3537800,3,1
3537909,2,1
3538006,0,0
3538105,2,1
3538204,0,0
3538303,0,0
3538501,1,1
3538600,6,1
3538709,6,1
3538808,1,1
3538907,2,1
3539004,0,0
3539103,0,0
3539202,1,1
3539301,1,1
3539400,4,1
3539509,1,1
3539608,0,0
3539707,1,1
3539806,3,1
3539905,0,0
3540002,1,1
3540101,0,0
3540200,1,1
3540259,2,1
3540309,0,0
3540408,3,1
3540507,0,0
3540606,4,1
3540705,2,1
3540754,1,1
3540804,4,1
3540853,3,1
3540903,0,0
3541000,6,1
3541059,0,0
3541109,0,0
3541208,0,0
3541307,0,0
3541406,5,1
3541505,3,1
3541604,1,1
3541653,0,0
3541703,1,1
3541802,0,0
3541901,1,1
3542008,1,1
3542107,2,1
3542206,0,0
3542305,0,0
3542404,1,1
3542503,0,0
3542602,4,1
3542701,0,0
3542800,1,1
3542909,0,0
3543006,0,0
3543105,0,0
3543204,0,0
3543238,0,0
3543253,0,0
3543303,1,1
3543402,1,1
3543501,0,0
3543600,4,1
3543709,0,0
3543808,1,1
3543907,6,1
3544004,2,1
3544103,1,1
3544202,7,1
3544251,4,1
3544301,0,0
3544400,0,0
3544509,0,0
3544608,3,1
3544707,1,1
3544806,1,1
3544905,0,0
3545001,3,1
3545100,0,0
3545159,2,1
3545209,5,1
3545308,1,1
3545407,0,0
3545506,3,1
3545605,1,1
3545704,0,0
3545803,2,1
3546009,5,1
3546108,2,1
3546207,0,0
3546256,0,0
3546306,0,0
3546405,0,0
3546504,0,0
3546603,1,1
3546702,2,1
3546801,2,1
3546900,1,1
3547007,2,1
3547106,0,0
3547205,0,0
3547304,4,1
3547403,3,1
3547502,1,1
3547601,1,1
3547650,3,1
3547700,2,1
3547809,4,1
3547908,1,1
3548005,6,1
3548054,1,1
3548104,1,1
3548203,0,0
3548302,0,0
3548401,0,0
3548500,7,1
3548609,0,0
3548708,5,1
3548807,0,0
3548906,8,1
3549003,4,1
3549102,0,0
3549201,0,0
3549250,5,1
3549300,1,1
3549409,0,0
3549508,3,1
3549607,0,0
3549706,4,1
3549805,3,1
3549904,2,1
3549953,0,0
3550001,1,1
3550100,3,1
3550209,0,0
3550308,9,1
3550407,0,0
3550506,4,1
3550605,3,1
3550704,2,1
3550803,1,1
3550902,3,1
3551009,5,1
3551108,0,0
3551207,3,1
3551306,0,0
3551405,0,0
3551504,1,1
3551603,5,1
3551702,0,0
3551801,0,0
3551900,7,1
3552007,1,1
3552106,4,1
3552205,1,1
3552304,1,1
3552403,7,1
3552502,1,1
3552551,0,0
3552601,2,1
3552700,2,1
3552809,0,0
3552908,3,1
3553005,3,1
3553104,0,0
3553203,3,1
3553302,0,0
3553401,4,1
3553500,1,1
3553609,1,1
3553658,0,0
3553708,3,1
3553807,8,1
3553856,0,0
3553906,0,0
3553955,1,1
3554003,1,1
3554102,5,1
3554201,0,0
3554300,7,1
3554409,0,0
3554508,3,1
3554607,0,0
3554656,0,0
3554706,0,0
3554755,1,1
3554805,2,1
3554904,0,0
3554953,1,1
3555000,3,1
3555109,1,1
3555208,0,0
3555307,0,0
3555356,0,0
3555406,3,1
3555505,0,0
3555604,0,0
3555703,1,1
3555802,2,1
3555901,0,0
3556008,5,1
3556107,1,1
3556206,4,1
3556305,4,1
3556354,1,1
3556404,3,1
3556453,3,1
3556503,1,1
3556602,3,1
3556701,5,1
3556800,4,1
3556909,0,0
3556958,6,1
3557006,0,0
3557105,7,1
3557154,1,1
3557204,2,1
3557303,1,1
4100103,0,0
4100202,2,1
4100301,1,1
4100400,3,1
4100459,0,0
4100509,1,1
4100608,2,1
4100707,3,1
4100806,0,0
4100905,2,1
4101002,0,0
4101051,5,1
4101101,0,0
4101150,0,0
4101200,1,1
4101309,3,1
4101408,4,1
4101507,3,1
4101606,1,1
4101655,2,1
4101705,4,1
4101804,2,1
4101853,1,1
4101903,5,1
4102000,2,1
4102109,0,0
4102208,2,1
4102307,2,1
4102406,1,1
4102505,0,0
4102604,1,1
4102703,5,1
4102752,4,1
4102802,0,0
4102901,3,1
4103008,1,1
4103024,0,0
4103040,1,1
4103057,7,1
4103107,5,1
4103156,1,1
4103206,4,1
4103222,0,0
4103305,3,1
4103354,0,0
4103370,0,0
4103404,0,0
4103453,5,1
4103479,1,1
4103503,1,1
4103602,5,1
4103701,2,1
4103800,5,1
4103909,0,0
4103958,1,1
4104006,5,1
4104055,2,1
4104105,1,1
4104204,6,1
4104253,1,1
4104303,2,1
4104402,6,1
4104428,0,0
4104451,5,1
4104501,3,1
4104600,3,1
4104659,3,1
4104709,1,1
4104808,1,1
4104907,7,1
4105003,1,1
4105102,0,0
4105201,3,1
4105300,0,0
4105409,3,1
4105508,2,1
4105607,1,1
4105706,8,1
4105805,2,1
4105904,2,1
4106001,0,0
4106100,0,0
4106209,3,1
4106308,6,1
4106407,2,1
4106456,2,1
4106506,3,1
4106555,0,0
4106571,0,0
4106605,3,1
4106704,3,1
4106803,1,1
4106852,2,1
4106902,7,1
4107009,0,0
4107108,3,1
4107124,0,0
4107157,0,0
4107207,6,1
4107256,0,0
4107306,8,1
4107405,4,1
4107504,8,1
4107520,0,0
4107538,0,0
4107546,2,1
4107553,0,0
4107603,0,0
4107652,2,1
4107702,0,0
4107736,3,1
4107751,4,1
4107801,0,0
4107850,1,1
4107900,3,1
4108007,2,1
4108106,0,0
4108205,1,1
4108304,1,1
4108320,0,0
4108403,12,1
4108452,0,0
4108502,4,1
4108551,2,1
4108601,3,1
4108650,5,1
4108700,4,1
4108809,3,1
4108908,0,0
4108957,0,0
4109005,1,1
4109104,4,1
4109203,1,1
4109302,3,1
4109401,3,1
4109500,4,1
4109609,2,1
4109658,4,1
4109708,3,1
4109757,2,1
4109807,1,1
4109906,0,0
4110003,0,0
4110052,1,1
4110078,2,1
4110102,3,1
4110201,7,1
4110300,2,1
4110409,0,0
4110508,0,0
4110607,0,0
4110656,0,0
4110706,5,1
4110805,1,1
4110904,0,0
4110953,4,1
4111001,5,1
4111100,1,1
4111209,4,1
4111258,1,1
4111308,0,0
4111407,2,1
4111506,0,0
4111555,0,0
4111605,0,0
4111704,0,0
4111803,0,0
4111902,0,0
4112009,2,1
4112108,4,1
4112207,1,1
4112306,6,1
4112405,1,1
4112504,3,1
4112603,2,1
4112702,1,1
4112751,0,0
4112801,3,1
4112900,2,1
4112959,2,1
4113007,5,1
4113106,0,0
4113205,6,1
4113254,2,1
4113304,3,1
4113403,1,1
4113429,6,1
4113452,0,0
4113502,1,1
4113601,0,0
4113700,4,1
4113734,2,1
4113759,3,1
4113809,0,0
4113908,1,1
4114005,3,1
4114104,1,1
4114203,3,1
4114302,4,1
4114351,8,1
4114401,6,1
4114500,1,1
4114609,2,1
4114708,2,1
4114807,6,1
4114906,3,1
4115002,2,1
4115101,4,1
4115200,2,1
4115309,1,1
4115358,5,1
4115408,4,1
4115457,3,1
4115507,2,1
4115606,0,0
4115705,4,1
4115739,0,0
4115754,1,1
4115804,3,1
4115853,1,1
4115903,2,1
4116000,0,0
4116059,0,0
4116109,0,0
4116208,1,1
4116307,1,1
4116406,0,0
4116505,0,0
4116604,0,0
4116703,1,1
4116802,8,1
4116901,3,1
4116950,1,1
4117008,1,1
4117057,0,0
4117107,3,1
4117206,3,1
4117214,0,0
4117222,5,1
4117255,3,1
4117271,6,1
4117297,6,1
4117305,5,1
4117404,2,1
4117453,2,1
4117503,2,1
4117602,3,1
4117701,2,1
4117800,2,1
4117909,2,1
4118006,1,1
4118105,8,1
4118204,6,1
4118303,0,0
4118402,1,1
4118451,2,1
4118501,6,1
4118600,8,1
4118709,3,1
4118808,0,0
4118857,0,0
4118907,0,0
4119004,3,1
4119103,2,1
4119152,2,1
4119202,0,0
4119251,3,1
4119301,2,1
4119400,2,1
4119509,6,1
4119608,2,1
4119657,0,0
4119707,0,0
4119806,5,1
4119905,10,1
4119954,3,1
4120002,0,0
4120101,0,0
4120150,5,1
4120200,6,1
4120309,0,0
4120333,0,0
4120358,3,1
4120408,5,1
4120507,0,0
4120606,4,1
4120655,0,0
4120705,4,1
4120804,2,1
4120853,0,0
4120903,3,1
4121000,0,0
4121109,0,0
4121208,2,1
4121257,1,1
4121307,1,1
4121356,1,1
4121406,3,1
4121505,4,1
4121604,2,1
4121703,3,1
4121752,2,1
4121802,1,1
4121901,0,0
4122008,10,1
4122107,0,0
4122156,2,1
4122172,4,1
4122206,2,1
4122305,2,1
4122404,1,1
4122503,0,0
4122602,0,0
4122651,10,1
4122701,0,0
4122800,8,1
4122909,0,0
4123006,1,1
4123105,4,1
4123204,0,0
4123303,1,1
4123402,3,1
4123501,3,1
4123600,0,0
4123709,1,1
4123808,2,1
4123824,0,0
4123857,0,0
4123907,1,1
4123956,1,1
4124004,0,0
4124020,2,1
4124053,2,1
4124103,2,1
4124202,0,0
4124301,1,1
4124400,2,1
4124509,0,0
4124608,0,0
4124707,0,0
4124806,1,1
4124905,0,0
4125001,2,1
4125100,2,1
4125209,4,1
4125308,3,1
4125357,0,0
4125407,0,0
4125456,2,1
4125506,0,0
4125555,0,0
4125605,0,0
4125704,3,1
4125753,1,1
4125803,4,1
4125902,8,1
4126009,1,1
4126108,1,1
4126207,1,1
4126256,1,1
4126272,2,1
4126306,0,0
4126355,2,1
4126405,1,1
4126504,1,1
4126603,4,1
4126652,4,1
4126678,0,0
4126702,0,0
4126801,0,0
4126900,1,1
4127007,5,1
4127106,0,0
4127205,1,1
4127304,0,0
4127403,0,0
4127502,2,1
4127601,0,0
4127700,1,1
4127809,1,1
4127858,3,1
4127882,0,0
4127908,3,1
4127957,0,0
4127965,4,1
4128005,3,1
4128104,2,1
4128203,1,1
4128302,0,0
4128401,6,1
4128500,0,0
4128534,0,0
4128559,0,0
4128609,1,1
4128625,1,1
4128633,0,0
4128658,4,1
4128708,0,0
4128807,4,1
4200051,1,1
4200101,0,0
4200200,1,1
4200309,1,1
4200408,2,1
4200507,5,1
4200556,7,1
4200606,0,0
4200705,3,1
4200754,2,1
4200804,0,0
4200903,0,0
4201000,0,0
4201109,0,0
4201208,1,1
4201257,4,1
4201273,1,1
4201307,1,1
4201406,0,0
4201505,0,0
4201604,0,0
4201653,4,1
4201703,0,0
4201802,0,0
4201901,0,0
4201950,6,1
4202008,8,1
4202057,0,0
4202073,1,1
4202081,0,0
4202099,0,0
4202107,1,1
4202131,0,0
4202156,0,0
4202206,2,1
4202305,8,1
4202404,2,1
4202438,1,1
4202453,0,0
4202503,0,0
4202537,4,1
4202578,5,1
4202602,1,1
4202701,6,1
4202800,2,1
4202859,0,0
4202875,2,1
4202909,7,1
4203006,1,1
4203105,0,0
4203154,2,1
4203204,4,1
4203253,0,0
4203303,2,1
4203402,6,1
4203501,0,0
4203600,0,0
4203709,3,1
4203808,1,1
4203907,0,0
4203956,0,0
4204004,1,1
4204103,5,1
4204152,1,1
4204178,0,0
4204194,3,1
4204202,3,1
4204251,2,1
4204301,1,1
4204350,2,1
4204400,7,1
4204459,2,1
4204509,4,1
4204558,7,1
4204608,7,1
4204707,3,1
4204756,5,1
4204806,1,1
4204905,0,0
4205001,1,1
4205100,0,0
4205159,0,0
4205175,3,1
4205191,0,0
4205209,2,1
4205308,2,1
4205357,0,0
4205407,3,1
4205431,6,1
4205456,3,1
4205506,0,0
4205555,0,0
4205605,6,1
4205704,1,1
4205803,5,1
4205902,1,1
4206009,2,1
4206108,1,1
4206207,5,1
4206306,1,1
4206405,0,0
4206504,0,0
4206603,4,1
4206652,7,1
4206702,2,1
4206751,2,1
4206801,0,0
4206900,4,1
4207007,4,1
4207106,0,0
4207205,0,0
4207304,1,1
4207403,0,0
4207502,6,1
4207577,0,0
4207601,1,1
4207650,2,1
4207684,2,1
4207700,1,1
4207759,3,1
4207809,7,1
4207858,0,0
4207908,0,0
4208005,2,1
4208104,1,1
4208203,1,1
4208302,5,1
4208401,0,0
4208450,2,1
4208500,0,0
4208609,3,1
4208708,0,0
4208807,6,1
4208906,1,1
4208955,0,0
4209003,4,1
4209102,2,1
4209151,4,1
4209177,1,1
4209201,0,0
4209300,6,1
4209409,0,0
4209458,1,1
4209508,0,0
4209607,4,1
4209706,4,1
4209805,3,1
4209854,2,1
4209904,2,1
4210001,1,1
4210035,0,0
4210050,0,0
4210100,0,0
4210209,1,1
4210308,0,0
4210407,6,1
4210506,5,1
4210555,0,0
4210605,2,1
4210704,0,0
4210803,3,1
4210852,1,1
4210902,5,1
4211009,5,1
4211058,0,0
4211108,1,1
4211207,2,1
4211256,1,1
4211306,2,1
4211405,1,1
4211454,6,1
4211504,5,1
4211603,4,1
4211652,6,1
4211702,0,0
4211751,0,0
4211801,0,0
4211850,1,1
4211876,0,0
4211892,10,1
4211900,0,0
4212007,4,1
4212056,3,1
4212106,5,1
4212205,2,1
4212239,0,0
4212254,1,1
4212270,4,1
4212304,4,1
4212403,0,0
4212502,0,0
4212601,0,0
4212650,1,1
4212700,3,1
4212809,10,1
4212908,2,1
4213005,0,0
4213104,3,1
4213153,0,0
4213203,0,0
4213302,3,1
4213351,0,0
4213401,0,0
4213500,1,1
4213609,6,1
4213708,4,1
4213807,0,0
4213906,2,1
4214003,0,0
4214102,3,1
4214151,0,0
4214201,3,1
4214300,0,0
4214409,0,0
4214508,0,0
4214607,0,0
4214706,1,1
4214805,3,1
4214904,1,1
4215000,4,1
4215059,0,0
4215075,1,1
4215109,2,1
4215208,1,1
4215307,4,1
4215356,3,1
4215406,1,1
4215455,3,1
4215505,1,1
4215554,0,0
4215604,6,1
4215653,0,0
4215679,0,0
4215687,2,1
4215695,0,0
4215703,0,0
4215752,1,1
4215802,1,1
4215901,3,1
4216008,4,1
4216057,1,1
4216107,1,1
4216206,8,1
4216255,0,0
4216305,2,1
4216354,1,1
4216404,0,0
4216503,5,1
4216602,2,1
4216701,1,1
4216800,0,0
4216909,2,1
4217006,1,1
4217105,0,0
4217154,5,1
4217204,0,0
4217253,1,1
4217303,1,1
4217402,0,0
4217501,0,0
4217550,5,1
4217600,2,1
4217709,0,0
4217758,2,1
4217808,0,0
4217907,5,1
4217956,5,1
4218004,0,0
4218103,1,1
4218202,0,0
4218251,1,1
4218301,3,1
4218350,0,0
4218400,11,1
4218509,2,1
4218608,0,0
4218707,2,1
4218756,0,0
4218806,0,0
4218855,2,1
4218905,2,1
4218954,1,1
4219002,2,1
4219101,2,1
4219150,2,1
4219176,0,0
4219200,0,0
4219309,4,1
4219358,0,0
4219408,3,1
4219507,11,1
4219606,3,1
4219705,2,1
4219853,2,1
4220000,6,1
4300034,0,0
4300059,0,0
4300109,2,1
4300208,6,1
4300307,0,0
4300406,1,1
4300455,3,1
4300471,1,1
4300505,0,0
4300554,0,0
4300570,4,1
4300604,5,1
4300638,0,0
4300646,1,1
4300661,2,1
4300703,0,0
4300802,0,0
4300851,1,1
4300877,0,0
4300901,1,1
4301008,0,0
4301057,0,0
4301073,0,0
4301107,5,1
4301206,5,1
4301305,3,1
4301404,0,0
4301503,3,1
4301552,1,1
4301602,6,1
4301636,5,1
4301651,2,1
4301701,1,1
4301750,1,1
4301800,0,0
4301859,0,0
4301875,0,0
4301909,0,0
4301925,0,0
4301958,1,1
4302006,0,0
4302055,2,1
4302105,2,1
4302154,0,0
4302204,1,1
4302220,6,1
4302238,1,1
4302253,0,0
4302303,2,1
4302352,2,1
4302378,0,0
4302402,10,1
4302451,0,0
4302501,0,0
4302584,0,0
4302600,0,0
4302659,2,1
4302709,0,0
4302808,4,1
4302907,2,1
4303004,9,1
4303103,3,1
4303202,0,0
4303301,3,1
4303400,1,1
4303509,1,1
4303558,1,1
4303608,8,1
4303673,0,0
4303707,0,0
4303806,3,1
4303905,6,1
4304002,1,1
4304101,0,0
4304200,3,1
4304309,6,1
4304358,1,1
4304408,2,1
4304507,3,1
4304606,6,1
4304614,2,1
4304622,4,1
4304630,3,1
4304655,0,0
4304663,3,1
4304671,0,0
4304689,0,0
4304697,0,0
4304705,2,1
4304713,0,0
4304804,3,1
4304853,0,0
4304903,0,0
4304952,0,0
4305009,2,1
4305108,4,1
4305116,0,0
4305124,2,1
4305132,1,1
4305157,0,0
4305173,2,1
4305207,2,1
4305306,0,0
4305355,7,1
4305371,4,1
4305405,0,0
4305439,4,1
4305447,0,0
4305454,0,0
4305504,0,0
4305587,0,0
4305603,0,0
4305702,3,1
4305801,0,0
4305835,0,0
4305850,3,1
4305871,3,1
4305900,1,1
4305934,2,1
4305959,1,1
4305975,3,1
4306007,1,1
4306056,7,1
4306072,1,1
4306106,5,1
4306130,0,0
4306205,1,1
4306304,2,1
4306320,1,1
4306353,0,0
4306379,1,1
4306403,1,1
4306429,0,0
4306452,2,1
4306502,1,1
4306551,2,1
4306601,2,1
4306700,6,1
4306734,8,1
4306759,0,0
4306767,0,0
4306809,4,1
4306908,9,1
4306924,2,1
4306932,3,1
4306957,0,0
4306973,5,1
4307005,0,0
4307054,0,0
4307104,0,0
4307203,0,0
4307302,0,0
4307401,0,0
4307450,2,1
4307500,1,1
4307559,0,0
4307609,4,1
4307708,4,1
4307807,3,1
4307815,0,0
4307831,0,0
4307864,1,1
4307906,0,0
4308003,0,0
4308052,1,1
4308078,2,1
4308102,0,0
4308201,1,1
4308250,0,0
4308300,5,1
4308409,4,1
4308433,4,1
4308458,3,1
4308508,4,1
4308607,3,1
4308656,0,0
4308706,4,1
4308805,13,1
4308854,2,1
4308904,0,0
4309001,1,1
4309050,3,1
4309100,3,1
4309126,0,0
4309159,2,1
4309209,9,1
4309258,0,0
4309308,1,1
4309407,0,0
4309506,4,1
4309555,1,1
4309571,1,1
4309605,3,1
4309654,0,0
4309704,0,0
4309753,1,1
4309803,0,0
4309902,5,1
4309951,4,1
4310009,1,1
4310108,2,1
4310207,1,1
4310306,1,1
4310330,2,1
4310363,2,1
4310405,1,1
4310413,0,0
4310439,0,0
4310462,0,0
4310504,2,1
4310538,1,1
4310553,4,1
4310579,0,0
4310603,7,1
4310652,8,1
4310702,2,1
4310751,0,0
4310801,3,1
4310850,3,1
4310876,4,1
4310900,2,1
4311007,3,1
4311106,4,1
4311122,1,1
4311130,1,1
4311155,1,1
4311205,5,1
4311239,6,1
4311254,2,1
4311270,8,1
4311304,0,0
4311403,4,1
4311429,3,1
4311502,7,1
4311601,4,1
4311627,2,1
4311643,0,0
4311700,6,1
4311718,8,1
4311734,0,0
4311759,2,1
4311775,8,1
4311791,4,1
4311809,2,1
4311908,0,0
4311981,0,0
4312005,7,1
4312054,3,1
4312104,2,1
4312138,2,1
4312153,6,1
4312179,1,1
4312203,0,0
4312252,3,1
4312302,4,1
4312351,1,1
4312377,2,1
4312385,2,1
4312401,2,1
4312427,1,1
4312443,0,0
4312450,0,0
4312476,0,0
4312500,9,1
4312609,3,1
4312617,0,0
4312625,7,1
4312658,0,0
4312674,0,0
4312708,0,0
4312757,0,0
4312807,0,0
4312906,2,1
4312955,1,1
4313003,0,0
4313011,1,1
4313037,0,0
4313060,0,0
4313086,0,0
4313102,8,1
4313201,3,1
4313300,3,1
4313334,2,1
4313359,1,1
4313375,0,0
4313391,2,1
4313409,7,1
4313425,1,1
4313441,0,0
4313466,2,1
4313490,1,1
4313508,3,1
4313607,5,1
4313656,4,1
4313706,0,0
4313805,6,1
4313904,1,1
4313953,3,1
4314001,1,1
4314027,2,1
4314035,1,1
4314050,1,1
4314068,2,1
4314076,4,1
4314100,9,1
4314134,3,1
4314159,0,0
4314175,4,1
4314209,10,1
4314308,4,1
4314407,8,1
4314423,2,1
4314456,3,1
4314464,1,1
4314472,0,0
4314498,6,1
4314506,2,1
4314548,0,0
4314555,2,1
4314605,10,1
4314704,0,0
4314753,2,1
4314779,8,1
4314787,1,1
4314803,8,1
4314902,7,1
4315008,2,1
4315057,1,1
4315073,3,1
4315107,7,1
4315131,7,1
4315149,0,0
4315156,2,1
4315172,1,1
4315206,4,1
4315305,1,1
4315313,0,0
4315321,0,0
4315354,0,0
4315404,6,1
4315453,9,1
4315503,2,1
4315552,4,1
4315602,9,1
4315701,3,1
4315750,3,1
4315800,0,0
4315909,1,1
4315958,0,0
4316006,1,1
4316105,1,1
4316204,0,0
4316303,3,1
4316402,9,1
4316428,3,1
4316436,3,1
4316451,1,1
4316477,1,1
4316501,0,0
4316600,1,1
4316709,2,1
4316733,3,1
4316758,1,1
4316808,3,1
4316907,4,1
4316956,1,1
4316972,6,1
4317004,2,1
4317103,4,1
4317202,4,1
4317251,0,0
4317301,4,1
4317400,5,1
4317509,4,1
4317558,4,1
4317608,1,1
4317707,5,1
4317756,1,1
4317806,3,1
4317905,0,0
4317954,3,1
4318002,6,1
4318051,1,1
4318101,4,1
4318200,3,1
4318309,3,1
4318408,0,0
4318424,3,1
4318432,0,0
4318440,1,1
4318457,2,1
4318465,4,1
4318481,1,1
4318499,2,1
4318507,0,0
4318606,2,1
4318614,0,0
4318622,4,1
4318705,3,1
4318804,2,1
4318903,4,1
4319000,3,1
4319109,1,1
4319125,1,1
4319158,1,1
4319208,0,0
4319307,3,1
4319356,0,0
4319364,0,0
4319372,3,1
4319406,4,1
4319505,4,1
4319604,0,0
4319703,1,1
4319711,4,1
4319737,0,0
4319752,0,0
4319802,2,1
4319901,1,1
4320008,3,1
4320107,0,0
4320206,1,1
4320230,0,0
4320263,3,1
4320305,3,1
4320321,3,1
4320354,2,1
4320404,3,1
4320453,3,1
4320503,4,1
4320552,1,1
4320578,2,1
4320602,0,0
4320651,0,0
4320677,0,0
4320701,1,1
4320800,5,1
4320859,1,1
4320909,2,1
4321006,0,0
4321105,0,0
4321204,3,1
4321303,2,1
4321329,1,1
4321352,0,0
4321402,4,1
4321436,1,1
4321451,0,0
4321469,5,1
4321477,2,1
4321493,0,0
4321501,7,1
4321600,2,1
4321626,0,0
4321634,0,0
4321667,5,1
4321709,0,0
4321808,3,1
4321832,2,1
4321857,0,0
4321907,5,1
4321956,1,1
4322004,2,1
4322103,4,1
4322152,0,0
4322186,1,1
4322202,2,1
4322251,3,1
4322301,4,1
4322327,0,0
4322343,1,1
4322350,0,0
4322376,0,0
4322400,6,1
4322509,3,1
4322525,7,1
4322533,1,1
4322541,0,0
4322558,4,1
4322608,7,1
4322707,1,1
4322806,5,1
4322855,4,1
4322905,0,0
4323002,1,1
4323101,0,0
4323200,4,1
4323309,3,1
4323358,0,0
4323408,14,1
4323457,0,0
4323507,0,0
4323606,0,0
4323705,0,0
4323754,0,0
4323770,0,0
4323804,0,0
5000203,0,0
5000252,3,1
5000609,5,1
5000708,2,1
5000807,1,1
5000856,2,1
5000906,5,1
5001003,4,1
5001102,4,1
5001243,11,1
5001508,2,1
5001904,3,1
5002001,3,1
5002100,4,1
5002159,3,1
5002209,4,1
5002308,2,1
5002407,2,1
5002605,3,1
5002704,4,1
5002803,2,1
5002902,5,1
5002951,2,1
5003108,9,1
5003157,2,1
5003207,7,1
5003256,2,1
5003306,6,1
5003454,1,1
5003488,4,1
5003504,0,0
5003702,2,1
5003751,4,1
5003801,0,0
5003900,0,0
5004007,2,1
5004106,9,1
5004304,1,1
5004403,0,0
5004502,3,1
5004601,5,1
5004700,3,1
5004809,3,1
5004908,2,1
5005004,3,1
5005103,0,0
5005152,3,1
5005202,7,1
5005251,4,1
5005400,4,1
5005608,2,1
5005681,2,1
5005707,7,1
5005806,4,1
5006002,5,1
5006200,10,1
5006259,6,1
5006275,3,1
5006309,1,1
5006358,3,1
5006408,8,1
5006606,5,1
5006903,9,1
5007109,7,1
5007208,0,0
5007307,0,0
5007406,6,1
5007505,8,1
5007554,0,0
5007695,2,1
5007703,1,1
5007802,2,1
5007901,5,1
5007935,12,1
5007950,0,0
5007976,5,1
5008008,0,0
5008305,6,1
5008404,0,0
5100102,0,0
5100201,2,1
5100250,4,1
5100300,3,1
5100359,1,1
5100409,7,1
5100508,0,0
5100607,5,1
5100805,0,0
5101001,0,0
5101209,1,1
5101258,0,0
5101308,2,1
5101407,13,1
5101605,3,1
5101704,4,1
5101803,2,1
5101852,0,0
5101902,0,0
5102504,10,1
5102603,2,1
5102637,2,1
5102678,5,1
5102686,1,1
5102694,0,0
5102702,1,1
5102793,1,1
5102850,0,0
5103007,0,0
5103056,6,1
5103106,0,0
5103205,7,1
5103254,0,0
5103304,3,1
5103353,8,1
5103361,1,1
5103379,0,0
5103403,2,1
5103437,7,1
5103452,0,0
5103502,2,1
5103601,1,1
5103700,3,1
5103809,0,0
5103858,1,1
5103908,0,0
5103957,1,1
5104104,3,1
5104203,5,1
5104500,0,0
5104526,2,1
5104542,1,1
5104559,1,1
5104609,2,1
5104807,0,0
5104906,2,1
5105002,0,0
5105101,0,0
5105150,6,1
5105176,0,0
5105200,4,1
5105234,3,1
5105259,4,1
5105309,0,0
5105507,1,1
5105580,1,1
5105606,2,1
5105622,5,1
5105903,1,1
5106000,4,1
5106109,0,0
5106158,0,0
5106174,0,0
5106182,0,0
5106190,0,0
5106208,0,0
5106216,0,0
5106224,3,1
5106232,1,1
5106240,0,0
5106257,1,1
5106265,0,0
5106273,1,1
5106281,3,1
5106299,0,0
5106307,3,1
5106315,0,0
5106372,0,0
5106422,9,1
5106455,1,1
5106505,9,1
5106653,0,0
5106703,2,1
5106752,0,0
5106778,6,1
5106802,0,0
5106828,0,0
5106851,0,0
5107008,2,1
5107040,5,1
5107065,7,1
5107107,0,0
5107156,6,1
5107180,0,0
5107198,0,0
5107206,0,0
5107248,0,0
5107263,0,0
5107297,0,0
5107305,0,0
5107354,4,1
5107404,3,1
5107578,13,1
5107602,7,1
5107701,2,1
5107743,0,0
5107750,0,0
5107768,0,0
5107776,0,0
5107792,1,1
5107800,2,1
5107859,3,1
5107875,1,1
5107883,2,1
5107909,3,1
5107925,5,1
5107941,0,0
5107958,2,1
5108006,2,1
5108055,0,0
5108105,7,1
5108204,2,1
5108303,3,1
5108352,0,0
5108402,6,1
5108501,3,1
5108600,10,1
5108808,9,1
5108857,3,1
5108907,0,0
5108956,2,1
5200050,0,0
5200100,6,1
5200134,3,1
5200159,0,0
5200175,4,1
5200209,4,1
5200258,3,1
5200308,4,1
5200506,2,1
5200555,5,1
5200605,5,1
5200803,3,1
5200829,0,0
5200852,0,0
5200902,3,1
5201108,10,1
5201207,0,0
5201306,2,1
5201405,7,1
5201454,4,1
5201504,3,1
5201603,0,0
5201702,5,1
5201801,4,1
5202155,1,1
5202353,3,1
5202502,0,0
5202601,5,1
5202809,1,1
5203104,4,1
5203203,0,0
5203302,2,1
5203401,5,1
5203500,3,1
5203559,2,1
5203575,0,0
5203609,2,1
5203807,6,1
5203906,1,1
5203939,0,0
5203962,3,1
5204003,2,1
5204102,6,1
5204201,0,0
5204250,0,0
5204300,2,1
5204409,8,1
5204508,5,1
5204557,0,0
5204607,0,0
5204656,2,1
5204706,4,1
5204805,5,1
5204854,2,1
5204904,5,1
5204953,4,1
5205000,0,0
5205059,3,1
5205109,6,1
5205208,0,0
5205307,3,1
5205406,0,0
5205455,2,1
5205471,2,1
5205497,1,1
5205513,4,1
5205521,5,1
5205703,2,1
5205802,7,1
5205901,8,1
5206206,3,1
5206305,1,1
5206404,2,1
5206503,1,1
5206602,5,1
5206701,2,1
5206800,0,0
5206909,0,0
5207105,12,1
5207253,1,1
5207352,2,1
5207402,0,0
5207501,2,1
5207535,0,0
5207600,3,1
5207808,1,1
5207907,3,1
5208004,10,1
5208103,0,0
5208152,6,1
5208301,4,1
5208400,6,1
5208509,1,1
5208608,1,1
5208707,5,1
5208806,3,1
5208905,8,1
5209101,2,1
5209150,1,1
5209200,6,1
5209291,0,0
5209408,4,1
5209457,2,1
5209606,3,1
5209705,2,1
5209804,0,0
5209903,11,1
5209937,0,0
5209952,4,1
5210000,0,0
5210109,10,1
5210158,2,1
5210208,4,1
5210307,3,1
5210406,2,1
5210562,0,0
5210604,2,1
5210802,4,1
5210901,3,1
5211008,4,1
5211206,2,1
5211305,5,1
5211404,1,1
5211503,7,1
5211602,1,1
5211701,3,1
5211800,0,0
5211909,11,1
5212006,2,1
5212055,3,1
5212105,0,0
5212204,2,1
5212253,12,1
5212303,3,1
5212501,2,1
5212600,5,1
5212709,8,1
5212808,4,1
5212907,0,0
5212956,3,1
5213004,6,1
5213053,0,0
5213087,3,1
5213103,6,1
5213400,2,1
5213509,5,1
5213707,4,1
5213756,1,1
5213772,0,0
5213806,3,1
5213855,1,1
5213905,10,1
5214002,7,1
5214051,0,0
5214101,0,0
5214408,0,0
5214507,3,1
5214606,6,1
5214705,9,1
5214804,3,1
5214838,0,0
5214861,4,1
5214879,0,0
5214903,7,1
5215009,6,1
5215207,0,0
5215231,2,1
5215256,7,1
5215306,4,1
5215405,0,0
5215504,2,1
5215603,4,1
5215652,1,1
5215702,1,1
5215801,5,1
5215900,0,0
5216007,2,1
5216304,0,0
5216403,3,1
5216452,2,1
5216809,3,1
5216908,0,0
5217104,9,1
5217203,5,1
5217302,5,1
5217401,0,0
5217609,1,1
5217708,4,1
5218003,5,1
5218052,0,0
5218102,3,1
5218300,2,1
5218391,5,1
5218508,3,1
5218607,7,1
5218706,2,1
5218789,2,1
5218805,2,1
5218904,5,1
5219001,3,1
5219100,2,1
5219209,3,1
5219258,5,1
5219308,2,1
5219357,2,1
5219407,4,1
5219456,0,0
5219506,4,1
5219605,0,0
5219704,0,0
5219712,1,1
5219738,2,1
5219753,0,0
5219803,4,1
5219902,0,0
5220009,12,1
5220058,0,0
5220108,2,1
5220157,0,0
5220207,5,1
5220264,0,0
5220280,0,0
5220405,1,1
5220454,2,1
5220504,1,1
5220603,3,1
5220686,2,1
5220702,6,1
5221007,1,1
5221080,6,1
5221197,0,0
5221304,2,1
5221403,1,1
5221452,0,0
5221502,1,1
5221551,3,1
5221577,1,1
5221601,4,1
5221700,6,1
5221809,2,1
5221858,1,1
5221908,3,1
5222005,3,1
5222054,6,1
5222203,0,0
5222302,0,0
5300108,11,1
