cod_municipio,n_casos,populacao,n_casos_por_1k_hab
110001,2,496.0,4.032258064516129
110002,1,96.0,10.416666666666666
110004,4,1466.0,2.728512960436562
110010,1,4450.0,0.2247191011235955
110011,1,54.0,18.51851851851852
110012,2,1411.0,1.4174344436569808
110013,0,47.0,0.0
110015,0,76.0,0.0
110020,1,2189.0,0.4568296025582458
110028,0,64.0,0.0
110030,5,548.0,9.124087591240876
110045,0,49.0,0.0
110100,0,112.0,0.0
110130,2,172.0,11.627906976744185
110140,0,15.0,0.0
110149,2,319.0,6.269592476489028
120001,0,,
120005,1,530.0,1.8867924528301887
120010,6,125.0,48.0
120017,0,4.0,0.0
120020,9,940.0,9.574468085106384
120030,1,2622.0,0.38138825324180015
120032,2,2055.0,0.9732360097323601
120033,1,1298.0,0.7704160246533128
120034,0,441.0,0.0
120035,0,1535.0,0.0
120038,0,19.0,0.0
120040,5,453.0,11.037527593818984
120042,0,,
120043,1,2574.0,0.3885003885003885
120050,0,1349.0,0.0
120060,0,1137.0,0.0
130002,3,1016.0,2.952755905511811
130006,9,3335.0,2.6986506746626686
130008,2,52.0,38.46153846153846
130014,0,70.0,0.0
130020,7,6175.0,1.1336032388663968
130030,1,7347.0,0.13610997686130394
130040,2,5238.0,0.3818251240931653
130050,1,2774.0,0.3604902667627974
130060,72,9746.0,7.3876462138313155
130063,2,462.0,4.329004329004329
130070,1,916.0,1.091703056768559
130080,4,4051.0,0.9874105159219946
130090,0,119.0,0.0
130100,1,317.0,3.1545741324921135
130110,1,287.0,3.484320557491289
130120,1,469.0,2.1321961620469083
130140,3,879.0,3.4129692832764507
130150,26,770.0,33.76623376623377
130160,0,884.0,0.0
130170,1,1819.0,0.5497526113249038
130180,3,1579.0,1.8999366687777075
130185,0,52.0,0.0
130190,1,323.0,3.0959752321981426
130195,0,1028.0,0.0
130200,0,6.0,0.0
130210,0,1314.0,0.0
130220,0,514.0,0.0
130230,1,2955.0,0.338409475465313
130240,0,3698.0,0.0
130250,0,339.0,0.0
130255,0,977.0,0.0
130260,8,4405.0,1.8161180476730987
130270,1,2888.0,0.3462603878116344
130280,0,983.0,0.0
130290,2,6757.0,0.2959893443836022
130310,2,932.0,2.1459227467811157
130320,0,967.0,0.0
130340,1,734.0,1.3623978201634876
130350,5,2375.0,2.1052631578947367
130356,1,427.0,2.34192037470726
130360,22,12059.0,1.8243635458993284
130370,31,6875.0,4.509090909090909
130380,78,29156.0,2.6752640965838936
130390,47,15066.0,3.119607062259392
130400,0,51.0,0.0
130406,124,14973.0,8.281573498964804
130410,2,1782.0,1.122334455667789
130420,6,958.0,6.263048016701461
130423,5,3053.0,1.6377333770062235
130426,7,488.0,14.344262295081966
140002,0,5330.0,0.0
140005,0,7520.0,0.0
140010,89,8744.0,10.178408051235133
140015,1,4588.0,0.21795989537925023
140017,0,1783.0,0.0
140020,0,501.0,0.0
140028,0,1507.0,0.0
140030,0,567.0,0.0
140040,5,5370.0,0.931098696461825
140045,0,5780.0,0.0
140047,1,490.0,2.0408163265306123
140070,16,7417.0,2.1572064176890926
150010,1,101.0,9.900990099009901
150060,13,4044.0,3.2146389713155292
150080,0,293.0,0.0
150110,0,,
150130,0,137.0,0.0
150140,13,1892.0,6.871035940803383
150170,0,14.0,0.0
150172,0,171.0,0.0
150220,0,72.0,0.0
150240,0,165.0,0.0
150276,1,1335.0,0.7490636704119851
150320,0,24.0,0.0
150330,0,,
150360,2,780.0,2.5641025641025643
150375,2,5566.0,0.35932446999640677
150380,0,51.0,0.0
150390,0,80.0,0.0
150420,2,541.0,3.6968576709796674
150470,0,202.0,0.0
150497,1,51.0,19.607843137254903
150530,2,2970.0,0.6734006734006734
150543,1,1499.0,0.66711140760507
150548,0,8.0,0.0
150550,0,1084.0,0.0
150553,0,1102.0,0.0
150555,0,401.0,0.0
150565,0,42.0,0.0
150613,0,224.0,0.0
150619,0,28.0,0.0
150620,1,30.0,33.333333333333336
150670,0,55.0,0.0
150680,6,2456.0,2.44299674267101
150715,0,14.0,0.0
150730,0,1302.0,0.0
150795,0,49.0,0.0
150800,1,308.0,3.2467532467532467
150808,1,,
150810,1,432.0,2.314814814814815
160015,2,893.0,2.2396416573348263
160020,0,,
160030,1,713.0,1.402524544179523
160050,3,5556.0,0.5399568034557235
160053,0,39.0,0.0
170035,0,,
170200,0,11.0,0.0
170210,7,257.0,27.237354085603112
170220,0,28.0,0.0
170255,0,3.0,0.0
170386,0,,
170550,0,23.0,0.0
170700,0,,
170720,0,3.0,0.0
170820,8,1040.0,7.6923076923076925
170900,3,1715.0,1.749271137026239
170930,0,76.0,0.0
170950,0,232.0,0.0
171050,7,991.0,7.063572149344097
171150,0,,
171190,1,1913.0,0.5227391531625719
171280,1,175.0,5.714285714285714
171320,3,105.0,28.571428571428573
171610,0,134.0,0.0
171650,0,23.0,0.0
171660,0,10.0,0.0
171790,0,,
171820,0,43.0,0.0
171850,0,3.0,0.0
171875,1,,
171880,0,22.0,0.0
171886,2,284.0,7.042253521126761
172015,0,,
172025,0,5.0,0.0
172030,0,,
172100,4,412.0,9.70873786407767
172110,0,2787.0,0.0
172120,9,1292.0,6.96594427244582
210060,5,4595.0,1.088139281828074
210095,1,3039.0,0.3290556103981573
210140,0,98.0,0.0
210160,4,2974.0,1.3449899125756557
210173,0,10.0,0.0
210200,1,985.0,1.015228426395939
210300,0,239.0,0.0
210320,0,19.0,0.0
210330,0,64.0,0.0
210370,0,56.0,0.0
210375,0,11.0,0.0
210408,1,2498.0,0.400320256204964
210480,2,3950.0,0.5063291139240507
210530,2,528.0,3.787878787878788
210535,0,927.0,0.0
210547,1,5429.0,0.1841959845275373
210620,0,,
210632,0,3.0,0.0
210700,1,872.0,1.146788990825688
210735,0,135.0,0.0
210820,0,43.0,0.0
210880,0,,
210900,0,82.0,0.0
210910,1,28.0,35.714285714285715
210945,0,8.0,0.0
210960,0,40.0,0.0
210990,0,157.0,0.0
211020,0,,
211023,0,,
211120,0,186.0,0.0
211130,0,1754.0,0.0
211230,0,59.0,0.0
211280,0,7.0,0.0
211400,0,127.0,0.0
220190,0,21.0,0.0
220220,0,,
220342,0,,
220390,1,238.0,4.201680672268908
220455,0,,
220556,0,,
220570,0,31.0,0.0
220620,0,9.0,0.0
220640,0,,
220700,0,9.0,0.0
220770,2,243.0,8.23045267489712
220800,1,52.0,19.23076923076923
220840,0,151.0,0.0
221040,0,,
221060,0,11.0,0.0
221100,3,1753.0,1.7113519680547633
221130,0,10.0,0.0
230020,0,76.0,0.0
230030,0,42.0,0.0
230110,0,99.0,0.0
230120,0,,
230130,0,,
230140,0,309.0,0.0
230210,0,,
230220,0,10.0,0.0
230260,0,53.0,0.0
230280,0,95.0,0.0
230320,0,114.0,0.0
230340,0,19.0,0.0
230370,3,3004.0,0.9986684420772304
230410,2,679.0,2.9455081001472756
230423,0,,
230425,1,,
230428,0,128.0,0.0
230430,0,26.0,0.0
230440,3,3315.0,0.9049773755656109
230445,0,,
230495,0,9.0,0.0
230500,0,9.0,0.0
230523,0,32.0,0.0
230530,0,29.0,0.0
230620,0,16.0,0.0
230640,0,429.0,0.0
230655,0,2220.0,0.0
230725,0,,
230730,2,207.0,9.66183574879227
230760,0,16.0,0.0
230765,5,2643.0,1.8917896329928112
230860,1,1933.0,0.5173305742369374
230900,0,,
230920,0,,
230940,0,106.0,0.0
230960,1,,
230970,2,828.0,2.4154589371980677
231020,1,10.0,100.0
231060,1,4.0,250.0
231100,1,1210.0,0.8264462809917356
231126,1,204.0,4.901960784313726
231130,0,20.0,0.0
231140,0,29.0,0.0
231170,0,30.0,0.0
231180,0,27.0,0.0
231220,0,16.0,0.0
231230,0,8.0,0.0
231290,1,61.0,16.39344262295082
231320,0,24.0,0.0
231330,0,,
231400,0,9.0,0.0
240020,0,84.0,0.0
240110,1,8.0,125.0
240130,0,8.0,0.0
240140,0,,
240180,0,,
240200,0,,
240230,0,,
240325,0,205.0,0.0
240360,0,91.0,0.0
240420,0,265.0,0.0
240450,0,12.0,0.0
240580,0,300.0,0.0
240710,0,21.0,0.0
240720,0,,
240800,0,183.0,0.0
240810,2,957.0,2.089864158829676
240830,0,7.0,0.0
240890,0,5.0,0.0
241120,0,17.0,0.0
241230,0,,
250140,0,5729.0,0.0
250320,0,334.0,0.0
250370,0,20.0,0.0
250400,0,516.0,0.0
250430,0,,
250500,0,,
250600,0,,
250630,0,54.0,0.0
250750,3,2259.0,1.3280212483399734
250890,0,102.0,0.0
250905,0,5810.0,0.0
251080,0,62.0,0.0
251290,0,2560.0,0.0
260010,0,78.0,0.0
260020,0,17.0,0.0
260050,1,3224.0,0.31017369727047145
260060,0,29.0,0.0
260070,0,146.0,0.0
260080,0,,
260105,0,,
260120,1,360.0,2.7777777777777777
260160,0,722.0,0.0
260170,0,138.0,0.0
260190,0,10.0,0.0
260220,0,,
260280,3,649.0,4.622496147919877
260290,1,216.0,4.62962962962963
260300,5,4135.0,1.2091898428053205
260392,13,3771.0,3.447361442588173
260410,2,571.0,3.502626970227671
260510,0,97.0,0.0
260520,1,,
260545,0,2.0,0.0
260570,1,2120.0,0.4716981132075472
260600,1,234.0,4.273504273504273
260610,2,,
260620,0,,
260660,0,2067.0,0.0
260690,0,,
260700,0,1813.0,0.0
260720,2,19.0,105.26315789473684
260740,1,325.0,3.076923076923077
260765,0,2.0,0.0
260790,1,1686.0,0.5931198102016607
260795,0,11.0,0.0
260805,8,3216.0,2.487562189054726
260930,2,891.0,2.244668911335578
260960,0,998.0,0.0
260980,2,194.0,10.309278350515465
260990,0,24.0,0.0
261000,0,50.0,0.0
261020,0,6.0,0.0
261030,0,8.0,0.0
261060,0,10.0,0.0
261070,0,809.0,0.0
261090,9,9518.0,0.945576801849128
261100,2,1997.0,1.0015022533800702
261110,1,559.0,1.7889087656529516
261120,0,134.0,0.0
261160,6,3186.0,1.8832391713747645
261220,0,1902.0,0.0
261245,1,,
261250,0,50.0,0.0
261260,0,241.0,0.0
261300,1,,
261330,0,,
261350,0,23.0,0.0
261370,0,90.0,0.0
261390,0,247.0,0.0
261410,0,,
261450,0,19.0,0.0
261480,0,4020.0,0.0
261640,0,34.0,0.0
270010,0,271.0,0.0
270030,1,417.0,2.3980815347721824
270100,0,,
270140,0,8.0,0.0
270240,1,113.0,8.849557522123893
270290,1,,
270380,4,1226.0,3.2626427406199023
270430,4,1982.0,2.0181634712411705
270450,0,,
270470,0,6.0,0.0
270500,0,132.0,0.0
270510,0,189.0,0.0
270630,15,1630.0,9.202453987730062
270640,0,,
270642,12,3223.0,3.723239218119764
270650,0,,
270750,2,1751.0,1.1422044545973729
270770,0,327.0,0.0
270790,0,12.0,0.0
270800,0,135.0,0.0
270840,1,,
270880,1,542.0,1.845018450184502
270895,1,,
270930,0,106.0,0.0
270940,0,,
280030,1,2357.0,0.42426813746287656
280060,1,38.0,26.31578947368421
280210,0,130.0,0.0
280300,0,12.0,0.0
280450,0,47.0,0.0
280570,0,98.0,0.0
280610,0,12.0,0.0
280710,1,138.0,7.246376811594203
290020,3,542.0,5.535055350553505
290070,0,335.0,0.0
290110,0,7.0,0.0
290130,0,,
290210,0,32.0,0.0
290225,0,3.0,0.0
290265,0,1911.0,0.0
290290,0,178.0,0.0
290320,1,353.0,2.8328611898016995
290340,0,347.0,0.0
290360,0,37.0,0.0
290550,0,27.0,0.0
290560,0,340.0,0.0
290570,2,890.0,2.247191011235955
290580,0,112.0,0.0
290600,0,164.0,0.0
290680,0,68.0,0.0
290710,0,,
290730,0,53.0,0.0
290870,0,17.0,0.0
290930,0,24.0,0.0
290980,1,161.0,6.211180124223603
290990,0,630.0,0.0
291005,1,115.0,8.695652173913043
291070,0,1208.0,0.0
291072,0,917.0,0.0
291080,0,1094.0,0.0
291085,0,44.0,0.0
291120,1,63.0,15.873015873015873
291140,5,1171.0,4.269854824935952
291160,0,8.0,0.0
291210,0,108.0,0.0
291320,1,372.0,2.6881720430107525
291360,4,3975.0,1.0062893081761006
291390,0,49.0,0.0
291480,0,756.0,0.0
291560,1,934.0,1.0706638115631693
291580,0,25.0,0.0
291610,0,30.0,0.0
291640,0,224.0,0.0
291650,0,8.0,0.0
291720,0,26.0,0.0
291800,0,326.0,0.0
291810,0,12.0,0.0
291840,1,813.0,1.2300123001230012
291900,0,,
291920,0,438.0,0.0
291955,1,52.0,19.23076923076923
292050,0,65.0,0.0
292120,1,10.0,100.0
292225,0,155.0,0.0
292285,0,,
292390,0,2267.0,0.0
292400,0,1042.0,0.0
292405,0,17.0,0.0
292460,0,173.0,0.0
292500,0,,
292510,2,120.0,16.666666666666668
292530,1,5437.0,0.18392495861688432
292550,1,2174.0,0.45998160073597055
292630,0,62.0,0.0
292660,0,402.0,0.0
292700,0,17.0,0.0
292710,4,958.0,4.175365344467641
292740,2,7925.0,0.25236593059936907
292770,0,3879.0,0.0
292800,1,100.0,10.0
292805,0,11.0,0.0
292840,0,12.0,0.0
292870,0,119.0,0.0
292930,0,35.0,0.0
293020,1,30.0,33.333333333333336
293030,0,20.0,0.0
293070,0,309.0,0.0
293077,0,42.0,0.0
293110,0,,
293135,0,831.0,0.0
293330,2,543.0,3.6832412523020257
293350,0,29.0,0.0
310020,0,9.0,0.0
310050,0,,
310060,0,,
310090,0,14.0,0.0
310100,0,,
310120,0,7.0,0.0
310160,1,116.0,8.620689655172415
310170,0,32.0,0.0
310205,0,10.0,0.0
310260,0,10.0,0.0
310270,0,,
310290,0,,
310320,0,1.0,0.0
310340,0,149.0,0.0
310350,0,58.0,0.0
310400,0,264.0,0.0
310410,0,,
310420,0,17.0,0.0
310460,0,3.0,0.0
310470,0,4.0,0.0
310490,0,16.0,0.0
310510,0,39.0,0.0
310540,2,33.0,60.60606060606061
310560,1,90.0,11.11111111111111
310620,5,3958.0,1.263264274886306
310630,0,36.0,0.0
310660,2,522.0,3.8314176245210727
310670,3,546.0,5.4945054945054945
310700,1,,
310730,0,,
310740,1,10.0,100.0
310770,0,12.0,0.0
310825,0,,
310830,0,,
310850,0,,
310855,0,,
310860,0,11.0,0.0
310900,1,25.0,40.0
310930,0,21.0,0.0
310940,0,9.0,0.0
310990,0,9.0,0.0
311010,0,,
311030,0,111.0,0.0
311040,0,,
311080,0,13.0,0.0
311100,0,27.0,0.0
311120,0,179.0,0.0
311150,0,,
311200,0,,
311210,0,6.0,0.0
311230,0,,
311260,0,,
311270,0,,
311280,1,5.0,200.0
311290,0,4.0,0.0
311300,0,,
311320,0,20.0,0.0
311330,0,31.0,0.0
311370,0,,
311380,0,225.0,0.0
311390,0,,
311420,0,11.0,0.0
311430,0,,
311580,0,9.0,0.0
311600,0,,
311610,0,,
311615,0,94.0,0.0
311640,0,2.0,0.0
311660,0,52.0,0.0
311670,0,7.0,0.0
311690,0,,
311710,0,,
311730,0,20.0,0.0
311780,0,,
311800,0,37.0,0.0
311820,0,3.0,0.0
311830,3,33.0,90.9090909090909
311860,2,1023.0,1.9550342130987293
311870,0,,
311880,0,,
311910,0,22.0,0.0
311920,0,12.0,0.0
311930,2,,
311940,1,159.0,6.289308176100629
311995,0,,
312010,0,24.0,0.0
312020,0,,
312090,0,,
312110,0,6.0,0.0
312120,0,,
312125,0,9.0,0.0
312160,0,52.0,0.0
312190,0,,
312200,0,18.0,0.0
312210,0,2.0,0.0
312230,0,190.0,0.0
312240,0,1.0,0.0
312247,0,,
312250,0,,
312270,0,,
312290,0,10.0,0.0
312320,0,,
312360,0,27.0,0.0
312385,0,,
312420,0,19.0,0.0
312510,0,20.0,0.0
312560,0,2.0,0.0
312570,0,26.0,0.0
312610,2,76.0,26.31578947368421
312700,0,15.0,0.0
312705,0,,
312707,0,3.0,0.0
312710,0,63.0,0.0
312730,1,26.0,38.46153846153846
312733,0,,
312770,1,263.0,3.802281368821293
312800,1,26.0,38.46153846153846
312830,0,,
312870,0,78.0,0.0
312890,0,3.0,0.0
312970,0,29.0,0.0
312980,2,285.0,7.017543859649122
313005,2,29.0,68.96551724137932
313020,0,,
313030,0,,
313050,0,10.0,0.0
313055,0,,
313065,0,,
313090,0,20.0,0.0
313110,0,7.0,0.0
313130,2,233.0,8.583690987124463
313170,0,152.0,0.0
313190,1,22.0,45.45454545454545
313210,3,309.0,9.70873786407767
313230,1,,
313250,0,90.0,0.0
313270,0,98.0,0.0
313320,0,10.0,0.0
313330,0,,
313340,0,,
313350,0,81.0,0.0
313380,0,82.0,0.0
313400,0,,
313420,1,75.0,13.333333333333334
313440,0,22.0,0.0
313470,0,,
313480,0,,
313500,0,8.0,0.0
313505,0,40.0,0.0
313510,0,221.0,0.0
313520,0,93.0,0.0
313535,0,,
313570,0,,
313590,0,2.0,0.0
313620,0,75.0,0.0
313630,0,51.0,0.0
313640,0,,
313665,0,23.0,0.0
313670,0,537.0,0.0
313690,0,,
313700,0,217.0,0.0
313720,0,,
313740,1,4.0,250.0
313750,1,,
313753,0,4.0,0.0
313760,1,86.0,11.627906976744185
313770,0,,
313820,0,95.0,0.0
313840,0,25.0,0.0
313850,0,,
313865,0,,
313890,2,,
313900,0,25.0,0.0
313920,0,5.0,0.0
313930,0,106.0,0.0
313940,0,47.0,0.0
313950,0,45.0,0.0
313990,0,4.0,0.0
314000,0,186.0,0.0
314050,0,114.0,0.0
314070,0,21.0,0.0
314085,0,4.0,0.0
314100,0,,
314150,0,,
314200,0,4.0,0.0
314230,0,,
314250,0,,
314270,0,,
314290,0,,
314310,0,35.0,0.0
314330,1,582.0,1.7182130584192439
314345,0,,
314400,0,9.0,0.0
314410,1,5.0,200.0
314430,2,62.0,32.25806451612903
314435,0,,
314440,0,,
314450,0,,
314460,0,24.0,0.0
314465,0,,
314470,0,16.0,0.0
314520,0,18.0,0.0
314535,0,,
314560,0,10.0,0.0
314570,0,6.0,0.0
314590,0,9.0,0.0
314610,1,260.0,3.8461538461538463
314620,0,7.0,0.0
314630,1,,
314640,0,2.0,0.0
314650,0,,
314655,0,6.0,0.0
314690,2,,
314700,0,73.0,0.0
314710,1,36.0,27.77777777777778
314720,0,,
314730,0,19.0,0.0
314800,0,60.0,0.0
314810,0,56.0,0.0
314850,1,,
314875,0,,
314915,0,,
314920,0,9.0,0.0
315000,0,,
315050,0,,
315053,0,,
315057,0,,
315110,0,5.0,0.0
315120,0,82.0,0.0
315140,0,44.0,0.0
315160,0,14.0,0.0
315170,0,9.0,0.0
315180,2,257.0,7.782101167315175
315200,0,140.0,0.0
315210,1,63.0,15.873015873015873
315213,0,23.0,0.0
315220,0,,
315230,0,25.0,0.0
315250,0,91.0,0.0
315360,0,4.0,0.0
315370,0,,
315400,0,,
315415,0,21.0,0.0
315420,0,10.0,0.0
315430,0,396.0,0.0
315460,0,665.0,0.0
315550,0,,
315560,1,,
315570,0,5.0,0.0
315580,0,5.0,0.0
315610,0,6.0,0.0
315630,0,,
315645,0,,
315670,0,152.0,0.0
315690,0,,
315700,0,11.0,0.0
315710,0,3.0,0.0
315720,0,80.0,0.0
315765,2,776.0,2.577319587628866
315780,0,379.0,0.0
315790,0,,
315810,0,3.0,0.0
315850,0,,
315895,0,243.0,0.0
315900,0,,
315960,0,21.0,0.0
316010,0,,
316045,0,,
316070,0,38.0,0.0
316095,0,,
316100,0,8.0,0.0
316105,1,,
316110,0,16.0,0.0
316120,0,,
316165,0,,
316210,0,36.0,0.0
316225,1,,
316230,0,,
316240,0,,
316245,29,7701.0,3.7657447084794184
316250,0,42.0,0.0
316265,0,,
316270,0,,
316280,1,,
316290,0,49.0,0.0
316292,0,13.0,0.0
316294,0,3.0,0.0
316295,0,8.0,0.0
316330,0,3.0,0.0
316380,0,9.0,0.0
316390,0,,
316420,0,,
316430,0,,
316447,1,,
316470,0,74.0,0.0
316490,0,,
316520,0,3.0,0.0
316570,0,,
316590,0,,
316600,0,,
316610,0,,
316650,0,,
316670,0,35.0,0.0
316680,0,,
316690,0,3.0,0.0
316710,0,,
316720,0,159.0,0.0
316740,0,,
316760,0,45.0,0.0
316800,0,,
316860,0,258.0,0.0
316900,0,31.0,0.0
316930,0,138.0,0.0
316935,0,,
316940,0,9.0,0.0
316950,0,8.0,0.0
316970,0,13.0,0.0
317005,0,,
317010,1,398.0,2.512562814070352
317020,1,964.0,1.037344398340249
317030,0,16.0,0.0
317047,0,,
317050,0,,
317052,0,,
317057,0,,
317060,0,,
317070,0,89.0,0.0
317075,1,9.0,111.11111111111111
317080,0,,
317090,0,4.0,0.0
317100,0,,
317103,0,,
317107,0,3.0,0.0
317110,0,,
317120,0,128.0,0.0
317130,0,101.0,0.0
317180,0,,
317190,0,,
317200,0,24.0,0.0
320020,0,47.0,0.0
320040,0,114.0,0.0
320060,0,3469.0,0.0
320080,0,49.0,0.0
320120,0,60.0,0.0
320130,0,526.0,0.0
320150,0,88.0,0.0
320225,0,,
320240,0,308.0,0.0
320265,0,,
320280,0,8.0,0.0
320305,0,48.0,0.0
320310,0,,
320313,0,8.0,0.0
320320,0,315.0,0.0
320332,0,27.0,0.0
320370,0,6.0,0.0
320380,0,,
320390,0,22.0,0.0
320400,0,10.0,0.0
320420,0,21.0,0.0
320430,0,,
320460,0,,
320470,0,58.0,0.0
320500,0,1273.0,0.0
320506,0,9.0,0.0
320510,0,170.0,0.0
320520,0,896.0,0.0
320530,0,1202.0,0.0
330010,0,473.0,0.0
330020,1,172.0,5.813953488372093
330023,0,,
330030,0,46.0,0.0
330045,3,421.0,7.1258907363420425
330070,0,301.0,0.0
330093,0,13.0,0.0
330100,0,249.0,0.0
330110,0,10.0,0.0
330130,1,27.0,37.03703703703704
330170,1,836.0,1.1961722488038278
330187,1,26.0,38.46153846153846
330190,0,189.0,0.0
330220,0,75.0,0.0
330225,1,17.0,58.8235294117647
330227,0,114.0,0.0
330240,1,260.0,3.8461538461538463
330250,2,189.0,10.582010582010582
330270,1,84.0,11.904761904761905
330285,0,221.0,0.0
330310,0,6.0,0.0
330330,3,762.0,3.937007874015748
330340,0,185.0,0.0
330350,0,771.0,0.0
330380,0,248.0,0.0
330390,2,281.0,7.117437722419929
330400,0,,
330410,0,,
330412,0,25.0,0.0
330414,0,83.0,0.0
330415,0,4.0,0.0
330420,0,123.0,0.0
330430,3,44.0,68.18181818181819
330450,0,,
330452,0,103.0,0.0
330455,31,5980.0,5.183946488294314
330475,0,21.0,0.0
330490,3,675.0,4.444444444444445
330510,0,452.0,0.0
330515,0,38.0,0.0
330520,0,100.0,0.0
330550,0,57.0,0.0
330555,0,222.0,0.0
330575,1,,
330580,2,77.0,25.974025974025974
330600,0,,
330610,0,51.0,0.0
330620,0,46.0,0.0
330630,1,216.0,4.62962962962963
350030,1,33.0,30.303030303030305
350115,1,21.0,47.61904761904762
350160,2,156.0,12.820512820512821
350170,0,,
350190,0,32.0,0.0
350210,0,10.0,0.0
350230,0,8.0,0.0
350250,1,8.0,125.0
350280,0,161.0,0.0
350320,1,211.0,4.739336492890995
350370,0,8.0,0.0
350390,0,111.0,0.0
350400,0,119.0,0.0
350410,0,158.0,0.0
350440,0,,
350450,0,16.0,0.0
350460,0,10.0,0.0
350570,1,199.0,5.025125628140704
350590,0,24.0,0.0
350600,0,582.0,0.0
350610,0,44.0,0.0
350635,0,363.0,0.0
350650,0,102.0,0.0
350660,0,164.0,0.0
350710,0,4.0,0.0
350740,1,29.0,34.48275862068966
350750,3,121.0,24.793388429752067
350760,0,212.0,0.0
350790,0,18.0,0.0
350800,0,4.0,0.0
350840,0,48.0,0.0
350870,0,28.0,0.0
350900,0,199.0,0.0
350920,0,10.0,0.0
350925,0,33.0,0.0
350950,9,749.0,12.016021361815755
350970,0,19.0,0.0
350990,0,48.0,0.0
351020,0,47.0,0.0
351040,1,14.0,71.42857142857143
351050,0,99.0,0.0
351060,0,379.0,0.0
351080,0,31.0,0.0
351110,0,109.0,0.0
351150,0,48.0,0.0
351220,0,,
351230,0,21.0,0.0
351240,0,6.0,0.0
351270,0,,
351300,0,314.0,0.0
351340,1,,
351350,0,234.0,0.0
351370,0,10.0,0.0
351380,4,242.0,16.52892561983471
351390,0,,
351450,0,10.0,0.0
351480,0,13.0,0.0
351500,0,247.0,0.0
351510,1,50.0,20.0
351550,0,69.0,0.0
351560,0,,
351570,0,198.0,0.0
351630,0,198.0,0.0
351640,0,115.0,0.0
351670,1,36.0,27.77777777777778
351740,0,28.0,0.0
351750,1,10.0,100.0
351860,0,11.0,0.0
351870,0,514.0,0.0
351880,7,1993.0,3.5122930255895635
351907,0,155.0,0.0
351960,0,38.0,0.0
351970,0,99.0,0.0
351980,1,16.0,62.5
352030,0,228.0,0.0
352040,0,91.0,0.0
352042,1,,
352050,0,180.0,0.0
352070,0,3.0,0.0
352110,1,10.0,100.0
352115,0,2.0,0.0
352190,0,,
352210,0,423.0,0.0
352220,0,238.0,0.0
352230,0,230.0,0.0
352240,1,68.0,14.705882352941176
352250,0,179.0,0.0
352260,0,22.0,0.0
352280,0,20.0,0.0
352310,2,123.0,16.260162601626018
352390,0,106.0,0.0
352430,0,84.0,0.0
352440,2,108.0,18.51851851851852
352450,0,,
352460,0,,
352470,0,43.0,0.0
352480,0,8.0,0.0
352490,0,,
352500,0,190.0,0.0
352520,0,9.0,0.0
352530,0,60.0,0.0
352570,0,20.0,0.0
352590,1,207.0,4.830917874396135
352630,0,9.0,0.0
352640,0,16.0,0.0
352680,0,11.0,0.0
352690,10,202.0,49.504950495049506
352710,1,23.0,43.47826086956522
352720,1,49.0,20.408163265306122
352730,0,19.0,0.0
352740,0,,
352850,0,59.0,0.0
352900,1,257.0,3.8910505836575875
352940,1,696.0,1.4367816091954022
353020,0,,
353050,0,31.0,0.0
353060,5,620.0,8.064516129032258
353110,0,224.0,0.0
353140,1,33.0,30.303030303030305
353150,0,20.0,0.0
353170,0,4.0,0.0
353180,0,15.0,0.0
353190,0,39.0,0.0
353215,0,,
353260,0,,
353280,0,,
353390,1,,
353440,1,542.0,1.845018450184502
353470,1,47.0,21.27659574468085
353475,0,5.0,0.0
353510,0,,
353550,0,34.0,0.0
353560,0,,
353590,1,,
353600,0,5.0,0.0
353620,0,132.0,0.0
353640,0,3.0,0.0
353650,0,108.0,0.0
353670,0,9.0,0.0
353720,0,6.0,0.0
353760,1,473.0,2.1141649048625792
353800,0,238.0,0.0
353870,0,327.0,0.0
353910,0,3.0,0.0
353930,0,63.0,0.0
353980,0,145.0,0.0
354070,1,8.0,125.0
354105,0,,
354140,0,280.0,0.0
354150,0,9.0,0.0
354160,0,8.0,0.0
354220,0,32.0,0.0
354260,1,89.0,11.235955056179776
354300,0,37.0,0.0
354330,1,98.0,10.204081632653061
354340,0,570.0,0.0
354390,1,231.0,4.329004329004329
354410,0,48.0,0.0
354530,0,114.0,0.0
354540,0,,
354580,0,156.0,0.0
354640,0,,
354660,0,53.0,0.0
354670,0,,
354680,0,76.0,0.0
354730,0,37.0,0.0
354780,4,634.0,6.309148264984227
354850,0,578.0,0.0
354870,1,1049.0,0.9532888465204957
354880,0,58.0,0.0
354890,0,202.0,0.0
354910,1,64.0,15.625
354970,0,34.0,0.0
354980,1,237.0,4.219409282700422
354990,15,351.0,42.73504273504273
355030,103,12958.0,7.948757524309307
355070,2,94.0,21.27659574468085
355100,0,479.0,0.0
355170,0,76.0,0.0
355190,0,35.0,0.0
355220,0,886.0,0.0
355250,1,446.0,2.242152466367713
355280,0,208.0,0.0
355340,2,10.0,200.0
355370,0,48.0,0.0
355410,1,190.0,5.2631578947368425
355480,0,16.0,0.0
355510,0,4.0,0.0
355540,2,344.0,5.813953488372093
355560,0,,
355610,0,,
355620,0,45.0,0.0
355640,0,,
355650,0,54.0,0.0
355670,2,75.0,26.666666666666668
355680,0,,
355690,0,,
355710,0,93.0,0.0
410040,0,152.0,0.0
410100,0,4.0,0.0
410120,0,73.0,0.0
410130,0,2.0,0.0
410140,0,256.0,0.0
410150,0,100.0,0.0
410160,0,43.0,0.0
410180,3,132.0,22.727272727272727
410200,0,79.0,0.0
410250,0,14.0,0.0
410360,1,30.0,33.333333333333336
410370,0,55.0,0.0
410400,0,21.0,0.0
410405,0,,
410425,0,78.0,0.0
410430,1,189.0,5.291005291005291
410440,0,513.0,0.0
410480,0,251.0,0.0
410490,1,148.0,6.756756756756757
410500,0,23.0,0.0
410530,0,19.0,0.0
410540,2,622.0,3.215434083601286
410570,0,186.0,0.0
410580,0,525.0,0.0
410590,0,,
410630,1,9.0,111.11111111111111
410640,0,73.0,0.0
410650,2,155.0,12.903225806451612
410690,11,2420.0,4.545454545454546
410715,4,409.0,9.7799511002445
410720,1,,
410754,2,275.0,7.2727272727272725
410765,2,49.0,40.816326530612244
410800,0,4.0,0.0
410810,0,,
410830,4,482.0,8.298755186721992
410840,0,131.0,0.0
410850,1,80.0,12.5
410860,0,12.0,0.0
410880,8,512.0,15.625
410895,0,4.0,0.0
410940,0,502.0,0.0
410980,0,,
411020,0,125.0,0.0
411030,1,9.0,111.11111111111111
411070,0,114.0,0.0
411080,0,4.0,0.0
411095,5,28.0,178.57142857142858
411150,0,21.0,0.0
411190,0,,
411200,0,37.0,0.0
411220,0,5.0,0.0
411310,0,3.0,0.0
411330,1,306.0,3.2679738562091503
411350,0,32.0,0.0
411360,0,2.0,0.0
411370,8,667.0,11.994002998500749
411380,1,,
411390,0,10.0,0.0
411410,1,73.0,13.698630136986301
411420,0,10.0,0.0
411440,6,611.0,9.819967266775777
411450,2,1646.0,1.2150668286755772
411460,0,61.0,0.0
411520,1,467.0,2.1413276231263385
411535,0,,
411540,1,10.0,100.0
411560,0,5.0,0.0
411570,0,132.0,0.0
411580,0,36.0,0.0
411590,0,,
411610,0,,
411690,0,,
411705,16,2143.0,7.466168922071862
411722,0,16.0,0.0
411730,2,568.0,3.5211267605633805
411750,0,6.0,0.0
411760,0,729.0,0.0
411800,1,9.0,111.11111111111111
411820,0,116.0,0.0
411840,0,147.0,0.0
411850,0,75.0,0.0
411915,0,271.0,0.0
411950,0,306.0,0.0
411960,0,40.0,0.0
411990,1,502.0,1.9920318725099602
411995,1,44.0,22.727272727272727
412040,2,12.0,166.66666666666666
412060,0,,
412100,0,29.0,0.0
412120,0,6.0,0.0
412130,1,16.0,62.5
412240,0,76.0,0.0
412260,0,16.0,0.0
412300,0,4.0,0.0
412310,0,140.0,0.0
412340,0,,
412350,2,71.0,28.169014084507044
412405,0,,
412440,1,20.0,50.0
412470,0,923.0,0.0
412530,0,,
412550,1,178.0,5.617977528089888
412570,8,815.0,9.815950920245399
412625,0,86.0,0.0
412667,4,1445.0,2.7681660899653977
412710,0,111.0,0.0
412740,1,96.0,10.416666666666666
412770,1,56.0,17.857142857142858
412785,0,,
412790,0,5.0,0.0
412795,0,6.0,0.0
412796,0,500.0,0.0
412800,0,28.0,0.0
412810,1,205.0,4.878048780487805
412820,0,77.0,0.0
420010,2,478.0,4.184100418410042
420130,0,146.0,0.0
420140,0,63.0,0.0
420170,0,,
420200,0,158.0,0.0
420210,0,74.0,0.0
420220,0,,
420230,0,571.0,0.0
420240,1,345.0,2.898550724637681
420287,1,,
420300,1,143.0,6.993006993006993
420370,0,26.0,0.0
420420,2,1561.0,1.2812299807815504
420460,2,216.0,9.25925925925926
420480,0,40.0,0.0
420500,0,,
420517,2,634.0,3.1545741324921135
420530,0,8.0,0.0
420540,0,902.0,0.0
420550,0,72.0,0.0
420580,0,59.0,0.0
420630,0,4.0,0.0
420670,0,47.0,0.0
420690,0,12.0,0.0
420700,0,108.0,0.0
420730,0,14.0,0.0
420768,4,3336.0,1.1990407673860912
420770,0,,
420790,0,9.0,0.0
420820,2,173.0,11.560693641618498
420890,0,103.0,0.0
420900,0,7.0,0.0
420910,2,689.0,2.9027576197387517
420915,2,879.0,2.2753128555176336
420920,0,,
420930,0,165.0,0.0
421010,0,153.0,0.0
421060,0,45.0,0.0
421120,0,34.0,0.0
421190,1,324.0,3.0864197530864197
421340,0,5.0,0.0
421360,1,77.0,12.987012987012987
421370,0,7.0,0.0
421400,0,46.0,0.0
421480,0,108.0,0.0
421600,0,,
421620,0,246.0,0.0
421630,1,10.0,100.0
421660,0,538.0,0.0
421700,0,29.0,0.0
421720,0,36.0,0.0
421750,0,94.0,0.0
421850,0,,
421860,0,15.0,0.0
421870,1,125.0,8.0
421930,0,154.0,0.0
421935,0,346.0,0.0
421950,6,136.0,44.11764705882353
421970,0,34.0,0.0
430005,0,215.0,0.0
430030,0,3.0,0.0
430050,0,5.0,0.0
430060,0,424.0,0.0
430080,0,,
430087,0,1.0,0.0
430090,0,,
430100,0,11.0,0.0
430170,0,,
430180,0,,
430190,1,226.0,4.424778761061947
430205,0,966.0,0.0
430210,1,149.0,6.7114093959731544
430280,0,,
430300,0,25.0,0.0
430310,0,229.0,0.0
430320,3,959.0,3.1282586027111576
430350,0,53.0,0.0
430400,0,2.0,0.0
430450,0,12.0,0.0
430460,0,471.0,0.0
430510,3,455.0,6.593406593406593
430535,0,44.0,0.0
430537,5,1492.0,3.351206434316354
430580,0,590.0,0.0
430610,0,141.0,0.0
430613,0,,
430620,0,,
430632,0,,
430673,0,,
430676,0,123.0,0.0
430692,0,464.0,0.0
430697,0,327.0,0.0
430700,0,75.0,0.0
430760,0,17.0,0.0
430770,1,71.0,14.084507042253522
430780,0,93.0,0.0
430781,0,38.0,0.0
430790,2,83.0,24.096385542168676
430820,0,34.0,0.0
430850,0,,
430860,0,13.0,0.0
430885,0,93.0,0.0
430890,2,75.0,26.666666666666668
430905,0,,
430910,0,9.0,0.0
430912,0,347.0,0.0
430920,0,201.0,0.0
430930,0,135.0,0.0
430940,0,,
430990,5,291.0,17.18213058419244
431020,0,121.0,0.0
431036,0,,
431050,0,512.0,0.0
431100,0,59.0,0.0
431110,0,5.0,0.0
431120,0,,
431127,0,,
431130,0,,
431140,2,7.0,285.7142857142857
431142,0,36.0,0.0
431173,0,,
431177,0,22.0,0.0
431180,0,,
431213,0,97.0,0.0
431215,0,,
431240,0,,
431250,0,31.0,0.0
431262,0,224.0,0.0
431270,5,836.0,5.980861244019139
431290,0,,
431330,0,19.0,0.0
431340,0,142.0,0.0
431350,0,11.0,0.0
431380,0,12.0,0.0
431410,3,128.0,23.4375
431440,2,583.0,3.4305317324185247
431445,0,,
431447,0,18.0,0.0
431449,0,,
431470,2,1000.0,2.0
431480,0,12.0,0.0
431490,6,3941.0,1.5224562293834052
431515,0,,
431531,0,,
431540,2,4097.0,0.48816206980717597
431555,0,142.0,0.0
431560,0,270.0,0.0
431580,0,,
431590,0,37.0,0.0
431610,1,1167.0,0.856898029134533
431640,0,72.0,0.0
431645,0,432.0,0.0
431675,0,,
431680,0,64.0,0.0
431690,0,252.0,0.0
431710,0,35.0,0.0
431720,0,30.0,0.0
431740,1,19.0,52.63157894736842
431750,0,51.0,0.0
431846,1,,
431848,1,,
431860,0,2.0,0.0
431870,0,171.0,0.0
431900,0,,
431930,0,,
431940,0,5.0,0.0
431990,0,31.0,0.0
432000,0,66.0,0.0
432023,0,2.0,0.0
432040,0,,
432065,0,,
432090,1,13.0,76.92307692307692
432100,0,,
432110,0,15.0,0.0
432140,48,1959.0,24.502297090352222
432143,0,21.0,0.0
432150,1,160.0,6.25
432180,0,,
432185,0,364.0,0.0
432190,0,57.0,0.0
432240,1,119.0,8.403361344537815
432250,0,92.0,0.0
432260,0,57.0,0.0
432280,0,9.0,0.0
432290,0,,
432300,0,943.0,0.0
432310,2,87.0,22.988505747126435
432340,0,,
500020,0,22.0,0.0
500025,0,1.0,0.0
500060,137,7252.0,18.89134031991175
500070,1,1448.0,0.6906077348066298
500090,63,859.0,73.34109429569267
500100,0,,
500110,13,5963.0,2.1801106825423444
500124,7,761.0,9.198423127463863
500150,0,43.0,0.0
500190,1,97.0,10.309278350515465
500210,2,446.0,4.484304932735426
500215,1,235.0,4.25531914893617
500230,0,74.0,0.0
500240,58,4420.0,13.122171945701357
500270,9,5271.0,1.707455890722823
500290,0,20.0,0.0
500295,1,68.0,14.705882352941176
500315,4,2735.0,1.4625228519195612
500320,1,398.0,2.512562814070352
500325,1,30.0,33.333333333333336
500330,0,173.0,0.0
500345,0,,
500348,1,1909.0,0.5238344683080147
500350,1,953.0,1.0493179433368311
500370,83,6631.0,12.516965766852662
500375,1,503.0,1.9880715705765408
500380,2,59.0,33.898305084745765
500410,0,13.0,0.0
500430,1,336.0,2.9761904761904763
500450,0,4852.0,0.0
500460,0,51.0,0.0
500470,0,12.0,0.0
500480,26,3831.0,6.786739754633255
500500,0,65.0,0.0
500515,2,575.0,3.4782608695652173
500520,0,28.0,0.0
500525,14,939.0,14.90947816826411
500540,0,346.0,0.0
500560,7,5926.0,1.181235234559568
500570,6,240.0,25.0
500580,1,1364.0,0.7331378299120235
500600,1,128.0,7.8125
500620,1,26.0,38.46153846153846
500635,20,4415.0,4.530011325028313
500640,0,,
500660,5,101.0,49.504950495049506
500690,0,1393.0,0.0
500769,0,65.0,0.0
500770,0,149.0,0.0
500790,1,2112.0,0.4734848484848485
500795,14,3592.0,3.8975501113585747
500797,0,30.0,0.0
500800,0,265.0,0.0
500830,0,35.0,0.0
500840,1,21.0,47.61904761904762
510025,0,45.0,0.0
510080,0,210.0,0.0
510140,0,399.0,0.0
510170,0,636.0,0.0
510180,1,3243.0,0.3083564600678384
510190,0,1591.0,0.0
510250,0,245.0,0.0
510260,0,8085.0,0.0
510263,0,188.0,0.0
510267,0,41.0,0.0
510270,0,1450.0,0.0
510285,0,3.0,0.0
510300,0,105.0,0.0
510320,0,,
510335,0,525.0,0.0
510337,0,48.0,0.0
510340,3,2094.0,1.4326647564469914
510350,0,90.0,0.0
510385,1,2178.0,0.4591368227731864
510390,9,1394.0,6.456241032998565
510410,0,6.0,0.0
510480,0,18.0,0.0
510510,1,1307.0,0.7651109410864575
510515,2,344.0,5.813953488372093
510517,0,,
510530,0,265.0,0.0
510558,0,253.0,0.0
510560,0,44.0,0.0
510615,0,3.0,0.0
510622,0,39.0,0.0
510625,1,254.0,3.937007874015748
510629,0,58.0,0.0
510642,0,1360.0,0.0
510704,0,43.0,0.0
510706,0,1176.0,0.0
510760,3,810.0,3.7037037037037037
510777,0,1146.0,0.0
510785,2,514.0,3.8910505836575875
510790,0,283.0,0.0
510795,0,1499.0,0.0
510800,1,17.0,58.8235294117647
510840,0,481.0,0.0
510850,0,3.0,0.0
510860,0,46.0,0.0
510895,0,23.0,0.0
520005,0,8.0,0.0
520010,0,19.0,0.0
520013,0,8.0,0.0
520025,0,273.0,0.0
520030,0,32.0,0.0
520080,0,,
520110,2,313.0,6.389776357827476
520130,0,15.0,0.0
520140,2,856.0,2.336448598130841
520170,2,73.0,27.397260273972602
520330,1,31.0,32.25806451612903
520350,0,23.0,0.0
520390,0,,
520490,0,52.0,0.0
520510,1,197.0,5.0761421319796955
520520,0,,
520540,1,44.0,22.727272727272727
520549,1,82.0,12.195121951219512
520570,0,,
520580,0,17.0,0.0
520590,1,24.0,41.666666666666664
520620,0,10.0,0.0
520735,0,,
520800,0,124.0,0.0
520870,5,1927.0,2.5947067981318113
520880,0,7.0,0.0
520970,0,5.0,0.0
521000,0,12.0,0.0
521040,1,13.0,76.92307692307692
521150,0,29.0,0.0
521190,0,91.0,0.0
521210,1,11.0,90.9090909090909
521250,1,313.0,3.194888178913738
521380,0,54.0,0.0
521523,1,215.0,4.651162790697675
521540,0,,
521560,0,21.0,0.0
521630,2,9.0,222.22222222222223
521710,0,57.0,0.0
521730,1,54.0,18.51851851851852
521740,0,31.0,0.0
521760,0,156.0,0.0
521880,4,97.0,41.23711340206186
521890,1,105.0,9.523809523809524
522000,0,16.0,0.0
522020,0,50.0,0.0
522060,1,,
522140,2,79.0,25.31645569620253
522170,0,4.0,0.0
522185,0,195.0,0.0
522220,0,,
530010,11,7070.0,1.5558698727015559
