cod_municipio,assasinatos_jovens,pop_2021,assasinatos_jovens_100k
1100023,10,109523,9.130502268929813
1100049,5,85893,5.82119613938272
1100056,1,16204,6.171315724512466
1100064,1,15544,6.433350488934638
1100080,2,18798,10.639429726566656
1100098,3,32695,9.175714941122497
1100114,1,51620,1.9372336303758233
1100122,6,130009,4.615065110876939
1100130,4,40867,9.787848386228497
1100155,4,35737,11.192881327475725
1100189,4,36881,10.845692904205418
1100205,64,539354,11.866047160121182
1100254,2,18571,10.769479295676055
1100288,5,55407,9.024130525023914
1100304,16,102211,15.653892438191583
1100320,1,23077,4.333318888937037
1100452,2,40356,4.95589255624938
1100502,1,8329,12.006243246488173
1100809,2,27388,7.302468234263181
1100940,1,26183,3.81927204674789
1101005,2,7445,26.863666890530556
1101302,1,10818,9.243852837862821
1101484,1,5066,19.739439399921043
1101559,1,4233,23.623907394283016
1101609,2,10395,19.24001924001924
1200013,2,15490,12.911555842479018
1200104,3,26702,11.235113474646093
1200179,2,12008,16.655562958027982
1200203,11,89072,12.34955990659242
1200252,8,18696,42.78990158322636
1200302,4,34884,11.466574934067195
1200336,1,19311,5.178395733001916
1200344,2,9581,20.874647740319382
1200385,1,19955,5.011275369581559
1200401,147,413418,35.557232631380344
1200427,2,19351,10.335383184331558
1200450,1,23236,4.30366672404889
1200500,2,46511,4.300058050783686
1200609,5,43151,11.58721698222521
1200807,2,18824,10.62473438164046
1300029,2,16220,12.330456226880395
1300060,1,11736,8.520790729379687
1300102,2,21477,9.31228756343996
1300144,5,22359,22.362359676193034
1300300,3,40290,7.4460163812360385
1300409,2,27638,7.236413633403285
1300508,5,32483,15.392666933472894
1300607,3,43935,6.828269033799931
1300631,1,20093,4.976857612103718
1300680,3,19626,15.285845307245491
1300706,8,34635,23.098022231846397
1300805,3,41748,7.185972980741592
1301001,3,28508,10.523361863336607
1301100,3,38348,7.823093772817357
1301159,4,30846,12.967645723918823
1301209,41,85910,47.72436270515656
1301308,2,29168,6.856829402084476
1301407,11,35700,30.81232492997199
1301506,9,20393,44.132790663462956
1301605,2,17005,11.761246692149367
1301852,8,49011,16.322866295321457
1301902,12,102701,11.68440424143874
1301951,3,7814,38.39262861530586
1302207,3,15106,19.85965841387528
1302306,2,13886,14.402995823131212
1302405,11,46882,23.46316283435007
1302504,8,98502,8.121662504314633
1302603,470,2219580,21.175177285792806
1302702,5,56583,8.8365763568563
1302900,11,65040,16.912669126691267
1303106,10,38026,26.297796244674696
1303205,3,19928,15.054195102368526
1303304,1,26046,3.8393611303079167
1303403,8,115363,6.934632421140227
1303502,4,19522,20.4897039237783
1303536,6,37193,16.13206786223214
1303809,9,46303,19.437185495540245
1303908,1,40073,2.4954458113942057
1304062,37,67182,55.0742758476973
1304104,2,17015,11.754334410813987
1304203,12,59547,20.152148722857575
1304260,2,13690,14.609203798392988
1304302,1,16130,6.199628022318661
1304401,1,23585,4.239983040067839
1400027,4,13185,30.337504740235115
1400050,17,15380,110.5331599479844
1400100,75,419652,17.871951045151697
1400159,1,12557,7.963685593692761
1400175,5,18799,26.597159423373583
1400209,29,22283,130.14405600682133
1400233,2,10383,19.262255610131948
1400308,6,18172,33.01782962799912
1400456,3,18913,15.862105430127425
1400472,6,30782,19.491910856994348
1500107,19,159080,11.943676137792306
1500131,1,7486,13.35826876836762
1500206,13,55669,23.352314573640626
1500305,1,39567,2.527358657467081
1500347,2,27615,7.242440702516748
1500404,2,57092,3.5031177748195894
1500503,5,34076,14.673083695269398
1500602,60,115969,51.73796445601842
1500800,124,535547,23.153896856858502
1500859,9,28607,31.460831265074983
1500909,1,46471,2.1518796668890277
1500958,10,31773,31.473263462688447
1501105,4,31325,12.769353551476456
1501204,8,48459,16.508801254668896
1501253,2,3262,61.31207847946045
1501303,33,127027,25.978728931644454
1501402,176,1499641,11.736142183362551
1501451,2,17839,11.211390773025395
1501501,3,63768,4.704554008280015
1501576,2,17118,11.68360789811894
1501600,2,16530,12.099213551119178
1501709,23,128914,17.841351598740246
1501725,2,14983,13.348461589801776
1501758,2,7368,27.14440825190011
1501782,7,67332,10.396245470207331
1501808,24,103497,23.18907794428824
1501907,15,29427,50.973595677439086
1501956,3,34609,8.668265480077437
1502103,19,139364,13.633362991877386
1502152,13,38103,34.118048447628794
1502202,17,69431,24.48474024571157
1502301,17,54425,31.23564538355535
1502400,51,203251,25.092127468007536
1502608,2,12131,16.4866870002473
1502707,3,47991,6.251172094767769
1502756,8,33781,23.681951392794765
1502764,1,13761,7.266913741733886
1502772,12,17846,67.24195898240502
1502806,1,34994,2.8576327370406354
1502905,12,40584,29.56830277942046
1502939,7,60469,11.576179530007112
1502954,8,33940,23.57100766057749
1503044,14,20525,68.2095006090134
1503077,3,26111,11.489410593236567
1503200,5,39023,12.812956461573943
1503309,17,63036,26.968716289104638
1503457,6,65625,9.142857142857142
1503507,4,32595,12.27182083141586
1503606,29,101395,28.6010158291829
1503705,7,53355,13.119670134008059
1503754,6,7590,79.05138339920948
1503804,5,59842,8.355335717389124
1503903,2,58960,3.3921302578018997
1504059,14,30235,46.30395237307756
1504208,76,283542,26.803789209358754
1504406,5,28450,17.57469244288225
1504422,29,133685,21.692785278827092
1504455,6,31975,18.764659890539484
1504505,2,27890,7.171029042667623
1504604,10,31530,31.71582619727244
1504703,23,83182,27.650212786420138
1504752,2,16184,12.357884330202669
1504802,4,58162,6.877342594821361
1504901,1,40906,2.4446291497579815
1504950,4,21444,18.653236336504385
1505007,6,15506,38.694698826260804
1505031,11,25766,42.691919583947836
1505064,8,77214,10.36081539617168
1505106,5,52306,9.559132795472795
1505304,6,74016,8.106355382619974
1505403,8,17961,44.54094983575525
1505437,14,33335,41.99790010499475
1505486,7,48414,14.458627669682324
1505494,2,7582,26.378264310208387
1505502,33,114503,28.820205584133166
1505536,69,213576,32.307000786605236
1505551,1,5410,18.484288354898336
1505650,3,31659,9.47597839476926
1505809,9,62945,14.29819683850981
1505908,4,41801,9.569149063419536
1506104,2,10857,18.421295017039697
1506112,6,13702,43.789227849948915
1506138,27,85563,31.55569580309246
1506161,6,18201,32.96522169111587
1506187,7,52803,13.256822529022973
1506203,13,40922,31.76775328674063
1506302,2,24075,8.307372793354102
1506351,6,21449,27.97333209007413
1506500,12,71837,16.704483761849744
1506609,4,24995,16.003200640128025
1506708,3,74419,4.031228584098147
1506807,30,306480,9.788566953797964
1507003,1,31918,3.13302838523717
1507102,2,18129,11.032048099729716
1507151,2,25753,7.7660855046014055
1507201,4,32139,12.445937956999284
1507300,18,132138,13.622122326658493
1507409,6,15930,37.664783427495294
1507458,2,24705,8.095527221210281
1507607,12,59632,20.12342366514623
1507706,4,26974,14.829094683769556
1507805,8,11480,69.68641114982579
1507904,4,25565,15.646391550948563
1507953,25,108969,22.942304692160157
1507961,3,11847,25.32286654849329
1507979,1,18917,5.286250462546915
1508001,39,64030,60.90894893018898
1508035,7,31257,22.394983523690694
1508084,7,40136,17.440701614510665
1508100,52,115144,45.160842076009175
1508126,12,60761,19.74951037672191
1508159,12,45435,26.411356883459888
1508209,15,54172,27.68958133353024
1508308,6,61751,9.71644183899856
1508357,2,15279,13.089861901956935
1508407,8,45086,17.743867275872777
1600238,2,7967,25.103552152629597
1600279,11,51362,21.41661150266734
1600303,161,512902,31.390012127073007
1600501,3,27906,10.75037626316921
1600535,4,22452,17.815784785319792
1600600,26,123096,21.12172613244947
1600709,5,17769,28.138893578704486
1700350,1,5346,18.705574261129815
1700400,5,6979,71.64350193437456
1700707,1,8396,11.910433539780849
1702109,34,183381,18.540633980619585
1702208,4,36170,11.05888858169754
1702554,4,18643,21.45577428525452
1702703,1,3783,26.434047052603752
1702901,2,9787,20.435271278226217
1703701,3,5519,54.35767349157456
1703842,1,10312,9.69743987587277
1703867,2,4441,45.034902049088046
1703909,1,5442,18.375597206909223
1705508,4,35851,11.157289894284679
1706001,1,5639,17.733640716439083
1706100,1,7278,13.740038472107722
1707108,1,6943,14.402995823131212
1707207,2,7185,27.835768963117605
1707306,2,4686,42.680324370465215
1707405,2,11139,17.954933117874138
1707702,2,8874,22.537750732476898
1708205,6,18399,32.61046796021523
1708254,2,2602,76.86395080707149
1709302,4,26165,15.28759793617428
1709500,33,87545,37.69489976583471
1711902,2,13676,14.624159110851126
1713205,5,17936,27.876895628902766
1713809,2,6745,29.651593773165306
1714203,4,9250,43.24324324324324
1714880,1,11917,8.39137366786943
1715002,1,4304,23.234200743494423
1715754,1,7676,13.027618551328818
1716109,7,51891,13.489815189531903
1716653,1,5512,18.1422351233672
1717503,2,7743,25.829781738344312
1717909,2,8116,24.64268112370626
1718204,28,53316,52.51706804711531
1718402,1,3676,27.20348204570185
1718907,2,4846,41.271151465125875
1720655,2,5428,36.84598378776713
1720903,2,16825,11.887072808320951
1720978,1,2812,35.56187766714083
1721000,62,306296,20.241857549559903
1721208,6,22845,26.263952724885094
1722107,2,11520,17.36111111111111
2100055,34,113121,30.056311383385932
2100204,1,22112,4.522431259044862
2100303,2,26757,7.474679523115446
2100436,5,27858,17.94816569746572
2100477,1,31943,3.130576339104029
2100550,1,7005,14.275517487508923
2100600,6,41729,14.378489779290183
2100832,1,17413,5.742835812324126
2100956,1,32764,3.0521303870101333
2101004,1,29932,3.340906053721769
2101202,31,104790,29.582975474759042
2101251,5,17252,28.982146997449572
2101301,4,18654,21.443122118580465
2101400,68,95929,70.8857592594523
2101608,2,88492,2.2600913076888305
2101707,3,63217,4.745558947751396
2101970,3,8382,35.79098067287044
2102002,3,41822,7.173258093826216
2102036,2,34567,5.785865131483785
2102101,1,36651,2.7284385146380727
2102150,2,9014,22.18770800976259
2102325,6,72983,8.221092583204308
2102358,1,15467,6.465377901338333
2102408,2,11216,17.83166904422254
2102507,3,19451,15.423371549020615
2102804,2,24165,8.276432857438444
2102903,1,23952,4.1750167000668
2103000,50,165525,30.206917384080956
2103125,4,8740,45.76659038901602
2103174,1,21840,4.5787545787545785
2103208,13,80195,16.21048693808841
2103307,30,123116,24.367263393872445
2103406,15,49621,30.229136857378933
2103505,9,41312,21.78543764523625
2103554,2,16400,12.195121951219512
2103604,8,65544,12.205541315757355
2103703,6,32626,18.39024091215595
2103752,6,12916,46.45401052957572
2103802,1,23372,4.278623994523361
2104008,2,17104,11.693171188026193
2104057,8,42527,18.811578526583112
2104073,1,8484,11.786892975011787
2104099,1,19258,5.192647211548447
2104552,6,18520,32.39740820734341
2104628,2,7844,25.497195308516062
2104677,8,25539,31.324640745526448
2104800,22,70065,31.399414829087277
2105005,2,28932,6.912760956726117
2105104,5,27269,18.335839231361618
2105302,90,259337,34.70387950813035
2105401,9,68723,13.096052267799717
2105427,8,26068,30.68896731624981
2105500,11,23740,46.33529907329402
2105708,9,50616,17.780938833570413
2105948,4,8857,45.16201874223778
2106201,3,6984,42.955326460481096
2106326,2,21586,9.26526452330214
2106508,1,23482,4.258581040797206
2106607,1,33943,2.9461155466517397
2106672,1,8483,11.788282447247436
2106805,3,15011,19.985344081007263
2107001,2,9111,21.951487213258698
2107357,3,21080,14.231499051233397
2107407,2,19561,10.224426154082103
2107506,9,123747,7.272903585541468
2107605,5,19781,25.27678074920378
2107803,4,35008,11.425959780621572
2108009,4,19583,20.42587958943982
2108108,3,21066,14.240956992309883
2108207,3,39191,7.654818708376923
2108256,1,25354,3.9441508243275223
2108306,8,38731,20.655289044951072
2108405,1,14345,6.971070059254095
2108454,1,23364,4.280089025851738
2108504,8,33065,24.19476788144564
2108603,17,83777,20.291965575277224
2108702,6,21379,28.0649235230834
2108900,3,17595,17.050298380221655
2109007,5,24092,20.753777187448115
2109106,7,48036,14.5724040303106
2109601,3,42994,6.977717821091315
2109809,1,42483,2.353882729562413
2109908,30,89489,33.52367330062913
2110005,8,72887,10.975894192379986
2110039,2,25371,7.883016041937645
2110104,3,25764,11.644154634373544
2110203,6,38298,15.666614444618517
2110237,1,13547,7.381708127260648
2110708,9,34384,26.174965100046535
2110856,7,11941,58.621555983585964
2110906,1,12218,8.18464560484531
2111003,1,20701,4.830684507994783
2111078,4,18645,21.45347278090641
2111102,1,25996,3.846745653177412
2111201,22,179028,12.28858055723127
2111300,235,1108975,21.19073919610451
2111409,4,18727,21.359534362150907
2111508,4,41579,9.620240987036725
2111532,1,12735,7.852375343541421
2111763,2,14050,14.234875444839858
2111805,1,18160,5.506607929515418
2112001,2,8582,23.304591004427873
2112100,1,29183,3.4266525031696538
2112209,46,170222,27.02353397328195
2112233,1,22112,4.522431259044862
2112308,3,42040,7.136060894386299
2112407,3,35709,8.401243384020836
2112456,2,25868,7.731560228854183
2112506,1,59398,1.6835583689686522
2112704,3,57168,5.247691015952981
2112803,13,52649,24.69182700526126
2112852,1,13598,7.354022650389763
2112902,7,32861,21.30184717446213
2113009,3,31522,9.517162616585242
2114007,8,51956,15.397644160443452
2200202,2,17470,11.448196908986835
2200301,2,14339,13.947974056768254
2200400,9,40605,22.164758034724787
2201101,2,11326,17.658484901995408
2201200,2,47185,4.2386351594786476
2201507,1,26905,3.7167812674224123
2201903,1,25387,3.9390239098751327
2202208,3,46893,6.397543343356151
2202307,3,21258,14.112334180073384
2202703,2,27845,7.182618064284432
2202752,1,6516,15.346838551258442
2202802,1,4807,20.802995631370916
2202901,4,26709,14.976225242427645
2203206,2,11426,17.50393838613688
2203305,2,13840,14.45086705202312
2203701,1,39848,2.5095362377032724
2203909,16,60025,26.655560183256977
2204303,2,11659,17.154129856763017
2204907,1,8566,11.67406023815083
2205102,1,11028,9.067827348567283
2205508,5,39336,12.71100264388855
2205540,1,2858,34.98950314905528
2205581,1,4075,24.539877300613497
2205706,3,30438,9.856100926473488
2205805,2,25504,7.841907151819322
2205854,4,8342,47.95013186286262
2205953,2,8543,23.410979749502516
2206209,6,33833,17.734164868619395
2206654,1,4530,22.075055187637968
2207207,3,6873,43.64906154517678
2207504,1,14587,6.855419208884623
2207702,24,153482,15.637012809319659
2207801,4,20554,19.46093217865136
2208007,5,78431,6.375030281393837
2208205,1,18459,5.41741156075627
2208304,1,28874,3.463323405139572
2208403,3,63787,4.703152680013169
2208908,2,7376,27.114967462039047
2209401,1,6441,15.52553951249806
2209658,1,5779,17.304031839418585
2210003,1,20662,4.839802536056529
2210052,2,5354,37.35524841240194
2210300,1,6371,15.69612305760477
2210409,3,17639,17.007766880208628
2210607,1,34877,2.8672190842102245
2211001,215,868075,24.767445209227315
2211100,4,44569,8.974847988512195
2211357,2,4938,40.502227622519236
2300101,2,11853,16.873365392727578
2300150,2,15036,13.301409949454643
2300200,12,63104,19.016227180527384
2300309,2,54481,3.67100457040069
2300705,7,17196,40.70714119562689
2300754,1,43829,2.281594378151452
2300804,4,7378,54.21523448088913
2301000,45,80935,55.60017297831593
2301109,12,74975,16.0053351117039
2301208,12,26535,45.22328999434709
2301257,2,10959,18.249840313897252
2301307,2,21654,9.236168837166343
2301406,1,11802,8.47314014573801
2301505,1,7844,12.748597654258031
2301604,1,23478,4.25930658488798
2301703,2,24610,8.126777732629012
2301851,2,18256,10.955302366345311
2301901,7,61228,11.432677859802705
2301950,4,22573,17.720285296593275
2302057,3,15044,19.941504918904545
2302107,8,35941,22.258701761219776
2302206,10,53949,18.536024764129085
2302404,2,54577,3.664547336790223
2302503,2,49842,4.0126800690180975
2302602,2,63907,3.1295476238909665
2302701,10,27470,36.40334910811794
2302800,25,77244,32.36497333126197
2302909,2,17786,11.244799280332845
2303006,12,22782,52.67316302343956
2303303,2,18699,10.695759131504358
2303402,1,17685,5.654509471303364
2303501,37,72232,51.22383431166242
2303600,1,20871,4.791337262229888
2303659,2,10376,19.275250578257516
2303709,195,365212,53.393645334764464
2303808,14,25585,54.719562243502054
2303907,1,13091,7.638835841417768
2303931,9,13565,66.34721710283819
2303956,10,20274,49.32425766992207
2304004,2,23239,8.606222298721976
2304103,3,75159,3.9915379395681154
2304202,38,133031,28.564770617374897
2304251,3,24977,12.011050166152861
2304285,26,54337,47.84953162670004
2304301,3,19389,15.472690700912889
2304350,25,24452,102.24112547030917
2304400,870,2686612,32.382792900500704
2304509,2,14134,14.150275930380642
2304608,2,7694,25.994281258123213
2304657,2,14407,13.882140626084542
2304707,1,54962,1.8194388850478513
2304905,5,11144,44.867193108399135
2304954,36,26290,136.93419551160136
2305001,1,40784,2.4519419380149077
2305100,3,5132,58.456742010911924
2305209,5,20053,24.933925098489006
2305233,41,68529,59.82868566592246
2305266,13,13369,97.23988331214002
2305308,2,25082,7.973845785822502
2305332,10,12629,79.18283316177053
2305357,3,20060,14.955134596211366
2305407,5,68162,7.335465508641178
2305506,12,103074,11.642121194481634
2305605,3,26187,11.456065986940084
2306009,1,14326,6.980315510261064
2306108,1,24305,4.114379757251594
2306256,33,38325,86.10567514677103
2306306,2,53067,3.7688205476096255
2306405,10,130539,7.660545890500157
2306504,7,20520,34.113060428849906
2306553,17,42215,40.270046192111806
2306603,1,21836,4.5795933321121085
2306702,3,18147,16.531658125309967
2306801,12,11492,104.42046641141664
2306900,9,34636,25.984524771913616
2307007,5,33834,14.778033930365904
2307106,6,27181,22.07424303741584
2307254,3,20087,14.935032608154527
2307304,93,276264,33.66345234992616
2307403,2,24892,8.034709946970914
2307502,5,31492,15.877048139209958
2307601,16,59890,26.715645349807982
2307635,2,19864,10.068465565847765
2307650,102,229458,44.452579557043116
2307700,71,130346,54.47040952541697
2307809,8,27595,28.99075919550643
2308005,6,39044,15.367277942833725
2308104,6,48168,12.45640259093174
2308401,5,35480,14.092446448703495
2308500,4,43858,9.120342924893976
2308609,11,17249,63.771812858716444
2308708,14,61738,22.676471541028217
2308906,4,22685,17.63279700242451
2309003,2,14549,13.746649254244279
2309102,3,10941,27.419797093501508
2309458,2,25833,7.742035381101692
2309508,1,21384,4.676393565282454
2309607,45,73188,61.48548942449582
2309706,37,84554,43.75901790571706
2309805,2,12288,16.276041666666668
2310001,3,9422,31.840373593716834
2310100,5,13439,37.205149192648264
2310209,5,35304,14.162701110355767
2310258,11,32992,33.34141610087294
2310407,2,12252,16.32386549134835
2310704,10,37900,26.385224274406333
2310852,6,20769,28.889209880109778
2311264,4,21166,18.898233015213076
2311306,21,88321,23.776904699901497
2311405,16,81778,19.565164225097213
2311504,15,22293,67.28569506122999
2311603,5,29146,17.155012694709395
2311702,3,18385,16.317650258362796
2311801,19,78882,24.08661038006136
2311900,3,15788,19.001773498859894
2312007,14,32654,42.873767379187846
2312106,1,17712,5.645889792231256
2312205,12,43711,27.45304385623756
2312304,11,48131,22.85429349068168
2312403,15,48869,30.694305183245003
2312502,9,7601,118.40547296408367
2312601,8,13044,61.330880098129406
2312908,105,210711,49.83128550479092
2313104,11,30807,35.70617067549583
2313203,4,26225,15.252621544327932
2313302,3,59062,5.079408079645119
2313351,1,19371,5.162356099323731
2313401,7,76537,9.145903288605512
2313500,10,56291,17.764829191167326
2313559,2,16431,12.172113687541842
2313609,4,35047,11.413245070904784
2313807,3,22040,13.611615245009075
2313906,2,13915,14.37297879985627
2313955,10,18471,54.13892046992583
2314003,8,40903,19.558467594064005
2314102,10,61410,16.283992835043154
2400208,21,58384,35.968758563990136
2400307,1,11029,9.067005168192946
2400505,2,13553,14.756880395484394
2400604,5,4710,106.15711252653928
2400703,9,14728,61.10809342748506
2400901,6,7154,83.86916410399776
2401008,9,35874,25.08780732563974
2401107,9,27967,32.18078449601316
2401206,3,14417,20.80876742734272
2401305,2,9670,20.682523267838675
2401453,4,28747,13.914495425609628
2401503,3,3994,75.11266900350526
2401701,3,10267,29.219830524982957
2401800,4,12787,31.28177054821303
2402006,8,68343,11.70566115037385
2402105,3,11291,26.56983438136569
2402204,16,34548,46.31237698274864
2402303,7,20541,34.07818509322818
2402501,2,10867,18.40434342504831
2402600,15,73886,20.3015456243402
2402709,3,11181,26.83123155352831
2402907,1,4915,20.345879959308242
2403103,5,44905,11.134617525887986
2403251,63,267036,23.592324630386916
2403400,1,6054,16.518004625041296
2403509,2,10484,19.07668828691339
2403608,15,28936,51.83854022670722
2403707,1,5997,16.67500416875104
2404200,6,26669,22.498031422250552
2404309,2,13076,15.295197308045275
2404408,1,10463,9.557488292076842
2404507,2,15963,12.52897325064211
2404606,3,13901,21.581181209984894
2404705,3,15626,19.198771278638166
2404853,2,7595,26.333113890717577
2404903,1,5897,16.957775139901646
2405108,2,6893,29.014942695488177
2405306,4,10275,38.929440389294406
2405405,3,4995,60.06006006006006
2405603,4,14942,26.770178021683844
2405702,1,12396,8.067118425298483
2405801,10,35160,28.441410693970422
2406106,1,18315,5.46000546000546
2406304,2,7584,26.371308016877638
2406403,2,2732,73.20644216691069
2406601,4,8297,48.21019645655056
2406809,2,4763,41.990342221289104
2407005,1,10146,9.856100926473488
2407104,41,81821,50.10938512117916
2407302,1,8336,11.99616122840691
2407500,7,12544,55.80357142857143
2407708,4,11208,35.6887937187723
2407807,9,22576,39.86534372785259
2407906,3,2084,143.95393474088291
2408003,119,300618,39.585121316754154
2408102,168,890480,18.86622944928578
2408201,6,27938,21.47612570692247
2408300,8,37450,21.36181575433912
2408904,5,21545,23.207240659085635
2408953,4,10905,36.68042182485099
2409100,4,13474,29.686804215526198
2409308,1,12809,7.807010695604653
2409332,2,5621,35.580857498665715
2409407,4,30600,13.071895424836601
2409506,2,3199,62.51953735542357
2409803,8,14844,53.89382915656157
2410207,1,7906,12.64862130027827
2410256,2,6522,30.665440049064703
2410504,1,5128,19.50078003120125
2410900,2,8220,24.330900243309003
2411007,4,4462,89.64589870013447
2411056,2,4140,48.309178743961354
2411205,2,39988,5.00150045013504
2411403,2,11956,16.72800267648043
2411502,4,24280,16.474464579901152
2412005,34,103672,32.79574041206883
2412203,22,44236,49.733248937516954
2412302,10,12879,77.64577995185962
2412559,1,10362,9.650646593321753
2412609,10,17720,56.433408577878104
2412708,1,5930,16.863406408094434
2412906,8,11053,72.37853976296029
2413102,2,6127,32.64240248082259
2413300,2,5751,34.77656059815684
2413359,1,12083,8.276090374906895
2413706,1,5561,17.98237727027513
2414001,1,15869,6.301594303358749
2414209,4,14440,27.700831024930746
2414407,8,33503,23.878458645494433
2414506,11,10520,104.56273764258555
2414803,7,12637,55.392893883041864
2500304,1,28439,3.516298041421991
2500502,1,14560,6.868131868131868
2500700,2,18026,11.095084877399312
2500775,1,8416,11.88212927756654
2500809,2,16921,11.819632409432067
2501005,2,20463,9.773737966085129
2501401,1,9096,10.993843447669304
2501807,30,97203,30.86324496157526
2501906,1,17705,5.648121999435188
2502003,5,7349,68.03646754660498
2502300,2,4956,40.35512510088781
2502508,2,17870,11.19194180190263
2502805,5,14206,35.19639588906096
2502904,1,6464,15.470297029702971
2503001,7,21955,31.883397859257574
2503209,2,68767,2.9083717480768394
2503407,2,3695,54.12719891745602
2503506,3,17178,17.46419839329375
2503704,1,62289,1.6054198975742104
2503803,2,6046,33.079722130334105
2504306,19,30684,61.92152261765089
2504405,2,19007,10.5224391013837
2504603,9,25010,35.98560575769692
2504900,4,17461,22.90819540690682
2505238,1,6356,15.733165512901195
2505709,1,10413,9.603380389897243
2506301,5,59115,8.45809016324114
2506400,3,14127,21.235931195582925
2506806,3,18144,16.534391534391535
2506905,8,24419,32.76137433965355
2507002,2,24828,8.055421298533913
2507101,1,18823,5.312649418264889
2507200,3,11016,27.233115468409586
2507309,5,14450,34.602076124567475
2507507,116,817511,14.189411518621768
2507903,5,10793,46.3263226165107
2508109,2,4653,42.98302170642596
2508208,2,7737,25.849812588858732
2508604,4,13214,30.27092477675193
2508901,7,45136,15.508684863523573
2509057,2,8653,23.113371085172773
2509107,1,21866,4.57331016189518
2509305,2,8539,23.421946363742826
2509800,1,9932,10.068465565847765
2510709,1,2436,41.050903119868636
2510808,21,108192,19.40993788819876
2511202,5,28533,17.523569200574773
2511301,4,16111,24.827757432809882
2511509,2,11977,16.698672455539786
2511608,1,6576,15.206812652068127
2511707,1,4955,20.181634712411704
2511905,6,19275,31.1284046692607
2512101,1,32802,3.0485945978903723
2512309,1,23549,4.246464818038983
2512721,1,6114,16.35590448151783
2512762,2,4540,44.052863436123346
2512903,3,24218,12.387480386489388
2513109,4,12131,32.9733740004946
2513703,29,137349,21.114096207471476
2513901,6,34344,17.470300489168412
2514503,2,20329,9.838162231295193
2514602,1,3588,27.870680044593087
2515005,5,7410,67.47638326585695
2515302,1,52804,1.8937959245511704
2515971,2,7815,25.591810620601407
2516003,4,26227,15.251458420711481
2516201,4,69723,5.736987794558467
2516508,2,15441,12.952528981283596
2516706,6,15248,39.34942287513117
2600054,19,100346,18.934486676100693
2600302,3,25065,11.968880909634949
2600401,8,37082,21.57380939539399
2600500,1,43686,2.2890628576660714
2600609,2,14718,13.588802826470987
2600708,4,38397,10.417480532333256
2600807,6,22984,26.10511660285416
2600906,14,22870,61.21556624398776
2601003,2,11226,17.815784785319792
2601052,9,20733,43.40905802344089
2601102,6,84864,7.070135746606335
2601201,5,74822,6.682526529630323
2601409,10,42764,23.384154896642034
2601508,4,12122,32.99785513941594
2601706,16,76687,20.864031713328202
2601904,15,60880,24.63863337713535
2602001,5,38378,13.028297462087654
2602100,5,48767,10.252834908852298
2602209,5,39983,12.505314758772478
2602308,5,38117,13.117506624340844
2602605,11,51225,21.473889702293803
2602803,8,58919,13.57796296610601
2602902,91,208944,43.55233938280114
2603009,1,34503,2.898298698663884
2603306,1,11018,9.076057360682519
2603454,20,158899,12.586611621218509
2603504,5,18900,26.455026455026456
2603603,3,8572,34.997666822211855
2603702,2,24773,8.073305614984056
2604007,26,84395,30.80751229338231
2604106,79,365278,21.62736326852425
2604155,1,14368,6.959910913140312
2604205,12,43340,27.68804799261652
2604304,4,11891,33.6388865528551
2604403,5,13556,36.8840365889643
2604502,1,21815,4.584001833600733
2604601,7,26590,26.32568634825122
2604700,3,18268,16.422158966498795
2604809,6,12560,47.77070063694268
2604908,2,10192,19.623233908948194
2605004,9,24173,37.23162205766764
2605103,5,37375,13.377926421404682
2605152,1,19079,5.241364851407306
2605202,70,69292,101.0217629740807
2605301,6,31766,18.88811937291444
2605400,10,22247,44.94988088281566
2605509,2,12170,16.433853738701725
2605608,4,22618,17.68502962242462
2605806,2,15546,12.865045670912131
2605905,16,31318,51.088830704387256
2606002,25,140577,17.78384799789439
2606101,12,30751,39.023121199310594
2606200,13,80055,16.238835800387236
2606408,28,84699,33.058241537680495
2606606,2,29412,6.799945600435197
2606705,2,7768,25.746652935118433
2606804,49,118370,41.39562389118865
2607000,1,23645,4.229223937407486
2607208,33,97669,33.787588692420314
2607307,3,31187,9.61939269567448
2607505,4,26308,15.20450053215752
2607604,11,26672,41.241751649670064
2607653,12,36471,32.902854322612484
2607752,1,26900,3.717472118959108
2607802,2,17006,11.760555098200635
2607901,176,706867,24.89860185862404
2607950,3,11644,25.764342150463758
2608008,3,17228,17.413512885999534
2608107,7,33328,21.00336053768603
2608206,2,16011,12.491412154144026
2608305,1,14922,6.7015145422865565
2608404,3,15431,19.44138422655693
2608453,9,18252,49.30966469428008
2608503,7,21460,32.618825722273996
2608750,2,25849,7.737243220240628
2608800,17,40589,41.8832688659489
2608909,4,56198,7.117691021032777
2609006,3,25472,11.777638190954773
2609105,1,16321,6.127075546841493
2609154,3,21776,13.776634827332844
2609204,1,11220,8.9126559714795
2609303,4,15470,25.85649644473174
2609402,12,63294,18.959143046734287
2609501,12,32573,36.840327878918124
2609600,68,393115,17.29773730333363
2609709,1,23935,4.1779820346772505
2609907,9,69969,12.862839257385414
2610004,38,63500,59.84251968503937
2610202,7,26456,26.459026307831873
2610301,2,11566,17.292062943109112
2610608,15,56933,26.346758470482847
2610707,63,334376,18.84106514821638
2610806,4,22668,17.64602082230457
2610905,11,67735,16.239757879973425
2611101,63,354317,17.780687915059115
2611309,9,27148,33.15161337851775
2611408,6,15101,39.73246804847361
2611507,5,26175,19.10219675262655
2611606,452,1653461,27.336598806987283
2611705,2,20646,9.68710646130001
2611804,12,47616,25.201612903225808
2611903,13,23628,55.01946842728966
2612000,2,9764,20.483408439164275
2612208,11,61249,17.959476889418603
2612406,9,26890,33.4696913350688
2612471,2,12650,15.810276679841897
2612505,16,109897,14.559087145235994
2612703,1,14223,7.030865499542994
2613008,10,60042,16.655008160953997
2613107,8,37368,21.408691928923144
2613206,3,22899,13.101008777675881
2613305,12,21398,56.08000747733433
2613404,18,21586,83.38738070971927
2613503,6,34021,17.636165897533875
2613602,5,34056,14.681700728212356
2613701,26,114079,22.791223625733046
2613800,10,18085,55.294442908487696
2613909,7,86915,8.053845711327158
2614105,3,36050,8.321775312066574
2614204,15,46361,32.35478095813291
2614501,7,65647,10.663091992017915
2614709,3,12859,23.32996344972393
2614808,1,26106,3.8305370412931894
2614857,7,23623,29.632138170427126
2615003,6,29127,20.599443815016993
2615300,20,52802,37.877353130563236
2615409,9,46164,19.49571094359241
2615508,1,13813,7.239556939115326
2615607,1,30816,3.245067497403946
2616209,4,20954,19.08943399828195
2616308,7,32772,21.35969730257537
2616407,64,139583,45.85085576323765
2616506,5,14757,33.882225384563256
2700102,2,20230,9.886307464162135
2700201,3,17526,17.117425539198905
2700300,71,233047,30.465957510716724
2700409,11,47365,23.223899503853055
2700508,6,16068,37.34129947722181
2700607,6,8378,71.616137502984
2700706,2,18338,10.906314756243866
2701001,10,27356,36.55505190817371
2701100,3,10460,28.680688336520078
2701308,5,21331,23.44006375697342
2701407,3,57537,5.214036185411127
2701605,3,17719,16.930978046165134
2701704,7,16979,41.227398551151424
2702108,10,21818,45.833715280960675
2702207,2,5864,34.106412005457024
2702306,1,57294,1.7453834607463259
2702355,3,24309,12.34110823151919
2702405,3,52262,5.74030844590716
2702504,1,11067,9.035872413481522
2702553,1,18255,5.477951246233909
2702702,3,4779,62.77463904582549
2702801,10,12807,78.082298742875
2703007,7,15627,44.794266333909256
2703106,2,25613,7.808534728458205
2703205,2,24586,8.134710811030669
2703304,4,18392,21.748586341887776
2703403,3,5219,57.48227629814141
2703502,1,7006,14.273479874393377
2703759,2,11536,17.337031900138697
2703809,6,24081,24.915908807773764
2703908,3,4137,72.51631617113851
2704005,10,24722,40.4498017959712
2704104,2,17771,11.254290698328738
2704302,322,1025360,31.403604587657018
2704401,2,19864,10.068465565847765
2704500,10,33032,30.273674013078228
2704609,1,9004,11.106175033318525
2704708,9,52380,17.18213058419244
2704807,6,13193,45.478662927309934
2705002,2,25207,7.9343039631848296
2705101,4,24634,16.23772022408054
2705200,2,18031,11.092008208086074
2705408,1,7165,13.956734124214934
2705507,10,28333,35.294532876857375
2705705,6,21738,27.60143527463428
2706000,2,11657,17.15707300334563
2706307,9,73337,12.27211366704392
2706406,1,24351,4.106607531518213
2706505,5,15258,32.769694586446455
2706604,1,7560,13.227513227513228
2706703,11,63846,17.228957178210067
2706802,2,17848,11.205737337516808
2706901,18,35212,51.1189367261161
2707305,4,27249,14.67943777753312
2707404,3,7701,38.955979742890534
2707503,1,20112,4.972155926809865
2707701,27,75394,35.81186831843383
2707800,6,6649,90.23913370431644
2707909,1,7320,13.66120218579235
2708006,8,47819,16.729751772308077
2708303,12,23996,50.00833472245374
2708501,16,34692,46.12014297244321
2708600,27,61797,43.6914413321035
2708808,8,34290,23.330417031204433
2708956,3,13921,21.550175993103945
2709103,6,20072,29.892387405340774
2709152,7,44372,15.775714414495628
2709202,6,27826,21.562567383023072
2709301,33,65790,50.159598723210216
2709400,6,25693,23.35266414976842
2800209,5,21681,23.061666897283335
2800308,221,664908,33.23768100248456
2800506,4,18686,21.406400513753614
2800605,19,30930,61.429033301002264
2800670,4,26899,14.870441280344995
2800704,2,8353,23.943493355680594
2801009,7,18218,38.42353716104951
2801207,7,30402,23.024800999934214
2801306,10,34514,28.973749782696878
2801405,3,22239,13.489815189531903
2801504,2,16937,11.808466670602822
2801603,2,5913,33.82377811601556
2801702,10,18029,55.46619335515003
2802106,11,69556,15.814595433894992
2802205,1,5601,17.85395465095519
2802304,6,15556,38.570326562098224
2802502,2,3384,59.1016548463357
2802601,1,5824,17.17032967032967
2802700,4,8521,46.94284708367562
2802908,26,96142,27.04333173847018
2803005,8,42166,18.9726319783712
2803203,6,34709,17.286582730703852
2803302,3,18907,15.867139154810388
2803500,18,105221,17.106851293943226
2803609,4,30080,13.297872340425531
2803906,2,12653,15.80652809610369
2804102,1,11348,8.812125484666902
2804300,3,7639,39.27215604136667
2804508,6,37324,16.075447433286893
2804607,5,26795,18.66019779809666
2804805,68,185706,36.617018297739435
2804904,2,14540,13.75515818431912
2805307,4,9359,42.739608932578264
2805406,3,35122,8.541654803257218
2805604,3,28693,10.455511797302478
2805703,16,29692,53.8865687727334
2805901,8,10284,77.79074290159471
2806008,3,18773,15.98039737921483
2806206,3,20025,14.9812734082397
2806305,2,14121,14.163302882232136
2806503,9,3923,229.41626306398166
2806701,19,91093,20.85780466117045
2806800,2,11207,17.84598911394664
2807105,8,40606,19.701521942570064
2807204,4,8970,44.593088071348944
2807402,10,52530,19.036740909956215
2807501,2,13535,14.776505356483192
2807600,1,25550,3.9138943248532287
2900207,4,20347,19.6589177765764
2900306,3,15187,19.75373674853493
2900355,7,17126,40.87352563353965
2900405,4,17033,23.483825515176424
2900504,2,10560,18.939393939393938
2900702,75,152327,49.236182685932235
2900801,10,22490,44.464206313917295
2900900,4,5366,74.54342154304882
2901007,5,37441,13.354344168157901
2901106,9,25048,35.93101245608432
2901155,5,16090,31.07520198881293
2901304,9,13132,68.53487663722206
2901353,2,14503,13.790250293042819
2901403,3,13938,21.52389151958674
2901502,2,11297,17.7038151721696
2901700,3,11677,25.69153035882504
2901809,6,11878,50.51355447044957
2901908,1,17788,5.621767483696875
2902005,5,13045,38.328861632809506
2902054,2,12208,16.382699868938403
2902104,5,54648,9.149465671204801
2902252,9,10961,82.10929659702582
2902302,2,8837,22.632114971144052
2902401,8,11299,70.80272590494734
2902500,5,13929,35.89633139493144
2902609,5,20449,24.451073402122354
2902708,1,53910,1.8549434242255611
2902807,1,20392,4.903883876029815
2902906,16,31209,51.26726264859496
2903201,39,156975,24.84472049689441
2903235,1,15054,6.642752756742394
2903409,11,23437,46.93433459913812
2903508,2,17109,11.689753930679759
2903607,5,15984,31.28128128128128
2903706,1,12329,8.110957904128478
2903904,13,69662,18.6615371364589
2904605,2,67335,2.970223509319076
2904704,1,18306,5.4626898284715395
2904753,2,21276,9.400263207369806
2904902,3,33567,8.93734918223255
2905008,2,23291,8.587007857112189
2905107,1,9058,11.039964672113049
2905206,8,51081,15.661400520741568
2905404,6,18427,32.56091604710479
2905503,2,13391,14.935404376073482
2905602,15,32006,46.86621258514029
2905701,164,304302,53.89382915656157
2905800,21,35382,59.352212989655754
2906006,11,71487,15.3874130960874
2906105,1,9703,10.306090899721736
2906303,7,30906,22.649323755905
2906402,3,8181,36.67033370003667
2906501,42,87458,48.023051064510966
2906709,1,25053,3.9915379395681154
2906808,3,34882,8.600424287598187
2906857,1,11616,8.608815426997245
2906873,10,30862,32.402307044261555
2906907,6,22093,27.157923324129815
2907103,1,29070,3.4399724802201583
2907202,16,72545,22.055276035564134
2907301,12,26318,45.59616992172658
2907509,6,54970,10.915044569765326
2907608,1,17280,5.787037037037037
2907806,18,32576,55.25540275049116
2908002,8,16549,48.341289503897514
2908200,11,22762,48.326157631139615
2908309,2,17165,11.651616661811826
2908408,15,67013,22.383716592302985
2908507,23,33398,68.86639918557998
2908705,1,17178,5.8213994644312494
2908903,6,22495,26.672593909757722
2909307,1,32191,3.1064583268615453
2909604,2,21163,9.450455984501252
2909703,1,13947,7.170000717000072
2909802,14,63591,22.01569404475476
2909901,2,34886,5.7329587800263715
2910008,2,10525,19.002375296912113
2910057,32,82432,38.81987577639752
2910404,1,16446,6.080505898090721
2910503,16,41901,38.18524617550894
2910602,6,37578,15.96678907871627
2910701,3,60858,4.929508035098097
2910727,66,114396,57.69432497639777
2910750,1,17845,5.603810591202017
2910800,365,619609,58.90811786142551
2910909,2,5629,35.53028957186001
2911006,1,10575,9.456264775413711
2911204,6,32596,18.407166523499814
2911501,1,6985,14.316392269148174
2911600,12,20762,57.79790000963298
2911709,8,84928,9.419743782969103
2911808,5,20700,24.154589371980677
2911907,3,24121,12.43729530284814
2912103,11,21378,51.45476658246796
2912202,7,19786,35.37855049024563
2912301,4,16230,24.645717806531117
2912707,7,23404,29.909417193642113
2912806,2,8690,23.014959723820482
2913200,8,27003,29.626337814316926
2913408,2,15650,12.779552715654953
2913457,5,13091,38.19417920708884
2913507,8,26963,29.670288914438306
2913606,67,159923,41.89516204673499
2913705,19,40333,47.10782733741601
2913804,2,14354,13.933398355858994
2913903,4,45922,8.710422019946867
2914000,7,59435,11.777572137629344
2914505,2,29173,6.855654200802111
2914604,23,73524,31.282302377454982
2914653,23,30747,74.8040459231795
2914703,10,64646,15.468861182439749
2914802,71,213685,33.22647822729719
2914901,7,28684,24.403848835587784
2915106,6,12242,49.01159941186081
2915205,1,14452,6.919457514530861
2915304,5,6825,73.26007326007326
2915403,9,6596,136.4463311097635
2915502,8,20398,39.219531326600645
2915601,32,64455,49.647040570940966
2915700,1,8003,12.495314257153568
2915809,1,22754,4.394831677946734
2915908,2,6436,31.07520198881293
2916104,18,22337,80.58378475175718
2916203,3,8526,35.186488388458834
2916401,22,76795,28.647698417865747
2916500,5,35883,13.934174957500767
2916807,9,19843,45.35604495288011
2916856,1,14539,6.878052135635188
2916906,1,12528,7.982120051085569
2917003,4,36116,11.075423634954037
2917102,2,20388,9.809691975671964
2917300,10,28740,34.79471120389701
2917359,2,8277,24.163344206838225
2917409,3,14850,20.2020202020202
2917508,15,80635,18.60234389533081
2917607,1,54673,1.8290563898084977
2917706,2,33746,5.926628341136727
2917805,5,18981,26.3421316052895
2917904,1,10726,9.323140033563304
2918001,30,156126,19.215249221782408
2918209,2,14557,13.739094593666277
2918308,1,10808,9.25240562546262
2918357,2,25402,7.873395795606645
2918407,55,218162,25.21062329828293
2918506,1,15262,6.552221202987813
2918555,4,5768,69.34812760055479
2918704,2,3693,54.15651232060655
2918803,6,24032,24.96671105193076
2919108,3,8191,36.625564644121596
2919157,3,27274,10.999486690621104
2919207,65,201635,32.236466883229596
2919306,2,11499,17.392816766675363
2919504,1,46062,2.1709869306586773
2919553,18,90162,19.964064683569575
2919702,3,18909,15.865460891638902
2919801,4,50161,7.974322680967285
2919926,2,21432,9.33184023889511
2920106,12,18602,64.50919255993979
2920403,2,13087,15.282341254680217
2920502,2,20393,9.807286814102879
2920601,10,44793,22.32491683968477
2920700,4,20617,19.4014648105932
2920809,2,10380,19.26782273603083
2920908,4,13717,29.160895239483853
2921005,21,47126,44.561388617748165
2921104,1,22716,4.402183483007572
2921203,4,25894,15.447594037228702
2921302,4,10893,36.72082989075553
2921500,10,49278,20.2930313730265
2921708,4,35440,11.286681715575622
2922003,13,42251,30.768502520650397
2922102,1,26970,3.7078235076010384
2922250,2,11417,17.51773670841727
2922300,6,29410,20.401224073444407
2922409,5,22282,22.439637375460013
2922508,5,28594,17.48618591312863
2922607,1,14079,7.102777185879679
2922706,1,16472,6.070908207867897
2922730,2,7821,25.572177470911647
2922904,1,26998,3.7039780724498113
2923001,14,43783,31.975881049722496
2923050,3,15443,19.42627727773101
2923100,1,28304,3.5330695308083664
2923407,1,21796,4.587997797761057
2923506,1,9071,11.024142872891632
2923902,9,9686,92.91761304976255
2924009,27,118516,22.781734111849875
2924058,3,13556,22.130421953378576
2924207,4,16682,23.977940294928665
2924306,1,16984,5.887894488930758
2924504,4,16285,24.562480810561865
2924603,4,20098,19.902477858493384
2924801,5,24964,20.0288415318058
2925006,4,26426,15.136607886172708
2925204,14,39972,35.02451716201341
2925253,3,14819,20.24428099062015
2925303,73,150658,48.4541146172125
2925402,1,6916,14.459224985540775
2925501,10,28194,35.46853940554728
2925600,1,15160,6.596306068601583
2925758,9,28004,32.13826596200543
2925808,3,25433,11.79569850194629
2925907,5,27626,18.098892347788315
2925931,2,8956,22.331397945511387
2925956,1,22633,4.41832722131401
2926004,1,41170,2.428953121204761
2926103,4,14495,27.59572266298724
2926202,2,22334,8.954956568460643
2926301,10,33468,29.87928767778176
2926509,1,14612,6.84369011771147
2926608,1,53956,1.8533619986655794
2927002,10,40976,24.404529480671613
2927200,1,30857,3.2407557442395567
2927309,2,15862,12.608750472828143
2927408,861,2886698,29.826466086857717
2927705,15,27922,53.72108015185159
2927804,3,6278,47.785919082510354
2927903,2,10606,18.857250612860646
2928000,4,37531,10.657856172230955
2928059,4,12449,32.1310948670576
2928109,5,39775,12.57071024512885
2928406,1,28481,3.511112671605632
2928604,35,60131,58.206249688180804
2928703,56,102380,54.69818323891385
2928802,13,53269,24.404437853160374
2928901,1,34266,2.9183447148777213
2928950,6,9072,66.13756613756614
2929008,6,14762,40.64489906516732
2929057,5,15468,32.32479958624256
2929107,3,21080,14.231499051233397
2929206,12,40245,29.81736861721953
2929255,7,18789,37.25584118367129
2929305,8,37942,21.084813662959252
2929370,2,10505,19.03855306996668
2929404,2,11704,17.088174982911823
2929503,17,44430,38.26243529146973
2929602,9,17409,51.69739789763915
2929701,2,17302,11.559357299734135
2929750,11,12105,90.87154068566709
2929800,1,12943,7.726184037703778
2929909,1,44234,2.2607044355021024
2930006,2,11512,17.373175816539263
2930105,31,79424,39.03102336825141
2930204,2,40989,4.879357876503452
2930303,3,17321,17.32001616534842
2930402,3,14699,20.409551670181646
2930501,19,81286,23.37425878995153
2930600,10,13446,74.37156031533542
2930709,65,135783,47.87049925248374
2930766,3,9701,30.92464694361406
2930774,4,23233,17.216889768863254
2931004,2,20393,9.807286814102879
2931103,6,7928,75.6811301715439
2931202,5,21253,23.52609043429163
2931350,50,162438,30.780974895036877
2931509,4,22555,17.734426956328974
2931608,2,15022,13.313806417254693
2931707,4,13025,30.71017274472169
2931905,10,50798,19.685814402141816
2932101,4,19877,20.123761130955376
2932200,7,18847,37.14118957924338
2932309,7,27263,25.67582437736126
2932457,1,19402,5.154107823935677
2932507,3,18544,16.17773943054357
2932606,1,16665,6.0006000600060005
2932705,8,20413,39.19071180130309
2932804,5,19256,25.965932696302453
2932903,41,97233,42.16675408554709
2933000,7,28800,24.305555555555557
2933059,4,14121,28.326605764464272
2933109,7,9210,76.0043431053203
2933158,4,12625,31.683168316831683
2933174,2,8785,22.766078542970973
2933208,22,43716,50.32482386311648
2933307,98,341128,28.72821931943435
2933406,3,9344,32.10616438356164
2933505,20,20978,95.33797311469158
2933604,4,46523,8.597897813984481
3100302,2,13444,14.876524843796489
3100401,2,3994,50.0751126690035
3100906,8,19247,41.564919208188286
3101003,1,13599,7.353481873667182
3101102,4,25141,15.91026609920051
3101508,1,35401,2.8247789610462983
3101607,1,80494,1.2423286207667652
3101706,4,42143,9.491493249175427
3101805,2,7436,26.89618074233459
3102001,2,14517,13.776951160708135
3103405,1,36712,2.723904990193942
3103504,5,117825,4.2435815828559305
3104007,2,107337,1.8632903844899709
3104502,1,17862,5.598477214197739
3105004,2,7803,25.63116749967961
3105202,2,4766,41.963911036508605
3105400,1,32866,3.042658066086533
3105608,3,138204,2.1707041764348354
3106200,189,2521564,7.495348125211178
3106309,2,26994,7.40905386382159
3106655,2,4764,41.98152812762385
3106705,65,444784,14.613835030037052
3107109,2,40219,4.972774062010493
3107406,4,51028,7.838833581563064
3107505,1,6459,15.482272797646695
3108008,4,17607,22.71823706480377
3108701,1,4293,23.293733985557886
3109006,1,40666,2.4590567058476367
3109402,1,28121,3.556061306496924
3111101,1,19752,5.0627784528149045
3111507,2,15563,12.850992739189103
3112307,2,38057,5.255274982263447
3112505,1,9826,10.17708121310808
3112703,1,15313,6.5303990073793505
3113008,2,23780,8.410428931875526
3113206,3,25669,11.687249211110679
3113404,14,92603,15.118300703000983
3113701,2,18674,10.71007818357074
3114204,1,22693,4.406645220993258
3115300,3,75540,3.971405877680699
3115458,1,6257,15.9821000479463
3116159,4,13953,28.667670035117897
3116902,1,3120,32.05128205128205
3117504,4,17503,22.853225161400903
3117836,1,7686,13.010668748373666
3117876,1,6800,14.705882352941176
3118007,3,55309,5.42407203167658
3118304,4,129606,3.0862768698979988
3118601,51,668949,7.623899579788594
3119203,2,9943,20.11465352509303
3119401,26,110290,23.57421343730166
3119955,2,6382,31.338138514572233
3120607,2,5054,39.57261574990107
3120904,8,80616,9.92358836955443
3121605,2,47825,4.181913225300575
3122306,15,240408,6.239393031845862
3122355,1,6868,14.560279557367501
3123601,1,28320,3.531073446327684
3123908,1,15380,6.501950585175552
3124005,6,18958,31.648908112670114
3124104,3,71551,4.192813517630781
3124203,1,25122,3.9805747950003982
3125101,2,36951,5.412573408026846
3126109,8,67822,11.795582554333402
3126901,2,9664,20.695364238410598
3127503,2,6171,32.40965807810728
3127701,74,281046,26.330209289582488
3129806,21,182153,11.528769770467683
3130101,5,43817,11.411096149896158
3130309,2,7923,25.24296352391771
3130903,2,24079,8.305992773786286
3131307,30,265409,11.303309232166203
3131406,1,4225,23.668639053254438
3131703,10,120904,8.271024945411236
3131901,9,52446,17.16050795103535
3132107,5,18164,27.52697643690817
3132206,1,13435,7.44324525493115
3132503,3,34936,8.587130753377604
3133006,3,15714,19.091256204658265
3133204,3,12244,24.501796798431887
3133303,3,21029,14.266013600266298
3133709,2,11252,17.774617845716318
3133808,8,93847,8.524513303568574
3134202,2,105255,1.9001472614127595
3134400,2,39690,5.039052658100277
3134608,1,20418,4.897639337839162
3134707,1,12323,8.114907084313884
3135050,3,39388,7.616532954199249
3135076,2,5429,36.83919690550746
3135100,14,72018,19.43958454830737
3135407,2,4852,41.22011541632317
3135803,2,25474,7.851142341210646
3136009,1,15455,6.470397929472663
3136306,3,47726,6.285881909231866
3136652,2,27392,7.3014018691588785
3136702,39,573285,6.802899081608624
3137007,1,18193,5.49661957895894
3137502,1,18111,5.521506266909613
3137601,13,65657,19.799869016251122
3137700,1,19918,5.020584396023697
3137809,2,20907,9.566174008705218
3138203,1,104783,0.9543532824981151
3138401,3,52640,5.699088145896656
3138906,1,7111,14.06271972999578
3139003,3,42413,7.073302996722703
3139201,3,18602,16.127298139984948
3139300,1,18226,5.48666739822232
3139409,12,91169,13.162368787636149
3139904,2,14056,14.228799089356858
3140001,2,61288,3.263281555932646
3140704,3,31364,9.56510649151894
3140803,1,14548,6.873797085510036
3141108,9,38151,23.590469450342063
3141405,2,20759,9.63437545161135
3142106,1,10787,9.270418095856122
3142205,2,15111,13.235391436701741
3142700,1,14747,6.781040211568454
3143104,2,47931,4.172664872420771
3143203,2,21513,9.296704318319156
3143302,8,413487,1.9347645754280063
3143906,16,109392,14.626298083954952
3144300,14,40665,34.427640477068735
3144375,1,3308,30.22974607013301
3144656,1,10326,9.68429207824908
3144805,5,96157,5.199829445594185
3145000,1,15800,6.329113924050633
3145059,2,7497,26.67733760170735
3145208,10,105520,9.476876421531463
3145356,2,10778,18.5563184264242
3145455,1,6171,16.20482903905364
3145901,2,39867,5.016680462537939
3146107,2,74558,2.6824753882883123
3146255,2,6423,31.138097462245057
3146909,5,15800,31.645569620253166
3147006,24,93862,25.569453026784004
3147105,7,94808,7.383343177790904
3147303,1,21221,4.712313274586495
3148004,7,153585,4.557736758146954
3148103,9,91449,9.841551028442083
3148202,2,5715,34.99562554680665
3148608,1,17537,5.702229571762559
3148707,5,24329,20.551605080356776
3149150,2,12212,16.377333770062233
3149309,12,64712,18.543701322784027
3149705,2,11755,17.014036580178647
3150505,1,8688,11.51012891344383
3151206,6,56640,10.59322033898305
3151305,1,10759,9.294544102611766
3151800,4,168641,2.3719024436524925
3152006,6,32035,18.729514593413455
3152105,4,59875,6.680584551148225
3152170,1,12179,8.210854749979474
3152303,1,11348,8.812125484666902
3152501,6,152549,3.93316245927538
3152808,2,28017,7.13852303958311
3153400,4,19627,20.38008865338564
3153608,2,10834,18.460402436773123
3154309,2,17396,11.496895838123706
3154457,1,8134,12.294074256208507
3154606,44,338197,13.010168629526577
3154903,1,13473,7.422251911229867
3156007,1,12739,7.849909726038151
3156502,2,5798,34.494653328734046
3156700,4,137125,2.917046490428441
3157005,2,41699,4.796278088203554
3157104,2,7012,28.52253280091272
3157203,2,31604,6.328312871788381
3157336,1,8664,11.54201292705448
3157377,1,4107,24.348672997321646
3158201,1,14611,6.844158510711108
3158953,4,35369,11.309338686420311
3159803,1,19872,5.032206119162641
3160405,1,28427,3.5177823899813556
3160702,3,46421,6.462592361215829
3162104,3,35782,8.384103739310268
3162450,1,13125,7.619047619047619
3162500,2,90497,2.210018011646795
3162559,2,11674,17.13208840157615
3162906,13,26447,49.15491360078648
3162922,7,32148,21.774293890755256
3164100,2,5202,38.446751249519416
3164209,2,12529,15.962965919067763
3164407,1,5552,18.011527377521613
3164605,1,6863,14.570887367040653
3165537,2,33413,5.9856941908837875
3166808,1,11668,8.570449091532396
3166907,1,7668,13.041210224308816
3167202,40,241835,16.540203030992206
3167608,1,19736,5.066882853668424
3167806,2,6189,32.31539828728389
3168002,2,34397,5.814460563421228
3168408,2,14302,13.984058173682003
3168606,3,140937,2.128610655824943
3168705,12,90568,13.24971292288667
3169000,2,16715,11.965300628178284
3169307,11,80032,13.744502199120351
3169356,6,32716,18.339650324000488
3169505,3,6765,44.34589800443459
3169604,3,25398,11.811953697141508
3169901,5,116797,4.280931873250169
3170008,1,12599,7.937137868084768
3170057,2,12493,16.00896502041143
3170107,8,337092,2.3732393530549523
3170206,10,699097,1.4304166660706596
3170305,1,2596,38.52080123266564
3170404,6,84930,7.064641469445426
3170701,5,136602,3.660268517298429
3170909,2,19305,10.36001036001036
3171204,6,129765,4.623742919893654
3171303,7,79388,8.81745351942359
3171501,3,3179,94.36929852154766
3172004,8,42965,18.619806819504248
3200102,3,30455,9.850599244787391
3200201,2,29975,6.672226855713094
3200607,15,103101,14.548840457415544
3200706,3,12105,24.783147459727385
3200805,4,31132,12.848515996402416
3200904,2,44979,4.446519486871651
3201001,5,15092,33.1301351709515
3201159,1,12427,8.046994447573832
3201209,19,210589,9.022313606123777
3201308,131,383917,34.12195865252125
3201407,3,37747,7.947651468990913
3201506,9,123400,7.293354943273906
3201605,8,31273,25.581172257218686
3201902,2,33986,5.884776084269993
3202108,9,22835,39.41318151959711
3202207,1,21948,4.5562238017131405
3202306,3,31122,9.63948332369385
3202405,13,126701,10.260376792606214
3202454,4,26426,15.136607886172708
3202504,2,12591,15.884361845762847
3202553,1,8859,11.287955751213456
3202702,1,14023,7.131141695785495
3202801,2,34656,5.77100646352724
3203007,1,29290,3.4141345168999657
3203056,12,31039,38.66103933760753
3203163,2,10933,18.29324064758072
3203205,60,176688,33.95816354251562
3203304,3,15503,19.351093336773527
3203320,3,38883,7.715454054471105
3203502,1,18894,5.292685508627077
3203908,5,50434,9.913946940555974
3204054,10,26381,37.906068761608736
3204104,12,27327,43.9126138983423
3204203,1,22053,4.534530449371967
3204401,3,11626,25.80423189403062
3204609,4,23724,16.86056314280897
3204658,1,8687,11.511453896627144
3204708,2,38522,5.191838429988059
3204906,27,132642,20.355543493011265
3205002,148,527240,28.07070783703816
3205010,7,30680,22.816166883963493
3205036,4,21591,18.526237784261962
3205101,15,79500,18.867924528301888
3205150,2,9244,21.635655560363478
3205176,3,14073,21.317416329140908
3205200,97,501325,19.348725876427466
3205309,75,365855,20.499924833608944
3300100,55,207044,26.56440176967215
3300159,2,11901,16.805310478111082
3300209,19,134293,14.148168556812344
3300233,8,34477,23.203875047132872
3300258,9,30593,29.418494426829668
3300308,22,100764,21.833194394823547
3300407,35,184833,18.936012508588835
3300456,63,513118,12.277877603202382
3300506,3,27616,10.86326767091541
3300605,2,37203,5.375910544848534
3300704,62,230378,26.912291972323747
3300803,9,59303,15.17629799504241
3300936,7,16586,42.20426866031593
3300951,1,8576,11.66044776119403
3301009,72,511168,14.085388756729685
3301108,2,20168,9.916699722332408
3301306,13,45041,28.862591860749095
3301405,3,23398,12.82160868450295
3301702,180,924624,19.46737268338265
3301850,11,61388,17.918811494103082
3301876,4,28837,13.871068419044978
3301900,38,242543,15.667324969180722
3302007,15,134819,11.126028230442296
3302205,19,103800,18.304431599229286
3302254,7,32064,21.831337325349303
3302270,20,105548,18.94872475082427
3302304,4,7326,54.6000546000546
3302403,106,261501,40.53521783855511
3302502,52,246433,21.10107006772632
3302601,5,45220,11.057054400707651
3302700,14,164504,8.510431357292225
3302809,2,18648,10.725010725010724
3302858,9,176569,5.097157485175767
3302908,5,25581,19.545756616238613
3303005,5,27154,18.41349340796936
3303104,1,15311,6.531252041016263
3303203,3,162693,1.8439637845512715
3303302,43,515317,8.344378314707258
3303401,7,191158,3.6618922566672594
3303500,129,823302,15.668612489706087
3303708,2,44518,4.492564805247316
3303807,13,43680,29.761904761904763
3303856,1,27858,3.5896331394931438
3303906,10,306678,3.2607490592738966
3303955,2,25364,7.885191610156126
3304110,9,19974,45.058576148993694
3304144,17,151335,11.23335646083193
3304151,9,25126,35.8194698718459
3304201,28,132312,21.16210169901445
3304300,2,60573,3.3018011325177885
3304409,3,18605,16.124697661918837
3304524,35,155193,22.552563582120328
3304557,529,6747815,7.839574736414677
3304706,6,42594,14.08649105507818
3304755,5,42210,11.845534233593934
3304904,319,1091737,29.219491507570048
3305000,2,36423,5.491035883919501
3305109,78,472906,16.493764088423493
3305208,29,106049,27.345849560109006
3305505,8,90583,8.831679233410243
3305554,4,83092,4.813941173638858
3305604,2,21774,9.185266832001469
3305802,11,184240,5.970473295701259
3306008,8,82142,9.739232061551947
3306107,2,76869,2.6018290858473505
3306206,6,37083,16.17992071838848
3306305,48,273988,17.519015431332758
3501301,1,24998,4.000320025602048
3502101,2,57202,3.4963812454109995
3502507,2,36185,5.527152134862512
3503208,3,238339,1.258711331338975
3503307,2,135506,1.4759494044544152
3503802,1,55340,1.8070112034694614
3503901,3,91157,3.291025373805632
3504107,1,144088,0.6940203209149964
3504602,1,17761,5.630313608467992
3505203,2,35558,5.624613307835086
3505500,2,122833,1.6282269422712137
3505609,1,33180,3.013863773357444
3505708,7,276982,2.5272400372587387
3506003,11,379297,2.9001020308623584
3506359,3,64723,4.6351374318248535
3506508,4,124883,3.202998006133741
3507100,2,25985,7.6967481239176445
3507506,2,148130,1.3501653952609194
3507605,6,170533,3.518380606686096
3508504,12,95018,12.629186048959145
3509007,1,102775,0.9729992702505473
3509502,73,1213792,6.014210012918194
3509601,1,85541,1.1690300557627336
3510500,23,123389,18.64023535323246
3510609,23,403183,5.704605600930595
3510807,1,30520,3.2765399737876804
3511003,1,21267,4.702120656416044
3511102,2,122497,1.6326930455439725
3511607,2,18375,10.884353741496598
3511706,4,17367,23.032187482006105
3512001,2,18535,10.790396547073104
3512209,4,28273,14.147773494146358
3512803,6,73474,8.166154013664698
3513009,8,253608,3.154474622251664
3513405,15,82571,18.16618425355149
3513504,5,131626,3.79864160576178
3513801,23,426757,5.389483945195978
3514106,1,27512,3.6347775516138414
3515004,4,276535,1.44647151355163
3515103,5,69901,7.1529734910802425
3515152,2,21249,9.41220763330039
3515186,2,44471,4.497312855568798
3515707,12,196500,6.106870229007634
3516200,3,355901,0.842931039811633
3516309,10,177633,5.629584592952886
3516408,6,156492,3.834061805076298
3516705,3,44409,6.755387421468622
3517901,1,11287,8.859750155045628
3518107,2,6675,29.9625468164794
3518305,2,30136,6.636580833554553
3518404,21,122505,17.142157462960697
3518701,14,322750,4.337722695584818
3518800,45,1392121,3.232477636642217
3519055,2,15272,13.095861707700367
3519071,4,234259,1.7075117711592724
3519105,2,11858,16.866250632484398
3519501,1,7841,12.753475322025253
3519600,2,60600,3.3003300330033003
3519709,5,79479,6.290969941745618
3520509,3,256223,1.1708550754616096
3521002,2,37964,5.268148772521336
3522208,1,177662,0.5628665668516621
3522307,4,165526,2.4165387914889505
3522505,4,240961,1.6600196712331041
3522604,2,75234,2.6583725443283623
3522703,2,43331,4.615633149477279
3523107,16,375011,4.266541514782233
3523206,2,50642,3.949291102247147
3523404,3,122581,2.4473613365856046
3523909,2,175568,1.1391597557641484
3524006,3,62813,4.77608138442679
3524303,1,77652,1.2877968371709678
3524402,14,235416,5.946919495701227
3524600,1,17889,5.590027391134217
3525003,3,126356,2.374244198930007
3525102,4,44970,8.894818768067601
3525201,1,30617,3.266159323251788
3525904,13,423006,3.073242459917826
3526308,2,4889,40.90816117815504
3526704,4,104346,3.8334004178406453
3526902,5,308482,1.6208401138478097
3527108,6,78503,7.643020011974064
3527207,11,89125,12.342215988779804
3528502,3,101937,2.9429942023014215
3529005,8,240590,3.3251589841639304
3529203,3,26628,11.266336187471834
3529302,2,83626,2.391600698347404
3529401,10,477552,2.094012798606225
3530607,16,450785,3.549363887440798
3530706,4,153033,2.6138153208785035
3530805,3,93650,3.203416978109984
3531803,2,60754,3.2919643151068243
3531902,1,33288,3.004085556356645
3533502,1,41414,2.4146423914618245
3533908,1,55130,1.8138944313440957
3534401,44,699944,6.286217183088933
3535606,1,18263,5.47555166182993
3536406,1,7454,13.415615776764154
3537206,2,11421,17.511601435951317
3537602,1,69001,1.4492543586324835
3537800,1,55542,1.8004393071909546
3537909,6,29402,20.406775049316373
3538006,11,170132,6.465567911974232
3538600,1,27462,3.641395382710655
3538709,14,407252,3.437674953100292
3539103,7,19178,36.50015642924184
3539301,2,76877,2.601558333441732
3539509,1,40080,2.4950099800399204
3539806,1,118349,0.844958554782888
3540804,2,17516,11.418131993605845
3541000,10,330845,3.022563436050114
3541406,11,230371,4.7749065637601955
3542602,2,56393,3.546539464117887
3543006,1,16211,6.168650916044661
3543303,2,124159,1.610837716154286
3543402,13,711825,1.826291574474063
3543907,6,208008,2.884504442136841
3545001,1,17252,5.796429399489914
3545308,1,45860,2.1805494984736153
3545803,6,194390,3.0865785277020423
3546306,2,34737,5.757549586895817
3546801,3,57966,5.175447676223993
3547304,3,142301,2.1082072508274714
3547502,2,27600,7.246376811594203
3547809,17,721368,2.3566335074469618
3548500,12,433656,2.767170291659749
3548708,19,844483,2.2498972744270755
3548807,2,161957,1.2348956821872472
3548906,7,254484,2.7506640889014635
3549102,1,91771,1.0896688496365954
3549409,1,52319,1.9113515166574284
3549805,34,464983,7.312095280902743
3549904,30,729737,4.1110701526714415
3550001,2,10690,18.709073900841908
3550308,135,12325232,1.0953140679218047
3550605,1,92060,1.0862480990658265
3550704,4,90328,4.428305730227615
3551009,10,368355,2.714772434200703
3551702,2,127142,1.5730443126582876
3551801,2,12780,15.64945226917058
3551900,1,17661,5.6621935337749845
3552205,25,687357,3.6371201573563665
3552403,10,286211,3.493925809979351
3552502,14,300559,4.657987283694715
3552601,2,12485,16.019223067681217
3553302,1,23232,4.304407713498622
3553906,1,7540,13.26259946949602
3554102,9,317915,2.83094537848167
3554805,3,47714,6.287462799178438
3555406,8,91824,8.712319219376198
3555505,1,4804,20.815986677768525
3556453,2,53468,3.740555098376599
3557006,1,123599,0.8090680345310237
3557105,1,95338,1.0488997042102834
3557204,1,12418,8.052826542116282
3557303,1,11407,8.766546857192951
4100400,19,120041,15.827925458801577
4100608,3,14859,20.189783969311527
4100806,5,11503,43.46692167260714
4101150,2,2930,68.25938566552901
4101408,6,136234,4.404186913692617
4101507,7,124810,5.608524957936063
4101606,2,28300,7.067137809187279
4101804,11,146214,7.523219390756015
4102000,2,33340,5.9988002399520095
4102406,1,31211,3.2039985902406203
4102802,2,15399,12.987856354308722
4102901,2,16400,12.195121951219512
4103040,1,6365,15.710919088766692
4103107,3,13129,22.85017899306878
4103206,2,7068,28.296547821165817
4103701,1,107341,0.9316104750281812
4103909,4,14043,28.48394217759738
4104006,9,43685,20.602037312578688
4104204,14,133865,10.458297538564972
4104253,1,29740,3.3624747814391394
4104303,29,95488,30.370308310991955
4104451,1,13329,7.502438292445045
4104501,1,19148,5.222477543346564
4104808,20,332333,6.018060198656167
4104907,3,71809,4.177749307189907
4105508,10,83816,11.930896248926219
4105607,1,12797,7.814331483941549
4105805,26,246540,10.545956031475622
4105904,2,24145,8.283288465520812
4106209,5,18837,26.54350480437437
4106407,4,47842,8.360854479327788
4106506,3,20580,14.577259475218659
4106605,3,20947,14.321859932209863
4106902,107,1948626,5.491048564475687
4107009,3,15196,19.742037378257436
4107207,1,41038,2.4367659242653152
4107546,2,4048,49.40711462450593
4107603,1,17316,5.775005775005775
4107652,13,102004,12.744598251048979
4108304,52,258248,20.135683529010873
4108320,3,5993,50.05840146837978
4108403,4,92216,4.337642057777392
4108502,2,13685,14.614541468761418
4108809,6,33310,18.012608826178326
4109401,21,182644,11.497777096428024
4109609,5,37527,13.323740240360275
4109708,1,31644,3.160156743774491
4109807,16,55131,29.02178447697303
4110078,1,13282,7.528986598403855
4110102,2,32940,6.071645415907711
4110607,2,13782,14.511681903932665
4110953,3,11385,26.350461133069828
4111258,2,29070,6.879944960440317
4111803,3,39322,7.629316921824933
4112009,2,35027,5.709880948982214
4112207,2,5095,39.25417075564279
4112603,2,1320,151.5151515151515
4112959,2,7292,27.427317608337905
4113205,1,48410,2.065688907250568
4113304,5,32139,15.557422446249106
4113700,51,575377,8.86375367802328
4114203,1,34515,2.897291032884253
4114302,3,27315,10.982976386600768
4114609,1,53495,1.869333582577811
4114708,1,5634,17.74937877174299
4114807,3,35804,8.378952072394146
4115002,1,7084,14.116318464144552
4115101,4,10336,38.69969040247678
4115200,19,430157,4.416991935502619
4115606,4,18107,22.090904070249074
4115705,7,35219,19.875635310485816
4115754,1,10800,9.25925925925926
4115804,5,46574,10.735603555631897
4116109,2,12042,16.608536787908985
4116406,1,4008,24.9500998003992
4116901,5,27984,17.86735277301315
4117107,1,13200,7.575757575757576
4117206,2,5826,34.32887058015791
4117214,2,4277,46.761748889408466
4117503,3,41773,7.181672372106385
4117602,5,51755,9.66090232827746
4117701,2,33994,5.883391186680003
4117909,2,32121,6.226456212446686
4118204,30,156174,19.209343424641744
4118402,16,88922,17.993297496682487
4118501,2,83843,2.3854108273797454
4119152,14,133490,10.48767697954903
4119301,3,32559,9.214042200313278
4119400,1,25617,3.9036577272904713
4119509,11,114970,9.567713316517352
4119608,1,29994,3.3340001333600053
4119905,21,355336,5.909899362856564
4119954,3,27915,10.746910263299302
4120002,6,12748,47.06620646375902
4120606,6,52513,11.425742197170225
4120804,5,23911,20.91087783865167
4120903,4,34409,11.624865587491644
4121703,2,26825,7.4557315936626285
4121901,3,12948,23.169601482854496
4122008,1,15336,6.520605112154408
4122206,2,32517,6.150628901805209
4122305,1,34411,2.9060474848159017
4122404,3,67383,4.452161524420106
4123204,2,3293,60.73489219556635
4123402,2,12186,16.412276382734284
4123501,6,26767,22.415661075204543
4123709,1,8523,11.732957878681216
4123808,2,14794,13.518994186832499
4123907,1,11622,8.604371020478403
4124020,1,10096,9.904912836767036
4124053,2,23699,8.439174648719355
4124103,6,46251,12.972692482324707
4124202,1,2626,38.08073115003808
4124301,2,2068,96.71179883945841
4124707,2,11128,17.97268152408339
4124905,2,5837,34.2641768031523
4125506,25,329058,7.597444827355663
4125605,4,46705,8.564393533882882
4125704,6,27576,21.75805047867711
4126207,2,6722,29.753049687592977
4126256,14,97803,14.314489330593132
4126504,4,16413,24.370925485895327
4126678,5,15040,33.244680851063826
4126801,5,16345,30.59039461609055
4127106,4,79792,5.013033888109083
4127205,4,17200,23.25581395348837
4127304,2,16924,11.81753722524226
4127502,1,20607,4.852719949531712
4127700,12,142645,8.412492551438886
4127858,2,12038,16.61405549094534
4128104,11,112500,9.777777777777779
4128203,5,57913,8.633640115345433
4128559,2,8454,23.65744026496333
4128708,2,6859,29.158769499927104
4128807,6,5630,106.57193605683837
4200101,2,17960,11.135857461024498
4200507,1,6515,15.349194167306216
4200556,2,2354,84.96176720475786
4200754,1,1926,51.92107995846314
4201307,5,39524,12.650541443173768
4201406,3,68867,4.356222864361741
4202008,8,145796,5.487118988175259
4202073,2,11260,17.761989342806395
4202107,4,29860,13.395847287340924
4202305,1,69486,1.4391388193305126
4202404,6,361855,1.658122728717304
4202602,3,10060,29.821073558648113
4203006,6,79313,7.564964129461753
4203154,1,3335,29.985007496251875
4203204,2,85105,2.350038188120557
4203600,8,36556,21.8842324105482
4203709,2,12398,16.13163413453783
4203808,4,54480,7.342143906020558
4204103,1,3551,28.161081385525204
4204202,16,224013,7.142442626097592
4204301,2,75167,2.6607420809663815
4204608,8,217311,3.681359894344971
4204806,3,39893,7.520116311132279
4205407,34,508826,6.682048480227032
4205506,3,36584,8.200306144762738
4205704,1,23579,4.241061961915263
4205902,2,70793,2.825138078623593
4207205,1,9948,10.052271813429835
4207304,1,45286,2.2081879609592368
4208203,12,223112,5.378464627630966
4208302,9,67338,13.365410318096766
4208450,4,21177,18.888416678471927
4208906,5,181173,2.759793125907282
4209102,38,597658,6.358151317308561
4209300,4,157349,2.5421197465506613
4209409,3,46122,6.504488096786783
4210035,1,5684,17.593244194229417
4210100,2,56561,3.5360053747281697
4210605,1,17125,5.839416058394161
4211306,5,83626,5.979001745868509
4211900,7,175272,3.9937925053630927
4212809,3,23772,12.619888944977284
4213500,1,21932,4.559547692868867
4213609,2,35543,5.626987029794896
4214805,8,72006,11.11018526233925
4215000,1,42495,2.3532180256500763
4215109,2,11600,17.24137931034483
4215505,6,16918,35.46518501004847
4215802,2,85421,2.3413446342234345
4216206,2,53746,3.721207159602575
4216305,1,38583,2.591815048078169
4216503,2,27139,7.36946829286267
4216602,8,250181,3.1976848761496677
4216800,2,8173,24.47081854888046
4217204,2,40868,4.893804443574434
4217709,1,30733,3.253831386457554
4218004,3,39155,7.661856723279275
4218251,2,7941,25.185744868404484
4218301,1,19366,5.163688939378292
4218806,2,12990,15.396458814472672
4219200,1,6329,15.800284405119292
4219309,1,53610,1.8653236336504384
4219507,10,51642,19.364083497928043
4219705,4,28983,13.801193803263983
4300109,1,16401,6.097189195780745
4300406,1,73028,1.3693377882456044
4300604,71,211352,33.59324728415156
4300638,2,7085,28.228652081863093
4300802,1,13045,7.6657723265619016
4300877,2,5771,34.65603881476347
4301057,1,10279,9.728572818367546
4301206,1,13413,7.455453664355476
4301305,2,18238,10.96611470555982
4301602,6,121335,4.944987019409074
4301909,8,13556,59.01445854234287
4302105,17,121803,13.956963293186538
4302303,2,11309,17.68502962242462
4302709,6,20952,28.6368843069874
4303004,4,81869,4.885854230539032
4303103,1,131240,0.7619628162145687
4303509,1,66478,1.5042570474442674
4303905,2,69458,2.8794379337153386
4304200,3,31421,9.547754686356258
4304358,1,9647,10.36591686534674
4304408,4,45488,8.793527963418924
4304606,23,348208,6.605247438312732
4304630,2,54051,3.7002090618119925
4304663,3,25409,11.806840096028965
4304705,14,62265,22.484541877459247
4304804,2,30241,6.613537912106081
4305108,56,517451,10.82228075701854
4305173,1,12413,8.05607024893257
4305207,1,14189,7.047713017125942
4305355,1,41258,2.4237723593000147
4305454,4,16583,24.121087861062534
4305900,4,7268,55.0357732526142
4306106,8,59922,13.350689229331465
4306601,6,38339,15.64986045541094
4306767,5,41902,11.932604648942771
4306809,2,22880,8.741258741258742
4306908,2,25960,7.704160246533128
4307005,13,106633,12.191347894179101
4307609,2,50672,3.9469529523208084
4307708,3,83279,3.6023487313728553
4307807,4,34399,11.6282450071223
4307906,16,73061,21.89950862977512
4308201,1,31063,3.2192640762321734
4308607,8,35440,22.573363431151243
4308904,2,16184,12.357884330202669
4309001,1,15863,6.303977809998109
4309100,2,36555,5.471207769115032
4309209,30,283620,10.577533319229955
4309308,7,98239,7.125479697472491
4309555,2,4917,40.67520846044336
4310207,11,83764,13.132133135953392
4310330,7,23271,30.080357526535174
4310603,5,37489,13.337245592040333
4311122,2,3662,54.614964500273075
4311205,2,19224,10.403662089055347
4311304,3,27778,10.799913600691195
4311403,5,85033,5.880070090435478
4311734,2,2973,67.27211570803902
4311809,1,44858,2.2292567657942843
4312252,2,8103,24.68221646303838
4312401,1,65721,1.5215836642777802
4312708,4,11633,34.38493939654431
4312906,1,10005,9.995002498750624
4313300,2,27648,7.233796296296297
4313375,1,29905,3.343922420999833
4313409,10,247032,4.048058551118883
4313508,6,46414,12.927134054380144
4313706,2,33131,6.036642419486282
4314001,7,7727,90.59143263879902
4314050,5,58858,8.495021917156546
4314100,23,204722,11.23474760895263
4314407,16,343132,4.662928552277258
4314498,1,4899,20.412329046744233
4314605,5,20704,24.149922720247297
4314704,6,10019,59.88621618924044
4314803,1,37561,2.662335933548095
4314902,147,1488252,9.877359479442998
4315602,24,211965,11.322624018116198
4315701,8,38265,20.906833921338038
4315909,2,5868,34.08316291751875
4316402,5,39314,12.718115683980262
4316600,1,16328,6.124448799608035
4316808,10,131365,7.612377726182773
4316907,27,283677,9.517867151725378
4317004,1,8067,12.396181975951407
4317103,6,76321,7.861532212628242
4317202,2,73575,2.7183146449201496
4317301,1,29483,3.391785096496286
4317509,6,77568,7.735148514851486
4317608,1,43171,2.3163697852725207
4318002,6,60019,9.996834335793665
4318200,1,21801,4.586945552956286
4318309,2,62147,3.2181762595137338
4318408,2,24412,8.192692118630182
4318507,1,27721,3.6073734713754915
4318606,1,6922,14.44669170759896
4318705,24,238648,10.056652475612617
4318804,2,43540,4.593477262287552
4318903,2,33293,6.007268795242243
4319158,2,7683,26.03149811271639
4319505,4,25959,15.408914056781848
4319901,1,80037,1.2494221422592051
4320008,8,141808,5.641430666817105
4320677,1,10162,9.840582562487699
4320701,4,15005,26.657780739753417
4320800,5,31035,16.110842597067826
4321105,2,17332,11.539349180706209
4321204,3,57584,5.209780494581828
4321303,2,26885,7.439092430723452
4321352,3,5483,54.71457231442641
4321402,2,13434,14.887598630340927
4321436,1,11315,8.837825894829871
4321451,1,33766,2.961558964638986
4321501,6,39064,15.359410198648371
4321600,5,52632,9.499924000607995
4321709,2,28581,6.99765578531192
4321907,4,23852,16.77008217340265
4322004,2,29856,6.69882100750268
4322400,6,126866,4.729399523907115
4322509,6,66575,9.0123920390537
4322533,2,11828,16.909029421711192
4323002,56,256302,21.849224742686363
4323804,4,16775,23.84500745156483
5000609,6,39826,15.065535077587505
5000906,8,9020,88.69179600886918
5001003,3,26069,11.507921285818405
5002100,1,24735,4.042854255104103
5002159,2,7838,25.516713447307986
5002308,1,11853,8.436682696363789
5002407,3,30593,9.806164808943223
5002704,48,906092,5.297475311557767
5002951,1,25865,3.8662284941040017
5003108,2,6054,33.03600925008259
5003157,6,15352,39.08285565398645
5003207,9,112058,8.03155508754395
5003306,3,33459,8.966197435667533
5003454,1,12984,7.701786814540974
5003702,23,225495,10.199782700281602
5004403,1,7588,13.178703215603585
5004601,1,21376,4.67814371257485
5004700,2,23232,8.608815426997245
5005004,1,26238,3.8112661025992836
5005152,2,6787,29.46810078090467
5005202,1,23689,4.221368567689645
5005400,3,48022,6.247136728999209
5005608,1,28220,3.5435861091424523
5005681,2,18473,10.826611811833487
5006002,2,22430,8.916629514043692
5006309,2,42276,4.73081653893462
5006358,2,14404,13.885031935573451
5006606,17,93937,18.097235381159713
5006903,2,17298,11.562030292519367
5007208,4,38186,10.47504320955324
5007695,4,27221,14.694537305756585
5007935,1,19721,5.070736778053851
5007950,9,11674,77.09439780709269
5008305,4,123281,3.244620014438559
5100250,2,51959,3.849188783463885
5100300,1,19385,5.158627805003869
5100409,2,12151,16.45955065426714
5100508,9,11473,78.44504488799791
5101258,1,16951,5.89935697009026
5101308,4,9502,42.09640075773521
5101407,5,22714,22.012855507616447
5101704,3,35307,8.49689863199932
5101803,2,61135,3.2714484337940624
5101902,2,20140,9.930486593843098
5102504,6,94861,6.325044011764581
5102637,4,36143,11.067149932213706
5102678,3,45740,6.558810668998688
5102686,2,7070,28.28854314002829
5102702,1,21842,4.578335317278637
5103007,2,19453,10.281190561867064
5103056,2,12245,16.33319722335647
5103106,2,5681,35.205069530012324
5103205,11,33649,32.69042170644001
5103254,7,39861,17.561024560347207
5103304,5,21008,23.8004569687738
5103353,10,31510,31.735956839098698
5103403,45,618124,7.280092667490665
5103502,7,22178,31.56280999188385
5103700,1,14522,6.886103842445944
5104104,1,36130,2.7677830058123445
5104203,1,15245,6.559527714004592
5104609,2,13552,14.757969303423849
5104807,2,27807,7.19243355989499
5105101,4,35121,11.389197346317019
5105150,15,41101,36.495462397508575
5105176,2,16335,12.243648607284971
5105259,9,67620,13.309671694764862
5105507,2,16271,12.291807510294388
5105606,1,16793,5.954862144941345
5105622,3,27941,10.736909917325793
5105903,9,15334,58.69310029998696
5106158,5,15685,31.877590054191902
5106216,2,12831,15.587249629802821
5106224,8,46813,17.08927007455194
5106232,3,20563,14.58931089821524
5106240,2,12298,16.262806960481377
5106257,2,20944,9.549274255156607
5106372,2,17446,11.463945890175399
5106422,11,35338,31.127964231139284
5106505,2,33315,6.0033018159988
5106653,2,6843,29.226947245360222
5106752,14,45774,30.585048280683356
5106778,2,12685,15.766653527788726
5106851,1,2877,34.75842891901286
5107040,13,63092,20.60483104038547
5107065,3,17937,16.725204883759826
5107107,1,18846,5.306165764618487
5107180,2,10329,19.36295866008326
5107305,12,21011,57.11294084051211
5107354,1,5620,17.793594306049823
5107602,29,236042,12.285949110751476
5107701,1,17054,5.863726984871584
5107800,3,16999,17.648096946879228
5107859,2,11843,16.88761293591151
5107875,1,26688,3.7470023980815346
5107909,26,146005,17.807609328447654
5107925,20,92769,21.558925934309954
5107941,1,9429,10.605578534309046
5107958,10,105711,9.459753478824341
5108006,1,14046,7.119464616260857
5108055,2,9473,21.11263591259369
5108402,24,287526,8.347071221385196
5108600,3,26496,11.322463768115941
5108907,5,8850,56.49717514124294
5200050,3,8958,33.48961821835231
5200100,2,20461,9.774693318997116
5200258,29,217698,13.321206441951695
5200308,3,28010,10.710460549803642
5200555,1,6605,15.14004542013626
5200852,2,6164,32.44646333549643
5201108,57,391772,14.549278662078965
5201306,6,21981,27.296301351166917
5201405,123,590146,20.8423000410068
5201702,3,20273,14.798007201696839
5201801,2,10496,19.054878048780488
5202155,2,7783,25.69703199280483
5202502,4,10110,39.56478733926805
5202809,2,2409,83.02200083022001
5203302,3,30492,9.838646202282566
5203500,10,25648,38.98939488459139
5203906,7,9484,73.80851961197807
5204003,4,8046,49.71414367387522
5204300,1,16270,6.146281499692686
5204409,3,19107,15.701051970482022
5204508,28,93196,30.044207905918707
5204854,1,7940,12.594458438287154
5204904,4,20007,19.9930024491428
5205000,4,10186,39.2695857058708
5205109,10,110983,9.010388978492202
5205471,4,10486,38.14609956131986
5205497,21,72890,28.81053642474962
5205513,9,20504,43.89387436597737
5205521,2,3360,59.523809523809526
5205901,3,9869,30.39821663795724
5206206,15,60210,24.91280518186348
5206404,6,17044,35.20300398967379
5207253,4,7247,55.195253208224095
5207352,2,3688,54.229934924078094
5207402,2,12467,16.042351808775166
5207907,2,17005,11.761246692149367
5208004,11,123684,8.893632159373889
5208400,4,11224,35.63791874554526
5208608,10,71075,14.069644741470277
5208707,251,1536097,16.340113938117188
5208806,20,45296,44.15400918403391
5208905,1,22381,4.46807559983915
5209101,8,34202,23.390445003216186
5209150,2,5988,33.4001336005344
5209200,3,14207,21.116351094530867
5209606,3,3733,80.36431824270024
5209705,8,22124,36.15982643283312
5209937,4,6235,64.15396952686447
5209952,4,15787,25.337302844112244
5210000,11,53259,20.65378621453651
5210109,6,27174,22.079929344226098
5210208,2,31499,6.349407917711673
5210406,2,43622,4.584842510659759
5210901,4,23421,17.078690064472056
5211008,1,4685,21.34471718249733
5211206,4,25681,15.57571745648534
5211503,20,105809,18.901983763195947
5211800,11,51338,21.42662355370291
5211909,13,102065,12.736981335423504
5212204,1,18371,5.4433618202601926
5212303,2,7651,26.140373807345444
5212501,27,211508,12.765474591977608
5212907,2,2250,88.88888888888889
5213103,5,68154,7.336326554567597
5213707,1,8047,12.426991425375917
5213756,2,13672,14.628437682855472
5213806,2,46548,4.296640027498496
5214002,4,15870,25.20478890989288
5214408,1,9260,10.799136069114471
5214507,13,30395,42.770192465866096
5214606,4,46730,8.559811684142948
5214838,2,12945,15.44998068752414
5215231,20,117703,16.99192034187744
5215256,1,4544,22.007042253521128
5215405,2,3723,53.72011818426
5215702,2,29392,6.804572672836146
5216007,1,2603,38.417210910487896
5216304,1,10140,9.861932938856016
5216452,1,3143,31.81673560292714
5217104,12,24548,48.88381945576015
5217302,4,25064,15.959144589849984
5217401,1,31686,3.155967935365777
5217609,18,90640,19.858781994704326
5217708,11,17860,61.59014557670773
5218003,3,45633,6.57418973111564
5218052,2,3931,50.877639277537526
5218102,6,4022,149.17951268025857
5218300,6,37414,16.036777676805475
5218508,3,50701,5.917043056349973
5218607,3,10940,27.422303473491773
5218805,17,241518,7.038812842107006
5219100,3,6634,45.221585770274345
5219308,8,38808,20.614306328592043
5219407,2,8935,22.38388360380526
5219753,9,75829,11.86881008585106
5219902,2,6267,31.913196106590075
5220009,1,14085,7.099751508697196
5220108,7,34157,20.493603068185145
5220207,1,21920,4.562043795620438
5220264,2,4082,48.99559039686428
5220454,30,118451,25.326928434542552
5220603,5,20816,24.019984627209837
5221403,31,129823,23.87866556773453
5221601,13,40840,31.831537708129286
5221700,2,13818,14.473874656245476
5221858,20,172135,11.618787579516077
5221908,1,3838,26.055237102657635
5222005,3,13977,21.4638334406525
5300108,227,3055149,7.430079514943461
