cod_municipio,obitos
1501402,38.47587522613746
3550308,4.137853145482373
3304557,6.105680134977026
2927408,11.085330020667213
2507507,30.21366073361704
2704302,18.920184130451744
2111300,16.772244640321016
1302603,8.289856639544418
3106200,7.098768859326989
5208707,11.132109495689399
2611606,9.979068148568366
4314902,10.885253303875956
1500800,29.87599594433355
2304400,4.950472937662751
2914802,51.94562089056321
3301702,11.03151118725017
5103403,16.501543379645508
5300108,3.207699526275151
2504009,23.0690590495062
3168606,66.69646721584822
4106902,4.618638979465531
5002704,9.822402140180026
3509502,6.920460836782579
2800308,12.482929969258905
3518800,5.746626909586164
2105302,28.534300928907175
2611101,20.603019330147863
1200401,17.41578741128833
3144300,174.59731956227716
2604106,19.163486440464524
3549904,9.592497022900032
3548500,14.527644031213681
2408102,6.9625370586649895
2513703,44.41240926399173
3543402,8.569522003301373
3530607,13.531949820868041
3541000,18.135380616300687
4304606,16.656710931397324
3136702,9.942698657735681
3303500,6.801878290104968
5003207,49.0817255349908
3115300,71.48530579825258
3148004,33.20636780935639
2925105,102.3912626122571
2112209,28.19847023298986
3170206,6.865999997139167
2607901,6.649058450882556
5201405,7.7946813161488855
3520509,17.953111157078016
3205200,8.976213035456041
5108402,14.955169271648478
2211001,4.9534890418454625
2913606,26.887939821038874
2706703,65.78329104407482
2312908,18.98334685896797
3506003,10.545825566772214
2601201,52.12370693111651
1100205,7.2308724881988455
5104203,255.82158084617905
3304904,3.5722889303925762
2928703,37.116624340691544
2903201,24.207676381589426
2911204,116.57872131549884
1502103,26.549180563129646
4108304,14.327313280257735
4115200,8.601510611241942
3547809,5.129143516208094
2700300,15.876625745021391
5003702,15.964877270005987
4101408,26.425121482155703
3551009,9.773180763122532
3306305,12.774282085346805
3518701,10.844306738962045
2911303,310.8624211741718
3542602,62.064440622063024
3154309,201.19567716716486
3552205,5.091968220298913
3204906,26.386815639088674
2918001,21.777282451353393
2408003,11.310034661929757
3205309,9.29329925790272
3143302,8.222749445569027
3534401,4.7146628873167
2910800,5.325939423087786
3205002,6.25900917988013
3170107,9.789612331351679
3522604,43.86314698141798
3301900,13.193536816152188
2912400,174.68202412795458
5201108,7.912765588148209
5006606,33.0008409891736
3118601,4.484646811640349
3169901,25.685591239501015
4313409,12.14417565335665
3131307,11.303309232166203
3529005,12.053701317594248
3201308,7.55371603758104
3200904,64.47453255963894
3303302,5.433548670041936
3507605,16.419109497868448
3549102,30.51072778982467
2302404,51.303662715063126
3549805,6.021725525449318
3105608,19.53633758791352
2608909,48.044414391971245
2928109,67.8818353236958
3113404,29.156722784359037
2609600,6.86821922338247
2923001,61.66777059589338
3147907,23.409660386519505
2921104,118.85895404120444
3546801,46.57902908601594
4209102,4.3503140592111205
3167202,10.751131970144934
3516200,7.0244253317636085
2933307,7.328627377406721
3143906,22.853590756179614
3113008,105.13036164844407
2702405,47.835903715893
3505708,9.025857275924068
5218805,10.351195356039716
3522109,24.247832243797404
3541208,184.28933425478
2925501,85.12449457331347
2305506,23.284242388963268
3106705,5.395877549552142
2606002,17.072494077978615
3104007,22.35948461387965
2917003,66.45254180972422
2918506,157.2533088717075
4124400,118.45417304180445
1400100,5.719024334448543
2609006,94.22110552763819
3513009,9.069114538973535
2925600,151.71503957783642
3552403,8.036029362952506
2610707,6.878484101729788
4314100,11.234747608952627
2603108,107.31183844690501
1504422,16.45659572876538
3524402,9.345159207530498
3538006,12.931135823948464
2508901,48.741580999645514
4316907,7.755299160665122
2906006,29.375970456166854
2707701,27.853675358781867
2103000,12.686905301314
4205407,4.127147590728462
2915601,32.58087037468001
5106505,63.034669067987394
3525904,4.964468589098027
2308401,59.18827508455468
2915353,137.53266400770184
3201209,9.497172216972396
1702109,10.906255282717401
1400027,151.68752370117556
2600104,53.47021708908138
2930006,173.73175816539265
2905602,62.488283446853714
3132701,86.17346718945237
2516003,76.2572921035574
1303809,43.193745545644994
3301009,3.912607987980468
3123205,148.95360095330304
3303401,10.462549304763598
3304201,15.115786927867465
3145307,63.82639221318015
2501807,20.575496641050172
3300456,3.7028519755689726
3505500,15.46815595157653
2930501,23.37425878995153
3300100,9.176793338614013
2409100,141.01232002374945
3516309,10.696210726610484
2911709,22.37189148455162
3101508,53.67080025987966
2403103,42.31154659837435
4208203,8.515902327082362
1702554,101.91492785495896
2905701,6.243797280333354
3303906,6.195423212620404
3146107,25.48351618873897
3146305,93.81789452893541
4306106,31.707886919662226
4204806,45.12069786679368
3502705,74.30033847931975
3151800,10.673560996436217
2903235,119.56954962136308
2609907,25.725678514770827
4318309,28.9635863356236
2929255,95.80073447229762
2933604,38.69054016293016
4128203,31.081104415243555
3203205,10.187449062754686
2930105,22.66317485898469
4104303,18.85053619302949
2403251,6.740664180110547
2604007,21.328277741572368
2612208,29.388234909957713
3302700,10.94198317366143
3554102,5.661890756963339
2931350,11.081150962213275
2614501,25.896080552043504
4113700,2.9545845593410927
5008305,13.789635061363876
3522307,10.270289863828038
2914703,26.297064010147576
2613909,19.55933958465167
3162500,18.785153098997757
3529401,3.559821757630583
1508084,42.35598963524018
3538709,4.174319585907497
3302502,6.898426752910527
3547700,81.4722515096329
2916401,22.136857868350805
4302451,220.72189041807323
3523107,4.266541514782233
3300704,6.945107605760967
5105903,104.34328942219902
2915502,78.43906265320129
3552502,5.323414038508246
3522505,6.640078684932417
2614600,55.74136008918617
4106407,33.44341791731115
4306601,41.732961214429174
4118204,10.24498315980893
4300604,7.570309247132746
2918357,62.98716636485316
2914000,26.92016488600993
2906873,51.84369127081848
2405801,45.50625711035267
2616407,11.46271394080941
3501608,6.6110785148212114
2903003,115.66543772139087
3122306,6.655352567302252
3541406,6.945318638196648
2917706,47.41302672909382
3131703,13.233639912657976
3302270,15.158979800659417
2602902,7.178957041121065
5220454,12.663464217271278
2926707,115.99133931333127
2308005,38.418194857084316
2307502,47.631144417629876
3522208,8.442998502774932
3101706,35.593099684407846
4314407,4.371495517759929
2504306,48.88541259288229
3548708,1.776234690337165
2308500,34.201285968352416
2921203,57.928477639607635
2304202,11.275567348963776
5100201,57.243168981834835
3135100,20.828126301757894
3111101,75.94167679222357
3113701,80.32558637678055
1301407,42.016806722689076
2706307,20.453522778406533
2901155,93.22560596643878
3204559,36.571985858832136
2605202,21.647520637303007
3510500,12.156675230368997
3522406,14.767309396228006
3157005,33.57394661742488
4317301,47.484991350948
2109908,15.644380873626925
3523404,11.42101957073282
2900702,9.190754101374019
2302206,25.95043466978072
2305803,33.28736506728803
3148608,79.83121400467583
3111200,25.83693204886871
3133105,90.77352006743176
3537602,20.28956102085477
2402600,18.94810924938419
3118304,10.801969044642995
1506807,4.567997911772383
2919801,27.9101293833855
2927903,132.0007542900245
2910727,12.23819014650862
3556206,10.66991845133755
2917508,17.36218763564209
2913705,34.711030669674955
2927200,45.37058041935379
1501204,28.890402195670564
2912103,65.48788474132286
3138203,13.360945954973612
3514403,29.76000680228727
2314003,34.22731828961201
3148707,57.54449422499898
2807402,26.6514372739387
2804805,7.538797884828708
2919157,51.33093788956515
1501709,10.859953147059281
4209706,115.55922410235245
2307304,5.067616482784583
2931509,62.0704943471514
3557105,14.684595858943966
3504107,9.71628449280995
4318705,5.866380610774027
3300407,7.574405003435533
3101102,55.68593134720178
4315602,6.604864010567783
4121000,114.4538914323087
3108404,86.96233861796776
2202208,27.722687821209988
1300680,66.23866299806379
2202901,48.67273203788985
2301901,21.232116025347878
3161106,23.018219806292826
2613602,38.17242189335213
4127700,9.113533597392127
3501905,17.88736464080796
2910602,34.594709670551914
3500105,37.025433624789954
2908002,78.55459544383346
2407203,40.57554855020444
1600303,2.5345972524965785
3148103,14.215573707749677
2903953,132.3424615697852
1304062,19.35042124378554
5221403,10.013633947759642
2931053,74.52846414034283
5107602,5.507494428957559
2101202,12.405763908769922
3516408,8.307133910998644
4315107,127.52599568373554
2515302,24.61934701916521
2806701,14.271129505011361
2111201,7.26143396563666
5103205,38.63413474397456
3124005,68.57263424411857
2802908,13.52166586923509
2923902,134.2143299607681
2912707,55.546060502478205
4111506,40.7076874902145
3127701,4.6255773076293565
2932408,93.58577496220575
4110706,21.2807752750131
2920809,115.60693641618498
2921708,33.86004514672686
2504157,160.0213361781571
2922102,44.49388209121246
3541307,27.03372457140283
2923209,55.02063273727648
4303004,14.657562691617096
2402006,17.558491725560774
2401206,83.23506970937089
3120904,14.885382554331647
2300309,22.02602742240414
2311801,15.212596029512437
3152501,7.866324918550761
5219308,30.921459492888065
4317905,84.41193021947102
2913101,70.2576112412178
2700409,25.335163095112428
3203601,218.34061135371178
1500602,10.347592891203684
3503901,13.164101495222527
1300805,28.74389192296637
3513801,2.811904667058771
3557204,96.63391850539539
2706901,34.07929115074406
3110905,71.59050232669132
4104808,3.6108361191937
2928604,19.956428464519135
3103504,10.184595798854234
4124103,25.945384964649413
3114105,80.28366896367163
2914653,39.02819787296321
4102000,35.99280143971205
1504208,4.232177243582961
3101607,14.907943449201182
2708600,19.418418369823776
2902609,58.68257616509364
2911907,49.74918121139257
3201506,9.724473257698541
3515004,4.33941454065489
3510609,2.728289635227676
3102001,75.77323138389474
2302701,40.043684018929746
4307005,10.31575591045924
3545803,5.658727300787078
1302405,23.46316283435007
2912509,73.593363216699
4311502,147.7700161203654
2603801,54.8683160415004
4111803,27.97416204669142
3200201,36.69724770642202
3100906,57.15176391125889
2708303,45.840973495582595
2919504,23.88085623724545
2601409,25.722570386306238
2307650,4.793905638504651
3200805,35.333418990106644
3155801,61.25062642686118
5214507,36.19016285573285
3515186,24.735220705628386
2610004,17.322834645669293
3536505,9.821165504495415
4303509,16.54682752188694
3136207,13.678869876641466
4114609,20.562669408355923
3546603,33.780671314068115
3162005,43.03431008176519
4301602,9.065809535583302
3538808,36.82747999598246
1300607,25.03698645726642
1400050,71.52145643693108
3548807,6.79192625202986
3203908,21.810683269223144
2931608,73.22593529490081
2609105,67.39783101525641
3303104,71.84377245117889
1721000,3.2648157337999844
3550209,30.30119386703836
4121703,37.27865796831314
2919207,4.959456443573784
2312304,20.776630446074254
1303908,24.95445811394206
2602803,16.97245370763251
4118501,11.927054136898727
3129806,5.489890366889373
2802106,14.376904939904538
2904308,70.31359864997891
4119905,2.814237791836459
5219753,13.187566762056733
3204807,94.82268158543523
1200104,37.450378248820314
3531100,17.346655564807108
2930204,24.396789382517262
1500958,31.473263462688447
2901304,76.14986293024673
2207702,6.515422003883192
1709500,11.422696898737792
2101707,15.818529825837986
3202454,37.84151971543177
3201902,29.423880421349967
2923704,31.11290874583865
2306306,18.84410273804813
2912905,67.1952694530305
4317103,13.102553687713737
3169307,12.49500199920032
3145604,23.90057361376673
3509205,12.831370133702878
2917607,18.29056389808498
3515707,5.089058524173027
5208806,22.077004592016955
4203006,12.60827354910292
3164704,13.996780740429703
3145208,9.476876421531463
3303609,18.981455118349373
4303103,7.619628162145687
4203808,18.355359765051393
2208403,15.677175600043896
2612505,9.099429465772497
2406502,63.496094990158106
2909802,15.7254957462534
2908101,53.17169139150317
2703007,63.9918090484418
3170701,7.320537034596858
3104700,78.87679444707368
2708501,28.82508935777701
4209300,6.355299366376653
3137809,47.8308700435261
3514502,80.43111075363952
5007208,26.187608023883097
5204904,49.982506122857004
2605004,41.36846895296405
2410108,64.38735432361085
2929008,67.74149844194554
4101507,8.012178511337233
1503754,131.75230566534916
2929909,20.346339919518922
2907806,27.62770137524558
2914505,30.8504439036095
5212501,4.255158197325869
3302403,3.4416694391226037
2922508,31.475134643631527
2910859,55.062710308962984
3132503,25.761392260132816
4107504,64.3730777483728
2905206,17.619075585834263
2914604,12.24090093030847
2906204,34.18803418803419
2930709,6.628222973420826
2401107,32.18078449601315
5207808,66.91947356680794
4305108,1.7392951216636936
3547502,32.608695652173914
2610905,13.287074629069167
4205506,24.600918434288214
2701209,82.6522178345119
2609709,37.60183831209526
3527108,11.464530017961097
3160702,19.38777708364749
3168408,62.92826178156901
2924009,7.593911370616626
3514106,32.712997964524575
4323002,3.511482547931737
3116803,101.79843909060061
2100600,21.567734668935273
4320909,36.65689149560117
2611507,34.38395415472779
3504503,9.864959663276043
4204202,4.017623977179896
3553807,38.69969040247678
2612604,21.377672209026127
2414506,85.55133079847909
4321808,37.69475624057631
3305802,4.884932696482848
1501451,50.45125847861427
3503208,3.7761339940169254
2918100,22.139676760719293
2916005,46.593497618554565
2311009,72.8922005345428
3151206,15.889830508474574
2101608,10.170410884599738
2932200,47.75295803045577
2918902,226.41509433962264
2932507,48.53321829163072
2104800,12.845215157353886
2601300,62.026188835286014
3202405,7.103337779496609
3202306,28.918449971081547
2306405,6.894491301450142
5102504,9.487566017646872
1302306,64.81348120409045
2110005,12.347880966427484
4318002,14.995251503690499
3144102,43.80627889997566
2911600,38.53193333975533
2927705,28.65124274765418
2503209,11.633486992307358
2913903,17.420844039893733
4113502,34.420445744772394
3139508,35.084641698096654
3555000,12.200701540338569
2926400,22.47632961537381
3141405,38.5375018064454
2614105,22.191400832177532
2613107,21.408691928923144
3113305,24.23434612704856
2610509,27.687409150688723
4128104,7.111111111111111
3107406,15.677667163126126
2925303,5.310039958050684
4127304,47.27014890096904
3552106,19.34610176049526
2605301,25.184159163885916
2604908,78.49293563579279
2709301,12.159902720778232
3543907,3.8460059228491215
3550605,8.689984792526612
1100049,9.313913823012353
2601706,10.432015856664103
3126109,11.795582554333402
4112504,71.45409074669524
2902906,25.633631324297475
3132305,62.324711748208166
4300406,10.954702305964835
2905156,54.76451259583789
2929370,76.15421227986673
2906501,9.147247821811613
2933059,56.65321152892855
2408953,73.36084364970196
3170800,20.098987513504007
5107958,7.567802783059474
2105401,11.640935349155304
5100250,15.39675513385554
5006358,55.54012774229381
3171709,92.34676209165416
3523909,4.556639023056594
5003801,41.731872717788214
3169406,14.049877063575694
5003157,52.11047420531526
5002407,26.149772823848593
4322707,29.52138455293553
4321956,138.14539803142807
4321303,29.756369722893808
3162708,33.74246066894428
3526902,2.5933441821564953
3530508,11.597564511452596
2305654,68.98930665746809
3530706,5.227630641757007
4316402,20.348985094368416
2309300,24.685262898049864
5105101,22.778394692634034
3300209,5.957123602868355
2312007,24.499295645250196
3518404,6.530345700175504
1100106,17.183606839075523
5221601,19.58863858961802
1300144,35.77977548190885
3504008,7.6127399202565496
5217609,8.8261253309797
5216809,77.96511061300068
1302504,8.121662504314633
1500404,14.012471099278358
1502202,11.522230703864269
5210604,153.6688436419516
3304524,5.154871675913218
1506138,9.349835793508875
1506161,43.953628921487834
3302858,4.53080665348957
1508126,13.16634025114794
3302007,5.933881722902558
1702208,22.11777716339508
3517802,96.50180940892642
3300605,21.503642179394134
3536208,40.561780662171074
2922003,18.934463089631013
4309209,2.820675551794655
3142601,91.66953133952103
3144805,8.319727112950696
3143104,16.690659489683085
3141801,25.399244372479917
2407401,91.34505594884678
3142908,38.654812524159254
4302808,20.86562537260045
4103107,53.31708431716048
3108602,21.60160469063416
2201507,26.017468871956886
3171303,8.81745351942359
3171808,66.76840900419688
4127106,8.772809304190895
2112803,13.295599156679138
2706406,28.74625272062749
4104006,16.02380679867231
4125506,2.1272845516595855
3522703,16.15471602317048
4104204,5.229148769282486
2108603,8.355515236878858
2108207,17.861243652879487
2106904,20.793726235741445
5103601,85.7948277975242
3521903,45.760606654899654
3101003,51.47437311567027
3203130,41.861021408922376
2933208,16.012443956446152
2408300,18.69158878504673
3168002,20.3506119719743
5002209,31.54574132492114
3540200,13.765436954298748
4208302,10.395319136297484
2302602,10.953416683618382
3118809,26.304911502762014
2301851,38.34355828220859
2301703,28.44372206420154
4318804,16.077170418006432
2300606,91.50326797385621
4319505,26.965599599368232
4320701,46.65111629456848
3144508,80.83140877598153
3116605,24.255864721577325
2103406,14.106930533443503
3162906,26.468030400423487
2208205,37.92188092529389
2504603,27.988804478208717
4322509,10.514457378895981
3556404,16.237531895151935
2205508,17.79540370144397
4322608,9.725869423255944
5000609,17.576457590518757
2204501,66.68571972944652
5001102,14.574527889400153
2932903,7.199201917044625
2102325,9.591274680405025
2103307,5.68569479190357
3542206,23.548408800376773
1502400,3.4440174956088776
1501501,10.977292685986702
3306008,8.521828053857954
3306206,18.87657417145323
5213509,80.60801473975127
3501301,28.00224017921434
1303601,27.063599458728014
1303403,6.067803368497699
1303106,18.408457371272288
2414100,64.486411791801
2925006,26.48906380080224
2606408,8.264560384420124
2917201,36.78402522333158
5218706,145.31866306829977
3505203,19.686146577422804
1300060,59.64553510565781
2918456,77.88161993769471
1200203,7.858810849649721
2919405,56.574799967671545
3510203,14.85631817988879
3509908,55.81692050075751
3541505,17.68435944723745
3514908,39.02765388046387
3305109,1.4802095976790315
1503077,26.808624717551993
1503804,11.697470004344774
2101400,7.297063453178914
3519303,19.73387460532251
5107925,7.545624077008483
4119301,21.49943180073098
2501906,39.53685399604632
2409407,22.875816993464053
2930600,52.06009222073479
1716109,13.489815189531905
2930303,40.41337105247965
2904100,32.56268316509281
4117602,13.525263259588446
1707405,62.84226591255947
3516705,15.76257065009345
3139201,37.63036232663154
1508100,6.079344125616619
5206701,211.7362371445856
1507201,21.780391424748746
4304705,11.242270938729623
2910503,16.70604520178516
2910701,11.502185415228894
2911006,66.19385342789597
3120805,45.23717203050278
2412609,39.503386004514674
2310902,40.96921456162941
2313302,11.851952185838611
3123601,24.717514124293785
2312601,53.66452008586323
2600302,27.927388789148214
2308609,40.5820627282741
3135209,10.316571361197902
3530102,23.56426311182926
2308104,14.532469689420362
2305001,17.163593566104353
2310001,74.29420505200594
2304350,28.627515131686568
2508505,96.35237439779766
2305605,26.73082063619353
4210035,123.15270935960591
3534708,6.121449559255632
3141108,15.726979633561374
2100055,5.304054950009282
2933158,47.524752475247524
2506004,18.0728335190819
5200134,26.612259380821435
1718204,11.253657438667567
2303709,1.6428813949158296
2902401,53.10204442871051
5106752,13.107877834578582
3519071,2.5612676567389085
2901007,16.02521300178948
2102002,14.346516187652432
2103703,18.39024091215595
2917409,40.4040404040404
4310603,16.004694710448398
3529906,30.54523239830983
3506102,7.736445103474954
5006200,10.86484137331595
4310504,84.02184567987676
4316006,27.968116347364006
4127205,34.883720930232556
2704708,11.45475372279496
3125408,127.55102040816325
5005707,10.774120562409093
4126256,6.134781141682771
4126108,104.34782608695652
3153103,112.33851338700617
2706505,39.32363350373574
2706802,33.617212012550425
3521705,34.32494279176201
2404903,101.74665083940985
2112100,20.55991501901792
4122909,122.49897917517355
3152105,10.020876826722338
2709152,13.52204092671054
3126901,62.08609271523179
3101201,100.4016064257028
3511102,4.898079136631917
4216305,15.550890288469013
3100500,64.04782237403928
2918407,2.7502498143581375
2917334,54.46623093681918
5200308,21.420921099607284
2511301,37.24163614921482
1504604,19.029495718363464
1503903,10.176390773405698
2511707,121.08980827447023
3304706,14.08649105507818
2927002,14.642717688402966
1503457,9.142857142857142
3149101,53.830970751839224
3139607,21.702173834412413
4312708,51.57740909481647
2313104,19.476093095725
3305554,7.2209117604582875
3300506,21.72653534183082
4305355,14.542634155800087
2915700,74.9718855429214
3542404,29.42041776993233
4113205,12.394133443503408
3502101,10.489143736232998
2411502,24.711696869851732
3148509,71.26737142178406
2400208,10.276788161140038
3132404,6.164341340127807
2926202,26.86486970538193
3502804,3.028330027406387
3515103,8.58356818929629
2927606,42.6651496835668
2512002,32.071840923669015
2919553,6.654688227856525
3150901,109.32944606413994
2501500,28.210070995345337
3300902,38.674745391259506
2904902,17.8746983644651
4105904,24.84986539656244
1702406,56.9584203531422
4106506,29.154518950437318
2916807,30.237363301920073
2513604,85.88605782994561
2906709,23.949227637408693
1507953,5.506153126118437
3302809,32.17503217503217
3139409,6.5811843938180745
2908309,34.95484998543548
2928406,21.06667602963379
5208905,26.808453599034898
5209101,17.54283375241214
2909505,112.12857409829938
4114005,46.10419548178884
3547304,4.216414501654943
2703809,24.915908807773764
2800506,32.109600770630415
2307007,17.733640716439083
2210656,59.65400676078744
3540705,10.618717258955117
2608800,14.782330187981968
3169356,18.33965032400049
3155603,19.32678370107908
3527207,6.732117812061711
2609204,53.475935828877006
4318903,18.02180638572673
4202008,4.115339241131444
2610202,22.679165406713032
3111606,20.802995631370916
4202305,8.634832915983075
4202404,1.658122728717304
3112307,15.765824946790342
3526407,20.844189682126107
3529302,7.174802095042212
2615706,39.3623302499508
3510005,19.141198239009764
4202909,4.357646580336846
4209409,13.008976193573565
2205607,113.57183418512209
2305233,8.755417414525237
3525201,19.59695593951073
4317400,12.155591572123177
2613701,5.259513144399934
4302105,4.9259870446540726
2613206,26.202017555351766
2208007,7.650036337672604
3554003,4.879357876503452
3509601,7.014180334576402
2208304,20.77994043083743
2607505,22.80675079823628
4208104,27.54820936639118
2921807,49.784268171257885
2919603,52.94740557712672
4209003,19.734245494013944
2702553,32.86770747740345
2605400,26.969928529689394
3169703,29.81366459627329
2202000,30.2923208966527
2701704,35.33777018670122
4101200,31.66394004960684
2503704,9.632519385445264
2702306,10.472300764477957
2923100,21.198417184850197
2606101,19.511560599655294
3141603,55.772448410485225
2606200,7.4948472924864165
2904605,7.425558773297691
2929305,13.178008539349532
3154606,1.4784282533552928
1400308,27.514858023332597
3537305,7.84227614222752
2925709,41.05427374989736
3302254,15.5938123752495
2513406,32.41280954233113
2906899,56.81172594023407
3539509,12.4750499001996
3536307,33.76781252110489
5205109,4.505194489246101
3162807,31.71180313312615
2929503,11.253657438667567
4116208,30.402529490453606
2506301,8.45809016324114
2604155,34.799554565701555
3138609,29.8971537909591
4321402,37.218996575852316
2924801,20.028841531805803
2929107,23.719165085388994
1705508,13.946612367855847
2314102,8.141996417521577
3512209,17.684716867682948
4321600,9.499924000607995
4312401,7.607918321388902
2917102,24.52422993917991
2921500,10.14651568651325
4208609,127.61613067891781
2922706,30.354541039339484
1505536,2.3410870135221185
3118700,54.77651183172656
1301902,4.8685017672661415
2609402,7.899642936139286
3304300,8.254502831294472
3305901,46.992481203007515
3142205,33.088478591754345
3145356,46.390796066060496
3159605,11.427787808835966
2303105,27.087057803781352
3122009,25.0300360432519
3157906,30.671083302662247
2912806,57.537399309551205
2511202,17.523569200574773
2911808,24.154589371980677
1100122,3.8458875923974496
1505502,4.366697815777752
1301209,5.820044232336166
4320008,3.5258941667606907
2603926,38.38771593090211
3147105,5.273816555564931
3528502,4.9049903371690355
2400505,36.89220098871099
4107157,94.94872768704899
4218707,4.698276672116668
3526704,4.7917505223008074
1500909,10.75939833444514
3552809,1.7026957078446598
3148806,166.38935108153078
4318101,27.464982147761603
2909307,15.532291634307727
3551504,10.95434230128823
3136009,32.35198964736332
2512804,58.541154431565396
2301109,6.668889629876626
5004502,19.871234401080994
4322202,20.774472328402858
2513901,14.55858374097368
5101803,8.178621084485155
3103405,13.619524950969708
2923605,23.046784973496194
3137601,7.615334237019663
5100300,25.793139025019347
3533502,12.073211957309123
2602605,9.760858955588091
4122602,51.96424859696529
3110707,39.025913206369026
2307106,18.39520253117987
4303905,7.198594834288347
3201605,15.988232660761678
2509701,14.955283701731823
2918753,31.70577045022194
3134509,132.6963906581741
4104600,31.577617784514338
2107506,4.040501991967482
2203107,47.87437763309077
3535606,27.377758309149648
4108403,5.42205257222174
2701308,23.44006375697342
2707602,44.452347083926036
1101609,48.1000481000481
4127908,58.59603890776984
2412906,45.236587351850176
2602100,10.252834908852297
2919306,43.48204191668841
3523206,9.873227755617867
4127007,39.786743057213336
4309605,25.787817834854813
5220108,14.63828790584653
3125507,157.5795776867318
4101002,25.891978665009578
2307809,18.11922449719152
4125100,32.806246309297286
3109907,42.556813345816664
3510401,8.868550346760319
5006309,11.82704134733655
2707305,18.3492972219164
2112233,22.612156295224313
4110805,49.51475539710833
2105476,29.342723004694836
3501707,12.18561123025931
3504800,54.7105810263705
2603900,25.49849558876026
3525300,3.292051013622507
3134400,12.597631645250694
3165552,40.394247859104865
4108809,15.010507355148604
2310209,14.162701110355767
2903409,21.333788454153687
4215000,11.766090128250383
2503506,29.106997322156246
2930907,39.948865452221156
2205904,93.44047841524949
3525102,11.1185234600845
4118402,5.622905467713277
2100436,17.94816569746572
4118808,35.69643749553794
2310308,15.895724050230488
2900801,22.232103156958647
5106281,101.2555690562981
3549409,9.556757583287142
1200708,25.515411308430295
3137700,25.102921980118484
2920106,26.878830233308246
4316808,3.806188863091387
3127107,8.331666999933347
2612901,31.115813056195158
2309201,31.87962254526906
3203346,29.55082742316785
3133808,5.32782081473036
4112009,14.274702372455534
2516508,32.381322453208995
4105508,5.9654481244631095
5000708,19.812180528588975
2207777,78.05182641273805
2309607,6.831721047166202
3203700,28.870027137825506
3508405,7.931943921156477
2925204,10.007004903432403
3539301,5.203116666883464
3508702,21.04266400126256
3545308,8.722197993894461
3507506,2.700330790521839
3511508,8.03180595156821
3512308,22.198790165935957
3510807,13.10615989515072
2922300,13.600816048962939
2932101,20.123761130955376
3513504,3.0389132846094236
2926301,11.951715071112705
3102100,36.835804401878626
4104451,30.009753169780176
3200607,3.879690788644145
3200409,13.432284495785622
3137205,7.588548879740472
4103909,28.48394217759738
3200169,36.66697222476854
3154002,16.869807262452024
3172004,9.309903409752124
3143203,18.593408636638312
3124906,35.3045013239188
3107109,9.945548124020984
3524105,9.513616363420144
3109303,15.991684324151443
3110301,27.50842445498934
3530805,4.271222637479979
3524808,8.129916058616695
3136801,92.05983889528193
3123106,77.60962359332557
3165305,51.183621241202815
3553708,6.973014434139879
3553302,17.21763085399449
3155207,74.04664938911515
3552601,32.038446135362435
3119302,14.30308231423872
3528809,28.498147620404676
3156700,2.917046490428441
3120201,30.933415822442193
3121100,49.9001996007984
3550100,9.726916810543978
3534302,9.017132551848512
3127057,87.70006577504934
3301504,18.147996914840522
3306107,5.203658171694701
4107751,51.975051975051976
2926905,34.29649318357198
3305000,10.982071767839003
3131208,20.0
3304102,21.09704641350211
3130903,16.611985547572573
3303708,8.985129610494631
3303005,14.730794726375487
2928950,44.091710758377424
3302908,15.636605292990893
3139003,9.431070662296937
3301801,28.427261744012508
3301306,8.880797495615107
3202801,11.542012927054477
2929800,30.90473615081511
3301207,21.019442984760904
2930402,27.212735560242194
3518206,12.084592145015106
4105805,1.6224547740731727
3128303,21.03381185255298
3548906,1.5718080508008363
3204104,14.6375379661141
2931806,24.708135153499292
3204005,17.16296232729769
2932606,24.002400240024002
3203502,21.170742034508308
2933505,19.067594622938316
4103701,3.7264419001127247
2709400,15.56844276651228
2922052,37.47774758737
2400109,35.967988490243684
4304507,7.116044902243333
2500908,29.537734455767243
2500601,20.276778019972628
2500304,14.065192165687963
2413607,191.57088122605364
2411809,111.26564673157164
2411403,33.45600535296086
2407807,17.71793054571226
2407104,4.888720499627235
2406700,35.26093088857546
2403004,50.10647626205687
2402402,48.54958125986163
4311403,4.704056072348382
2312403,8.185148048865335
2707503,19.88862370723946
2312106,22.58355916892502
2308708,6.478991868865204
2308302,14.56558153084262
2307635,20.13693113169553
4317202,5.436629289840298
2304301,20.630254267883853
2303956,19.729703067968828
2303808,15.634160641000587
2302909,22.48959856066569
2302305,12.22419167532547
2302107,11.12935088060989
2302057,26.588673225206065
4319125,123.80068090374498
4303608,62.44146113019045
2504702,83.55964069354502
2507705,21.860312602470213
2510808,3.6971310263235724
2707107,15.883731088432672
2705101,16.237720224080537
2704807,30.319108618206624
2704104,22.508581396657476
2702504,36.14348965392608
2701407,6.952048247214836
2701001,14.622020763269482
4201505,45.66731362027629
2615904,48.44961240310077
2615300,7.575470626112646
4203907,17.364879531148254
2613305,18.69333582577811
4204301,5.321484161932763
2608404,25.92184563540924
2608107,12.00192030724916
4207502,5.6417489421720735
2606804,3.379234603362338
2605608,17.68502962242462
2604205,9.229349330872173
2603702,16.146611229968112
4210001,30.518043793392845
2601904,6.570302233902759
2601508,32.99785513941594
2516201,5.736987794558467
4214508,67.77363605557439
4216602,1.5988424380748336
2514404,85.91065292096219
2300903,27.262813522355508
2300200,6.338742393509127
4319901,4.9976885690368205
5200258,1.8374077850967854
1706001,70.93456286575633
1705102,120.08405884118883
5204508,4.29202970084553
1507755,66.56681644200366
5205802,35.81341212284
5206206,6.643414715163594
5207907,23.522493384298738
1506559,20.158242201280046
1506500,5.568161253949914
1505700,12.67869029129291
1505064,5.18040769808584
1503606,3.9449677005769512
5210901,17.078690064472056
1502707,8.334896126357025
1501808,3.86484632404804
1501303,3.1489368401993274
1303536,10.75471190815476
1301951,51.19017148707448
1301852,8.161433147660729
5218003,8.765586308154186
1300086,28.661507595299515
1300029,24.660912453760787
1200500,8.600116101567371
1200302,11.466574934067193
1200013,25.82311168495804
5220207,18.248175182481752
1100304,3.913473109547896
5201702,19.73067626892912
5200100,19.549386637994232
2210409,22.677022506944837
5200050,44.65282429113642
4321204,6.94637399277577
2207009,10.786032088445463
5000807,44.072278536800354
2204303,34.308259713526034
2203909,6.663890045814244
2203354,56.907099160620284
5002605,29.212006134521285
2202307,18.816445573431178
5003488,34.88270689805529
5004700,17.21763085399449
2201200,8.477270318957295
2114007,7.698822080221727
2112506,6.734233475874608
2111763,28.469750889679712
5006903,23.12406058503873
5007703,37.13675610435428
2109270,20.976453930463055
5101209,422.8329809725159
5102603,23.642059223358352
5103437,76.3213127265789
5104104,11.071132023249378
2104552,21.598272138228943
2101905,18.780224423681865
5107040,6.339948012426299
2101509,21.13718030014796
5107305,19.03764694683737
5107909,2.739632204376562
4124608,57.80346820809249
4307302,58.80623346074683
2707909,54.6448087431694
2907608,23.14814814814815
4122404,5.936215365893474
4113304,12.445937956999284
4112959,54.85463521667581
2801306,11.58949991307875
2908606,15.363933166890725
2908507,11.97676507575304
4115705,11.357505891706182
4112108,18.841262364578427
2903508,23.379507861359517
2805703,13.47164219318335
2907509,7.2766963798435516
2906303,12.942470717660003
2803203,11.524388487135901
4110953,35.13394817742644
2904050,23.691068467187872
2905008,17.174015714224378
2904803,61.652281134401974
2803609,13.297872340425533
2910057,4.852484472049689
2708006,8.364875886154039
2900900,74.54342154304882
2911253,90.09009009009009
2917300,13.917884481558804
2900306,26.33831566471324
2708956,28.73356799080526
2414001,18.90478291007625
3537107,6.19028949920558
4112306,60.851926977687626
5205406,13.449296153501301
1504703,3.606549493880888
4313904,6.798404641044235
5204250,37.35524841240194
5204706,23.503603885929174
2313005,16.342539630658603
1508209,5.5379162667060475
2903706,24.33287371238543
4314209,38.93070334804049
1600279,5.840894046182002
4315008,65.302568567697
2310852,14.444604940054889
2409902,19.64379256155055
1504802,5.158006946116021
3152808,10.707784559374666
2925758,10.712755320668476
2307601,5.009183503088996
2904407,28.2539084573366
3517703,14.07921907264877
2500403,14.339658716122557
2307700,2.301566599665506
2414605,20.27027027027027
3140506,22.31644722160232
2915304,43.956043956043956
3152170,24.63256424993842
2904001,20.76699432368822
2309508,14.029180695847364
2414407,8.954421992060412
3517406,7.309941520467836
3537404,11.68360789811894
2401305,31.023784901758013
2409704,45.092439500977
4307807,8.721183755341725
3539806,2.5348756643486636
1505437,8.999550022498875
1505403,16.70285618840822
3304110,15.019525382997898
4307906,4.1061578680828354
4119806,22.336385972749607
3142403,39.714058776806986
5209606,80.36431824270024
4120101,61.55108740254411
4306205,24.189646831156264
3142700,20.343120634705365
2922201,40.306328093510686
1505205,9.132420091324201
1505106,5.735479677283677
4305454,18.0908158957969
3145000,18.987341772151897
5209952,19.002977133084183
2916500,8.36050497450046
2413300,52.16484089723526
3537800,5.401317921572864
2401800,23.46132791115977
2412005,2.893741801064897
2902252,27.369765532341937
2902203,26.175726376406946
2902104,5.4896794027228815
2924603,14.926858393870038
4317509,3.867574257425743
2403707,50.02501250625312
2916856,20.634156406905564
1506187,5.681495369581274
2924702,28.63961813842482
2405306,29.197080291970806
2916708,35.94105666706601
3156809,19.460300985988585
4317608,6.949109355817563
5005152,44.20215117135701
2111508,7.215180740277543
2913200,11.10987668036885
3204252,37.78337531486146
3204351,15.56743293030979
2928000,7.993392129173216
2913408,19.16932907348243
5005400,6.247136728999209
4114203,8.69187309865276
2110609,10.464994593086127
3171204,2.311871459946827
5004601,14.03443113772455
5004007,30.150753768844222
3170305,115.56240369799693
2201919,53.087949035568926
2928208,11.233851338700617
3205036,13.894678338196472
3520442,11.199044348215619
5007802,45.85753592173647
4116703,29.129041654529562
2106508,12.775743122391619
5105622,10.736909917325795
3203106,24.459845087647775
2911501,42.94917680744452
5105002,34.95688650664181
5104807,10.788650339842487
2105708,5.926979611190138
2103208,3.7408816010973256
2102705,13.564226613012616
2109601,6.977717821091315
3202108,13.137727173199035
2107100,15.328019619865113
4107603,17.325017325017324
2108454,12.840267077555213
2108900,17.050298380221655
2910776,52.994170641229466
2927507,14.365752047119665
5003306,8.966197435667533
2101251,17.389288198469742
2928505,28.669724770642205
4318507,10.822120414126474
3160009,83.2870627429206
2301307,13.854253255749516
2301604,12.777919754663941
3528403,6.323644105309753
2905909,10.40943789035392
3157658,46.97776385844034
4115804,6.4413621333791395
5201801,28.58231707317073
2202703,10.773927096426648
2303501,4.153283863107764
5210000,5.632850785782685
3156601,29.251170046801874
4317806,21.663778162911612
2304236,16.544421772459053
3155702,20.932179737650014
2304251,12.01105016615286
5200902,97.75171065493646
2906402,36.67033370003667
2906600,20.879732739420938
4319406,18.57815209313847
3168705,3.3124282307216677
3168507,25.706940874035986
2203305,21.67630057803468
2908903,13.336296954878863
3167103,14.326647564469914
3524709,5.108817819556554
2205599,57.71450557906888
4322400,2.364699761953557
1720655,55.2689756816507
2914901,10.45879235810905
3525805,62.5
2925931,33.49709691826708
1713205,16.726137377341658
2907301,11.399042480431644
4319604,12.736149437486734
2932309,11.003924733154825
5209903,21.303792074989346
4120804,12.546526703190999
4206900,15.710096355257646
2605707,9.040501446480231
2803005,7.1147369918892
2607752,11.152416356877323
4207304,6.624563882877711
1301001,10.523361863336607
3119401,2.720101550457884
5218300,8.018388838402737
2609501,9.21008196972953
2612471,23.715415019762844
2610103,39.473684210526315
2610301,25.93809441466367
4204707,26.98327037236913
1300201,14.707324247475242
3117504,17.13991887105068
3553500,38.62992531547773
2611804,6.300403225806451
5217104,12.220954863940037
3121506,104.02219140083217
3121605,6.2728698379508625
2605103,8.02675585284281
3125952,27.139497014655326
3501806,50.158836314997494
4104907,4.177749307189907
4121604,44.20215117135701
1303304,11.51808339092375
4210308,36.782736635605694
2804102,26.436376454000705
3124104,4.19281351763078
2603207,10.379186271796291
3550902,19.499512512187195
2603454,1.8879917431827766
3122603,67.40058413839587
2803500,2.8511418823238706
3138906,42.188159189987346
2604809,23.88535031847134
2612406,11.156563778356267
5218904,15.039855617386072
4211108,36.28008223485307
2703205,12.202066216546003
3511003,14.10636196924813
2921005,6.365912659678309
4109708,9.480470231323473
3507803,11.868497052656565
4127957,36.99593044765076
2702900,7.275020006305017
2921302,27.54062241806665
1100288,5.414478315014349
2801504,17.71270000590423
3106507,25.269541778975743
2704203,10.427166243787147
5221858,1.7428181369274116
4101606,10.60070671378092
4123857,31.88097768331562
2708105,28.071488724618696
3104601,21.02312543798178
3506706,19.976028765481423
4200705,29.744199881023203
3557006,2.427204103593071
5219001,39.308176100628934
2613503,8.818082948766937
3555109,19.251748700506965
3556008,21.601382488479263
2614808,11.491611123879567
4203303,25.03964610633503
3505906,4.7634169577643695
3113909,24.62649811196848
4202800,8.855827134254339
1200435,44.662795891022775
3556453,5.610832647564898
1200427,15.503074776497337
3556503,2.4376173103330596
2616001,16.07630887948127
2616308,9.154155986818015
2700102,14.829461196243201
4211058,30.28467595396729
2604502,13.7520055008022
3126703,11.376995714664947
2509107,13.71993048568554
2917359,36.24501631025734
3134202,2.850220892119139
2507903,27.79579356990642
1502756,8.880731772298038
2918209,20.608641890499417
3133303,14.266013600266298
3305505,3.3118797125288406
3132909,29.53628039775524
1502301,5.512172714745062
3130309,37.86444528587656
5211909,2.9393033850977317
4121208,15.607928827844546
2918803,12.48335552596538
2923407,13.76399339328317
5212204,16.33008546078058
2511509,25.04800868330968
5213087,10.41919911089501
4219507,5.809225049378413
3134608,14.692918013517486
3545209,2.5055121266786933
2507309,20.761245674740486
4302352,21.04524728165556
3138658,30.883261272390367
3543204,66.09385327164573
3304755,7.107320540156361
3138401,5.699088145896656
2501302,15.693659761456372
2501609,19.358585532683747
2502052,84.84162895927602
2502805,21.117837533436575
5210406,6.877263765989639
2504405,15.78365865207555
2805802,15.144631228229592
2505105,14.753614635585718
2505238,47.199496538703585
1503309,4.759185227489054
3543303,2.416256574231429
1502939,4.961219798574476
2505808,83.75209380234506
5213103,4.4017959327405585
2104107,23.72104056297936
4212205,15.446400988569664
4111308,107.87486515641855
1303700,14.122299110295156
4218004,7.661856723279275
3500709,8.021175904387583
3513603,13.98014818957081
5213806,6.444960041247745
4214904,64.93506493506493
4214805,4.166319473377219
2516805,31.699070160608624
3513702,8.846947803007962
2804508,8.037723716643447
4211603,19.554165037152913
2512903,12.38748038648939
2516300,17.61493746697199
2804409,16.04020745334973
4211207,16.715885663342064
5219803,15.263680073265663
3513207,22.941041523285158
5204607,54.80953685941354
5219357,52.42463958060288
3513405,2.422157900473532
5202155,25.69703199280483
5219100,30.147723846849562
5218508,3.944695370899982
5106232,9.726207265476827
5106224,4.272317518637985
5203500,7.797878976918279
5106158,12.75103602167676
5222005,14.309222293768334
5106208,52.562417871222074
5221908,52.11047420531526
3517604,11.747430249632892
5214408,21.598272138228943
5221007,56.80204487361545
5220009,14.199503017394392
5203104,37.878787878787875
5220603,9.607993850883936
4112405,21.05263157894737
5106109,15.262515262515263
3516853,41.53686396677051
5214002,12.60239445494644
5215801,83.99832003359933
4109757,31.39717425431711
3520400,5.619398162456801
3520426,17.602534765006162
3511607,10.884353741496598
5207402,16.042351808775166
4107900,29.192818566632607
5213400,133.24450366422386
5205901,20.26547775863816
5218789,43.365134431916736
5108956,21.558693543171284
5200803,22.975301550832857
5108006,14.238929232521716
5212907,88.8888888888889
4110201,17.983994245121842
5107941,21.211157068618093
4112751,24.009603841536617
5107859,16.88761293591151
4110409,44.79283314669653
5203302,6.559097468188377
4111100,32.73858241938124
4108957,22.698899103393487
3519006,20.859407592824365
4112207,39.25417075564279
4109500,26.336581511719782
5209200,14.07756739635391
5107701,11.727453969743168
5205455,22.98058140870964
5201306,9.098767117055639
3518107,29.962546816479403
5217302,7.979572294924992
5211503,1.8901983763195946
4112702,15.825288811520812
5107297,44.943820224719104
3511409,9.905403397553366
5212006,69.93006993006993
4316477,73.17965605561653
3520905,13.272280841462607
3546900,22.588660492432798
4219150,82.23684210526315
4218301,10.327377878756584
4105409,10.434601137371523
4121505,13.381506757660912
4215554,90.9090909090909
4215505,11.821728336682824
4211751,10.540184453227932
3550001,18.709073900841908
4211702,8.681309141418525
4210605,11.678832116788321
4210506,7.6581406034614785
3550407,5.558643690939411
3550704,2.214152865113807
4209607,13.060798014758701
3551108,19.249278152069298
4219705,6.9005969016319915
4300034,40.46944556859571
5105200,17.895490336435216
4300109,12.19437839156149
4120606,3.808580732390075
3543006,12.337301832089322
4304408,4.396763981709462
4120903,5.812432793745822
3543238,89.92805755395683
4303301,41.467965996267885
4301651,32.24766204450177
4301552,56.57708628005658
3545407,21.358393848782573
4301404,19.18833349323611
4300802,15.331544653123801
4300638,28.228652081863093
4300505,32.96522169111587
3546405,4.1716204659700065
4300307,34.32297923459756
3551603,6.790710308298248
3551702,1.5730443126582876
3551801,15.649452269170578
4121752,24.786218862312552
4122503,20.73613271124935
4100202,34.14717432132491
4128708,29.158769499927104
4100400,1.6660974167159555
4100459,118.90606420927466
4128559,23.65744026496333
4128500,10.316723408645414
3509304,18.87504718761797
4101309,26.928773394371884
4127882,22.168033695411214
4127858,16.61405549094534
4104253,6.724949562878279
4127601,11.706860220088972
4102109,7.630966461902401
4125605,4.282196766941441
4200200,18.16035594297648
4104501,10.444955086693128
4202107,6.697923643670461
4121901,15.446400988569664
4121802,18.788163457022076
4207007,3.49363285412336
4104709,13.931457230426304
4205902,2.825138078623593
3553104,31.645569620253166
4204608,0.9203399735862428
3553609,15.444015444015445
3556701,2.496536056221992
4204004,18.20830298616169
4122008,13.041210224308815
3554300,8.593649293172346
4203204,2.350038188120557
4202438,57.33944954128441
4122107,62.85355122564425
3541703,14.074595355383533
4120358,39.25417075564279
4305207,14.095426034251886
4317707,19.90049751243781
3525003,1.5828294659533382
4322533,16.909029421711192
4322525,56.899004267425326
4322301,25.60819462227913
4321501,5.119803399549457
4115739,62.38303181534623
4320800,6.44433703882713
4320305,39.161934599569214
3526001,9.60107532043589
4320107,8.076565844203046
3526803,2.8989708653428035
4106803,10.671789125446882
3527405,9.138261902586128
3527603,13.078733978550876
4116109,16.608536787908985
3524303,2.5755936743419356
5001904,8.57449088960343
4114906,22.69117313365101
4113908,14.638073629510357
4107652,1.9607074232383044
3522158,60.06006006006006
5103452,20.955574182732608
5007976,55.74136008918617
4113759,42.158516020236085
5007554,25.31645569620253
4107546,49.40711462450592
5003454,15.403573629081947
5005608,7.087172218284904
5005004,7.622532205198567
3523503,9.559772477415038
4114351,79.80845969672785
3524006,3.184054256284527
5003751,16.129032258064516
4318200,9.173891105912574
4117107,15.151515151515152
4305306,21.647364433380236
4316436,76.27765064836004
4312104,41.692724619553886
3537909,6.802258349772124
3538600,7.28279076542131
4311106,18.57872735717603
4310306,49.18839153959665
4310207,2.387660570173344
4310108,5.356186395286556
4309902,27.52924982794219
4309100,5.471207769115032
4308904,12.357884330202667
4308102,14.662756598240469
4119608,6.668000266720012
4306767,4.773041859577109
4306429,99.60159362549801
4105706,12.158054711246201
4312500,15.56783684906982
4313375,6.687844841999666
4313508,4.309044684793381
4315206,51.42710208279763
3533403,3.2810551873482514
4315958,87.10801393728222
3533908,3.627788862688192
4315800,17.43527155435446
4315404,17.13942925700574
3534609,6.0606060606060606
3535309,8.979885057471265
4313656,17.6522506619594
3535408,12.608750472828143
4314704,19.962072063080146
4118105,17.271157167530223
3536604,22.32392008036611
4313953,22.01915666629968
4313706,6.036642419486282
3509403,7.577766832114576
1100023,1.8261004537859626
3509254,7.019021548396153
2516706,13.11647429171039
2600708,5.208740266166628
2600807,8.70170553428472
2602506,26.70940170940171
2603603,23.33177788147457
2604700,10.948105977665865
2605509,16.433853738701725
2607208,2.0477326480254736
2607604,7.498500299940011
2608008,11.609008590666358
2608453,10.957703265395574
2608701,12.256403971074887
2609154,9.184423218221895
2610608,3.512901129397713
3509106,33.63605785401951
2611200,17.691287041132245
2613404,9.26526452330214
2614857,8.466325191550608
2615003,6.866481271672331
2615102,27.78549597110308
2616100,20.935831675913327
2700201,11.411617026132602
2700508,12.447099825740603
2701803,21.836445026749647
2702207,34.106412005457024
2702801,15.616459748574998
2703106,7.808534728458206
2703304,10.874293170943888
2704609,22.21235006663705
2705200,11.092008208086074
2600203,10.095911155981828
2516151,55.648302726766836
2706422,18.9771325552709
2515807,28.48597065945022
2407708,17.84439685938615
2409308,15.614021391209306
2410306,19.007793195210038
2410900,24.330900243309003
2411205,5.00150045013504
2412203,4.521204448865178
2413557,41.52823920265781
2413904,16.26412946247052
2500577,77.60962359332557
2501005,9.773737966085129
2501203,28.461647929415115
2503001,9.109542245502164
2506202,66.91201070592172
2506905,8.190343584913387
2507101,10.625298836529778
2507804,27.79708130646282
2508307,7.241916211029438
2509057,23.113371085172773
2509800,20.13693113169553
2510907,16.156393892883106
2511004,52.60389268805891
2512309,8.492929636077966
2512507,4.527037732859503
2513109,16.4866870002473
2514503,9.838162231295193
2514701,48.22763443453099
2514909,25.967281225655675
2515500,14.541224371092046
2515609,63.877355477483235
2705507,7.058906575371475
2706448,15.001500150015003
2405405,40.04004004004004
2915809,8.78966335589347
2916104,8.953753861306353
2916203,23.45765892563922
2918308,18.50481125092524
2918704,54.15651232060655
2919009,53.219797764768494
2919058,23.318176518596246
2920205,11.861692663543089
2920502,9.807286814102879
2921054,16.282667100871123
2922904,7.407956144899622
2923050,12.95085151848734
2925808,7.863799001297527
2926608,3.706723997331159
2927101,21.181952976064395
2927309,12.608750472828143
2927804,31.857279388340235
2928802,3.7545289004862115
2929206,4.969561436203255
2929404,17.088174982911827
2929602,11.488310643919812
2929701,11.559357299734135
2930774,8.608444884431627
2931905,3.9371628804283634
2932804,10.38637307852098
2933109,21.71552660152009
3101904,10.02104419280489
3102308,13.184784758388817
3102605,4.831384674847811
3103108,126.0239445494644
2915908,31.075201988812925
2915007,12.414649286157667
2706604,26.455026455026456
2913507,7.417572228609576
2708709,24.95944090852365
2709103,9.964129135113591
2800605,6.466214031684449
2801009,10.978153474585575
2802205,35.70790930191037
2802304,12.856775520699408
2803104,40.93327875562832
2804201,13.179571663920921
2804607,7.464079119238663
2805406,5.694436535504812
2806107,18.16860465116279
2901502,17.7038151721696
2902658,15.105740181268882
2902807,9.80776775205963
2903805,10.792725702876261
2904209,19.745285813012146
2904506,19.743336623889437
2904753,9.400263207369807
2905107,22.079929344226098
2905503,14.935404376073482
2907558,21.468441391155004
2908408,2.984495545640398
2909000,23.142791020597084
2909109,14.135274577708673
2909604,9.450455984501252
2909901,5.7329587800263715
2910305,24.61235540241201
2910750,11.207621182404035
2913457,15.277671682835535
2406304,26.371308016877634
2404705,12.799180852425446
3105301,34.614053305642095
1506708,2.6874857227320983
1507409,12.554927809165097
1507508,14.233862358550994
1507607,3.353903944191038
1508035,6.398566721054483
1508407,4.435966818968194
1701903,27.95248078266946
1707009,8.919015340706386
1707306,42.680324370465215
1708205,10.870155986738409
1711506,51.5729757607014
1712405,53.576212161800164
1715754,26.05523710265763
1718808,41.71881518564873
1718840,59.29439667951378
1720937,92.33610341643582
1722107,17.36111111111111
2100204,9.044862518089724
2100873,12.860909266285125
2100907,4.2761540270680545
2101004,6.681812107443538
2101103,16.416317819912994
2101301,10.721561059290233
2101806,35.4735721887194
2102036,5.785865131483785
2102077,12.166930283489474
2103604,3.0513853289393387
2104081,19.120458891013385
2104503,18.37222120154327
2104909,16.67083437526048
1507102,11.032048099729714
1506195,3.883495145631068
2106003,16.78133915086424
1505486,4.131036477052093
1100114,3.874467260751646
1100148,9.761335350675973
1100155,5.596440663737862
1100189,5.422846452102709
1100254,10.769479295676055
1100296,32.17503217503217
1100700,14.019346698443853
1101492,9.670712247957061
1101757,17.57932671178694
1200328,23.60439041661749
1300300,4.964010920824026
1300631,9.953715224207436
1300904,12.652622255962548
1301100,5.215395848544905
1302009,21.668472372697725
1302207,13.239772275916854
1302801,10.952302721647227
1303569,5.8640708379757225
1304203,3.3586914538095956
1304260,14.609203798392986
1500107,1.2572290671360322
1500503,5.869233478107759
1501105,6.384676775738228
1501907,6.796479423658545
1502608,16.4866870002473
1502905,4.928050463236744
1503408,16.861984655593965
1504059,6.614850339011079
1505031,7.762167197081425
2105203,17.56388864494599
2107803,5.712979890310786
2404507,12.52897325064211
2209351,43.084877208099954
2211100,4.487423994256098
2211209,9.235742322789195
2300101,16.873365392727578
2300150,13.301409949454643
2301505,25.497195308516066
2301802,31.730921783277807
2302503,4.0126800690180975
2302800,2.589197866500958
2303600,9.582674524459776
2304004,8.606222298721976
2304707,3.6388777700957022
2305209,9.973570039395602
2305266,14.95998204802154
2305407,2.9341862034564716
2305902,5.247415647793462
2306009,13.96063102052213
2308203,13.17089232795522
2308351,15.218383807639627
2310704,5.277044854881266
2310951,18.1801654395055
2311207,18.008283810552857
2311264,9.44911650760654
2311306,2.2644671142763326
2311603,6.862005077883757
2311959,12.022843402464684
2313500,3.5529658382334652
2313906,14.372978799856272
2313955,10.827784093985166
2401008,5.575068294586608
2209872,32.98153034300791
2209153,49.59087527894867
2108306,5.163822261237769
2208809,11.124089215195506
2109007,8.301510874979247
2109106,4.163544008660171
2109502,9.83574309039048
2110039,7.883016041937645
2110104,7.762769756249029
2111102,7.693491306354824
2111573,42.69854824935952
2111706,8.94854586129754
2111805,11.013215859030838
2201002,42.3728813559322
2201150,17.136492160054836
2201408,28.461647929415115
2201960,23.960704444710675
2202026,24.20135527589545
2202075,55.97537083683179
2202083,26.062027625749284
2202539,33.955857385398986
2202554,39.33136676499508
2202604,10.14455997971088
2202729,32.425421530479895
2203404,28.89338341519792
2204352,36.63003663003663
2205003,17.31451822353043
2205102,18.135654697134566
2205516,36.46308113035552
2205532,41.86728072011723
2206670,29.364263691087945
2207801,9.73046608932568
2208601,63.492063492063494
3104205,4.952947003467063
2611002,5.419907319584835
3140704,6.376737661012626
3161908,18.150467374534895
3122454,17.839621800017838
3149309,3.0906168871306714
3149606,45.12635379061372
3122405,33.19502074688796
3149903,9.308820107051432
3150109,73.17965605561653
3121308,39.769337840524955
3170578,30.91190108191654
3120508,19.557989438685702
3145372,37.56574004507889
3170909,10.36001036001036
3151305,18.589088205223533
3160306,17.23543605653223
3204708,5.191838429988059
3305158,9.125752874612155
3120003,73.31378299120234
3159902,10.74517810132703
3131901,3.8134462113411893
3305307,21.30606157451795
3118007,3.6160480211177206
3117702,14.615609470914936
3204609,8.430281571404485
3305604,9.18526683200147
3300258,6.537443205962148
3204054,7.581213752321746
3200102,6.567066163191595
3157708,14.03016485443704
3131802,17.277125086385624
3147956,33.32222592469177
3133006,12.727504136438844
3140852,17.761989342806395
3300803,3.37251066556498
3166709,22.95420635831516
3301850,3.2579657262005606
3128709,3.8403932562694423
3300233,5.800968761783218
3164100,38.446751249519416
3129608,23.705108450871165
3145851,42.89084280506112
3300159,16.805310478111082
3302304,27.300027300027303
3127800,12.586532410320956
3205176,14.211610886093938
3205150,21.635655560363478
3127305,29.455081001472752
3126752,37.467216185837394
3145505,71.1997152011392
3126604,38.15337657382678
3125606,26.652452025586353
3304003,6.769334912844814
3124203,7.961149590000796
3130200,18.173557473875512
3205069,7.768498737618955
3162559,17.132088401576155
3162450,15.238095238095237
3304151,7.959882193743533
3147402,8.097165991902834
3123908,13.003901170351105
3157377,48.69734599464329
3159209,22.411474675033617
3133501,9.190754101374019
3107703,32.61046796021523
3113206,7.791499474073786
3202652,14.786337424220019
3154200,17.33102253032929
3142007,14.684287812041116
3111002,9.499382540134892
3154150,27.773920288848768
3135902,41.84100418410041
3110509,9.173891105912574
3109501,14.209591474245116
3152204,5.282062117050496
3200706,16.522098306484924
3109253,50.21340697966357
3507100,7.6967481239176445
3153905,12.173595471422484
3135456,25.84647195657793
3507407,12.373174956693887
3152402,12.036591237361579
3107307,3.9796243234638653
3153400,10.19004432669282
3201001,13.252054068380598
3105400,6.085316132173066
3141207,53.46164127238706
3201704,15.617679212868968
3508504,2.1048643414931907
3508603,5.955748786516185
3508900,47.69854519437157
3509007,1.9459985405010947
3201407,5.298434312660609
3506359,3.090091621216569
3128204,19.389238972370336
3200136,20.766275568476793
3114402,9.40379913485048
3114501,10.225471649879852
3115458,31.9642000958926
3114808,44.83299708585519
3115508,9.254974548819991
3134905,7.614986293024673
3135050,5.077688636132833
3157302,45.38234626730202
3115706,28.38489923360772
3502507,5.5271521348625114
3503307,1.4759494044544152
3143401,8.323276041449914
3116001,35.0938761186173
3200300,13.664935774801858
3143500,22.44668911335578
3523305,5.6824639163541315
2112456,3.865780114427091
5007695,3.6736343264391462
3166808,8.570449091532396
5001003,3.8359737619394685
2201903,3.939023909875133
2201804,22.197558268590456
5000906,11.086474501108647
3201159,8.04699444757383
2203255,22.426553038797937
2200202,5.724098454493418
2201988,25.987525987525988
3167004,51.12474437627812
3170503,9.666505558240695
2112704,1.7492303386509935
2112001,11.652295502213937
3523701,15.28350909368791
2201739,16.10305958132045
3167806,16.157699143641945
5006002,4.458314757021846
2202059,9.407337723424272
2202406,8.73743993010048
2202851,21.344717182497334
2112902,3.0431210249231615
5006408,13.121637580370031
3522802,6.590654451987082
5002159,12.758356723653993
2111607,5.268703898840886
2200103,19.489378288832587
3169604,3.9373178990471693
3105103,4.184450581638631
2204709,6.527841242900972
3529500,17.969451931716083
2306801,8.70170553428472
2306553,2.3688262465948124
4316709,12.643823492224048
2306504,4.8732943469785575
3155900,18.23154056517776
3156908,3.7916129521498445
2305357,4.985044865403788
3166006,17.283097131005878
3157203,3.1641564358941907
3529203,3.7554453958239447
2304285,1.8403666010269246
2304103,1.3305126465227053
3157336,11.542012927054477
2303659,9.637625289128758
2307205,12.300123001230011
4316303,14.712373105781962
2307254,4.9783442027181755
3155108,19.48178453146308
4315701,2.6133542401672547
2309102,9.139932364500503
4315305,4.423408678727828
2310803,6.123323740126141
4315156,16.02820964898221
3154101,9.505703422053232
4315073,76.45259938837921
3531407,3.941197335750601
4314803,2.6623359335480954
3531506,5.27203711514129
4314464,52.13764337851929
3532009,7.256367462448299
3532405,5.3481655792063325
2303006,4.389430251953296
4318408,4.096346059315091
3157807,0.45362994683457025
4321493,36.075036075036074
4323804,5.961251862891207
3164209,7.981482959533881
2205201,5.216484089723527
2205300,22.4870699347875
3163706,2.1644084671659236
2206209,2.9556941447698994
3525706,2.676229727559814
2206696,10.85894233901618
2206753,20.445716622367613
4322186,68.54009595613434
4322103,17.71793054571226
4322004,3.3494105037513395
2207405,19.857029388403493
3162575,16.897600540723214
2208874,22.281639928698752
3158607,25.119316754584275
3162104,2.7947012464367558
2209401,15.525539512498058
2209906,16.33453119895459
4320677,9.8405825624877
4320321,36.101083032490976
2210300,15.69612305760477
4320206,9.334453467749462
2210508,6.9812901424183185
2210607,2.8672190842102245
3160405,3.517782389981356
3160207,26.322716504343248
2301000,1.2355593995181318
4319109,18.587360594795538
2301208,3.768607499528924
3526209,3.159957024584466
5105150,2.433030826500572
2110302,6.886103842445944
3500550,16.36929120969062
5209804,28.506271379703534
3514601,9.977052778609199
1505007,6.4491164710434665
5210109,3.679988224037683
1502954,2.946375957572186
3305703,6.382842918235783
5211701,16.59751037344398
1400282,8.132726089785297
5211800,1.9478748685184466
3500600,28.401022436807725
3500808,23.90057361376673
3501004,6.171696599395174
1500206,1.7963318902800482
3502309,14.664906877841325
5209457,57.57052389176742
3304805,2.5833118057349522
1506302,4.153686396677051
1506351,4.662222015012355
1506583,4.576659038901602
3304508,10.702054794520548
5208608,1.4069644741470277
5208400,8.909479686386316
5208152,25.77319587628866
3304409,5.374899220639613
1507300,0.7567845737032496
3515202,11.87789523696401
1507458,4.0477636106051404
1507466,16.084928422068522
3515400,6.222775357809582
3515509,1.44088066626322
1507706,3.7072736709423886
1400704,9.268699601445917
1400159,7.9636855936927615
5007901,1.6879061524179257
1100502,12.006243246488173
1200344,10.437323870159691
3506508,0.8007495015334353
1200138,9.596928982725528
5219712,20.601565718994642
3507001,1.608492842206852
1101005,13.43183344526528
5220264,24.49779519843214
3512803,1.3610256689441163
5220405,4.765308553728854
1100320,4.333318888937036
3507902,4.059100503328462
3508306,23.568230025925054
1100098,3.0585716470408317
5222054,11.270145384875464
1200385,5.011275369581559
1200609,2.317443396445042
1200807,5.312367190820229
1300102,4.65614378171998
3511201,12.73074474856779
1300409,3.6182068167016426
1300706,2.8872527789807996
3505609,3.0138637733574445
3505302,2.7680894646514975
1301308,3.428414701042238
3512100,16.087516087516086
3504206,6.556087327083197
5214705,42.42681374628765
5214606,2.139952921035737
3503802,1.8070112034694616
1302900,1.5375153751537514
5214051,21.21790791427965
1507961,8.440955516164431
1507979,5.286250462546915
5205059,29.3513354857646
4314050,1.6990043834313093
2105807,9.200478424878094
5104609,7.378984651711924
2105609,6.173601679219657
5104906,11.832919181161992
2105427,3.836120914531226
3203304,6.450364445591176
2104404,5.572893446277307
1508001,1.561767921286897
3520301,3.226951498918971
2103505,2.420604182804028
2102606,4.9314528059966465
2102358,6.465377901338333
5106257,4.774637127578304
5106265,10.680337498664958
3203056,3.221753278133961
2106102,8.18732601932209
2106607,2.9461155466517397
2107456,6.740361283364789
2107605,5.055356149840756
3203007,3.4141345168999657
5103007,5.140595280933533
5102702,4.578335317278638
3202553,11.287955751213454
2109056,16.79261125104954
5101704,2.8322995439997736
5101407,4.402571101523289
5101258,5.89935697009026
3202256,7.763975155279503
2109452,3.2074927029541005
3202207,4.5562238017131405
2109809,2.353882729562413
2102101,2.7284385146380727
3520103,3.2664793885150583
5106703,64.51612903225806
1712504,19.03311762466692
5204854,12.594458438287154
3515657,57.90387955993051
3304128,6.927606511950121
5204300,6.146281499692686
1703701,18.11922449719152
1703909,18.375597206909227
1705557,20.57189878625797
5202353,39.43217665615142
1707207,13.917884481558804
3303807,2.2893772893772892
1709302,3.82189948404357
1710508,13.419216317767042
3302106,4.306261303935923
3516903,9.206407659731171
5200506,50.35246727089628
3519600,1.6501650165016502
3301876,3.4677671047612444
1716307,20.546537908362442
1716604,8.4224711530363
3301405,4.273869561500983
3301108,4.958349861166204
2100477,3.130576339104029
2100832,5.742835812324126
3300225,7.893282816323309
2100956,3.0521303870101333
5107792,18.747656542932134
5107750,30.349013657056144
2101772,8.8660342228921
5107248,21.91540653079115
5106802,18.646280067126607
2312700,3.928346951602766
3151701,5.936127270568681
4314035,25.89331952356292
3549607,24.131274131274132
3124401,21.231422505307858
2804003,5.790052689479474
3127602,8.461668641056017
2801702,5.546619335515003
2800670,3.7176103200862487
3549706,1.8140918656120748
4122701,14.511681903932667
2807105,2.462690242821258
2708907,7.175660160734788
3128006,2.8924305093570126
4124020,9.904912836767037
4124053,4.2195873243596775
2708402,3.085943527233452
2707404,12.98532658096351
2806305,7.081651441116069
2807501,7.388252678241596
4124806,9.822217856792063
3123809,13.810247203424941
4117909,3.113228106223343
4118006,7.131141695785495
2903904,1.4355028566506847
2903300,18.355359765051393
3122470,27.359781121751027
4118709,13.53729524840937
4119103,7.762769756249029
4120408,18.688095683049898
2902005,7.665772326561901
2901601,5.13373376456697
2901403,7.1746305065289135
4119954,3.5823034210997675
2901106,3.992334717342702
2900504,9.469696969696969
2707206,6.9357747260368985
4125001,9.94431185361973
3122355,14.560279557367503
4201257,9.218289085545722
4128625,37.243947858473
2701605,5.6436593487217115
2701100,9.560229445506693
4200408,13.982102908277405
2700706,5.453157378121933
4200804,17.995321216483713
2700607,11.936022917164001
3131604,14.230823964707557
3546504,17.895490336435216
2616209,4.772358499570488
3132206,7.443245254931149
2615805,3.629632318246162
2615409,2.166190104843601
2615201,9.798157946306095
2702009,9.39584703561026
2702702,20.924879681941828
3128105,7.013606396409034
2705002,3.967151981592415
3128402,11.213276519398969
4125902,43.6871996505024
2706208,19.85308715505261
4126652,34.129692832764505
4126900,18.198362147406733
3129509,3.9435286694534266
2704500,3.0273674013078224
4128005,4.782629489693433
2704401,5.034232782923882
2703908,24.172105390379503
4127809,12.80901754835404
2703601,11.900511722004047
3130101,2.2822192299792317
3131158,5.327934359848687
4117271,18.355359765051393
3121407,13.783597518952446
2614303,8.873114463176575
3112802,11.54334526145677
3109709,8.636324380343726
3110103,18.047283883775492
3110608,3.354128932716174
2928059,8.0327737167644
3556800,5.258452963138245
3112000,6.716818914562064
2925956,4.41832722131401
2929750,8.261049153242462
4108320,16.68613382279326
2923357,5.710696133858717
3114204,4.406645220993258
4108908,15.130882130428205
3556305,3.7282827529639846
4109401,0.5475131950680011
4106209,5.308700960874874
4100608,6.729927989770509
2922656,7.596475235490732
4101705,7.142857142857143
4102901,6.097560975609756
4103057,13.26259946949602
3105004,12.815583749839805
4103503,11.619800139437602
4101804,0.6839290355232741
3104106,9.188642837452909
3102803,8.192692118630182
3107802,6.728569506122998
3102704,10.590976488032197
3102407,27.739251040221912
3106309,3.704526931910795
3101300,37.5234521575985
3100609,7.3948088441913775
2933406,10.702054794520548
2922730,12.786088735455825
2920452,7.2811999417504
2905305,5.4016096796845465
2908705,5.821399464431249
2911105,3.86742468190432
4113734,13.812154696132598
3118403,4.357488343718681
3119104,4.225114078080108
2909406,7.262691553489724
3119955,15.669069257286116
4115358,17.914725904693658
2912004,11.072970878086592
4115408,6.950719399457844
4115606,5.5227260175622686
3552304,12.939958592132506
3120151,14.792899408284024
4115754,9.25925925925926
4115903,45.537340619307834
4113601,20.751193193608636
3117108,9.688044952528578
3555901,86.73026886383347
2918555,17.337031900138697
2919959,36.1794500723589
2919926,4.665920119447555
3555406,1.0890399024220248
4111407,7.160759040458288
3115359,18.446781036709094
4111704,18.857250612860643
3554953,14.332807797047442
3116407,20.605810838656502
2915205,6.91945751453086
3116308,14.708045300779526
2914307,12.19958521410272
4112801,8.327088017320342
2914208,13.738150844896277
4113007,14.2025280499929
3546306,2.8787747934479087
3134004,6.656903208627346
4314027,13.118194936376755
3151404,3.54421407052986
4305702,14.795088030773783
4306007,7.4867110878191205
3535507,2.1765153988464467
4306304,21.114864864864867
2409605,41.01722723543889
4306502,6.4570284754955765
2408904,4.641448131817127
2411007,22.411474675033617
4306809,4.370629370629371
2408706,26.666666666666668
2407906,47.98464491362764
4307609,1.973476476160404
4307708,1.2007829104576184
3535002,7.6202087937209475
4305504,21.190930281839375
3151008,11.574074074074074
2406601,12.05254911413764
4302907,8.049585446349512
3146750,18.695083193120208
2507002,4.0277106492669565
3147006,1.065393876116
4302600,30.202355783751134
4302709,4.772814051164567
2506608,16.940538709130948
2505709,9.603380389897243
2500502,6.868131868131868
2505279,19.164430816404753
2504900,5.727048851726705
2502508,5.595970900951316
4304200,3.182584895452086
3537206,8.755800717975658
3148301,10.434056761268781
2406809,20.995171110644552
4308607,2.821670428893905
2508000,10.15331505736623
2400307,9.067005168192946
2401701,9.739943508327652
4311700,18.426386585590567
4311809,2.229256765794284
2401453,3.4786238564024075
4312252,12.341108231519192
2401404,10.727311735679038
4312906,9.995002498750624
4311304,3.5999712002303985
4313201,4.643387815750371
2313807,4.537205081669691
2313708,12.926577042399174
2313609,2.8533112677261965
3532801,14.14827391058291
2313401,1.3065576126579301
2401859,15.241579027587258
4311205,5.201831044527674
4308805,11.96029183112068
4309506,13.399437223636607
3151503,2.8638524543215533
2406007,16.818028927009756
2405702,8.067118425298483
4309258,67.11409395973153
4309308,1.0179256710674986
4309407,3.850893407270487
4102406,3.2039985902406207
2403301,17.642907551164434
2405207,19.054878048780488
2405108,14.507471347744088
3151909,11.963153487259241
2404606,7.193727069994964
3152006,3.1215857655689088
2404101,35.149384885764505
3146701,15.126304643775526
3146008,2.959367879021041
2612703,7.030865499542994
2602308,2.6235013248681693
3139805,7.751337105650724
2606507,5.197235070942258
3140001,1.6316407779663231
2604403,7.376807317792859
2603405,17.400382808421785
2602704,7.581501137225171
2602209,2.5010629517544958
3138807,5.4773511529824175
2602001,2.605659492417531
2601102,1.1783559577677225
3141900,25.687130747495505
2600401,2.696726174424249
3142809,4.708984742889434
2517001,10.089799212995661
2607406,20.13693113169553
4207759,25.393600812595224
3540754,3.979307600477517
4205308,9.390553103577801
4204194,33.266799733865604
2611903,4.232266802099204
3134707,8.114907084313884
3543600,27.47252747252747
4205159,24.301336573511545
4205175,31.075201988812925
2608750,3.8686216101203144
4207650,11.05583195135434
2608602,7.562008469449486
4206306,4.101386268558773
4206603,19.312475859405176
2608305,6.701514542286557
3138625,13.176966662274344
2607703,7.378440197742197
4211892,42.444821731748725
4212809,4.2066296483257615
4301503,15.14692517418964
2510204,16.89189189189189
4219101,28.003360403248394
2511905,5.188067444876784
2511400,5.3418803418803416
3145877,12.377769525931427
3538303,27.03433360367667
2510501,25.246149962130776
3538204,6.498570314530802
3539103,5.214308061320263
2509370,34.176349965823654
3538105,5.808550185873606
4300901,16.157699143641945
4301008,4.769399532598846
4301206,7.455453664355477
2508604,7.567731194187982
4218905,8.870753126940478
2513158,15.288182235132243
4213203,2.940311673037342
4215703,4.241061961915263
4213609,2.813493514897448
2516102,6.621639517944644
2515971,12.795905310300704
3540606,1.8725890416089284
3143708,31.71582619727244
3144656,9.68429207824908
4216107,10.5999576001696
4218251,12.59287243420224
4216206,1.8606035798012874
3145109,5.94106463878327
4216701,7.23589001447178
4217253,16.849199663016005
4217501,5.689576695493855
2513802,21.920210434020166
3125101,2.706286704013423
