ano,cod_municipio,abandono_ef
2022,1100015,0.7
2022,1100023,1.5
2022,1100031,0.0
2022,1100049,0.3
2022,1100056,0.4
2022,1100064,0.3
2022,1100072,0.3
2022,1100080,1.3
2022,1100098,0.4
2022,1100106,1.4
2022,1100114,0.5
2022,1100122,0.4
2022,1100130,2.4
2022,1100148,0.0
2022,1100155,0.6
2022,1100189,1.1
2022,1100205,1.5
2022,1100254,0.0
2022,1100262,0.8
2022,1100288,0.2
2022,1100296,0.1
2022,1100304,0.5
2022,1100320,0.0
2022,1100338,2.9
2022,1100346,0.0
2022,1100379,2.1
2022,1100403,1.5
2022,1100452,1.3
2022,1100502,0.1
2022,1100601,1.1
2022,1100700,2.9
2022,1100809,3.1
2022,1100908,0.0
2022,1100924,0.4
2022,1100940,1.8
2022,1101005,1.1
2022,1101104,0.5
2022,1101203,0.4
2022,1101302,0.7
2022,1101401,1.0
2022,1101435,0.8
2022,1101450,0.4
2022,1101468,0.3
2022,1101476,0.0
2022,1101484,1.0
2022,1101492,1.2
2022,1101500,0.1
2022,1101559,0.3
2022,1101609,0.1
2022,1101708,0.4
2022,1101757,1.1
2022,1101807,1.2
2022,1200013,3.0
2022,1200054,11.5
2022,1200104,1.3
2022,1200138,3.9
2022,1200179,3.1
2022,1200203,2.0
2022,1200252,1.5
2022,1200302,3.0
2022,1200328,1.2
2022,1200336,3.9
2022,1200344,1.6
2022,1200351,6.8
2022,1200385,2.8
2022,1200393,1.1
2022,1200401,1.2
2022,1200427,2.7
2022,1200435,0.8
2022,1200450,1.6
2022,1200500,6.2
2022,1200609,5.5
2022,1200708,6.5
2022,1200807,4.8
2022,1300029,6.1
2022,1300060,2.3
2022,1300086,1.0
2022,1300102,2.6
2022,1300144,5.3
2022,1300201,2.6
2022,1300300,4.6
2022,1300409,5.7
2022,1300508,2.9
2022,1300607,2.7
2022,1300631,7.3
2022,1300680,2.5
2022,1300706,2.3
2022,1300805,4.1
2022,1300839,5.2
2022,1300904,6.2
2022,1301001,1.4
2022,1301100,1.9
2022,1301159,2.0
2022,1301209,2.4
2022,1301308,4.6
2022,1301407,2.6
2022,1301506,5.6
2022,1301605,11.2
2022,1301654,4.8
2022,1301704,2.1
2022,1301803,3.9
2022,1301852,5.2
2022,1301902,1.8
2022,1301951,2.7
2022,1302009,2.8
2022,1302108,12.4
2022,1302207,1.3
2022,1302306,7.9
2022,1302405,5.8
2022,1302504,1.2
2022,1302553,1.4
2022,1302603,1.2
2022,1302702,4.7
2022,1302801,6.4
2022,1302900,3.7
2022,1303007,1.7
2022,1303106,2.6
2022,1303205,3.0
2022,1303304,4.0
2022,1303403,1.1
2022,1303502,5.6
2022,1303536,2.7
2022,1303569,2.4
2022,1303601,2.2
2022,1303700,2.6
2022,1303809,6.4
2022,1303908,3.6
2022,1303957,0.7
2022,1304005,0.8
2022,1304062,2.0
2022,1304104,5.5
2022,1304203,3.1
2022,1304237,1.7
2022,1304260,4.9
2022,1304302,0.9
2022,1304401,1.9
2022,1400027,3.9
2022,1400050,1.8
2022,1400100,1.2
2022,1400159,3.3
2022,1400175,2.0
2022,1400209,2.5
2022,1400233,3.8
2022,1400282,4.7
2022,1400308,1.8
2022,1400407,2.2
2022,1400456,4.7
2022,1400472,1.7
2022,1400506,1.0
2022,1400605,1.1
2022,1400704,4.3
2022,1500107,1.7
2022,1500131,1.4
2022,1500206,5.0
2022,1500305,6.8
2022,1500347,2.7
2022,1500404,4.5
2022,1500503,7.3
2022,1500602,0.8
2022,1500701,5.8
2022,1500800,0.7
2022,1500859,6.2
2022,1500909,3.4
2022,1500958,1.9
2022,1501006,4.2
2022,1501105,8.3
2022,1501204,6.3
2022,1501253,5.0
2022,1501303,1.9
2022,1501402,1.6
2022,1501451,0.0
2022,1501501,0.4
2022,1501576,3.8
2022,1501600,4.6
2022,1501709,3.3
2022,1501725,0.7
2022,1501758,3.1
2022,1501782,4.3
2022,1501808,6.9
2022,1501907,2.9
2022,1501956,3.8
2022,1502004,4.0
2022,1502103,5.9
2022,1502152,0.4
2022,1502202,1.1
2022,1502301,3.9
2022,1502400,1.4
2022,1502509,5.5
2022,1502608,1.0
2022,1502707,2.9
2022,1502756,3.5
2022,1502764,2.9
2022,1502772,1.5
2022,1502806,6.5
2022,1502855,2.8
2022,1502905,2.3
2022,1502939,2.6
2022,1502954,1.5
2022,1503002,2.5
2022,1503044,4.2
2022,1503077,4.0
2022,1503093,5.4
2022,1503101,9.7
2022,1503200,2.8
2022,1503309,2.2
2022,1503408,2.4
2022,1503457,2.7
2022,1503507,1.1
2022,1503606,1.8
2022,1503705,6.5
2022,1503754,4.1
2022,1503804,2.5
2022,1503903,0.8
2022,1504000,4.8
2022,1504059,2.9
2022,1504109,2.1
2022,1504208,1.4
2022,1504307,4.0
2022,1504406,3.5
2022,1504422,1.3
2022,1504455,6.2
2022,1504505,7.3
2022,1504604,3.4
2022,1504703,2.9
2022,1504752,1.1
2022,1504802,3.6
2022,1504901,2.8
2022,1504950,4.5
2022,1504976,4.8
2022,1505007,2.6
2022,1505031,2.5
2022,1505064,4.5
2022,1505106,3.4
2022,1505205,5.1
2022,1505304,2.7
2022,1505403,1.2
2022,1505437,3.7
2022,1505486,5.4
2022,1505494,4.7
2022,1505502,1.8
2022,1505536,1.6
2022,1505551,5.6
2022,1505601,2.3
2022,1505635,1.5
2022,1505650,0.0
2022,1505700,3.9
2022,1505809,9.5
2022,1505908,11.2
2022,1506005,2.2
2022,1506104,0.3
2022,1506112,4.6
2022,1506138,1.1
2022,1506161,4.0
2022,1506187,3.9
2022,1506195,5.2
2022,1506203,1.8
2022,1506302,3.8
2022,1506351,1.4
2022,1506401,3.7
2022,1506500,2.7
2022,1506559,3.5
2022,1506583,4.4
2022,1506609,3.7
2022,1506708,10.6
2022,1506807,0.4
2022,1506906,3.2
2022,1507003,3.1
2022,1507102,5.5
2022,1507151,4.4
2022,1507201,3.7
2022,1507300,8.8
2022,1507409,3.5
2022,1507458,1.7
2022,1507466,2.4
2022,1507474,3.1
2022,1507508,4.6
2022,1507607,2.2
2022,1507706,3.7
2022,1507755,8.5
2022,1507805,6.5
2022,1507904,3.5
2022,1507953,3.7
2022,1507961,3.9
2022,1507979,0.6
2022,1508001,2.6
2022,1508035,2.8
2022,1508050,5.2
2022,1508084,3.5
2022,1508100,2.9
2022,1508126,0.3
2022,1508159,3.2
2022,1508209,2.7
2022,1508308,4.7
2022,1508357,0.5
2022,1508407,3.3
2022,1600055,0.5
2022,1600105,1.5
2022,1600154,1.3
2022,1600204,4.2
2022,1600212,2.9
2022,1600238,1.8
2022,1600253,2.1
2022,1600279,2.9
2022,1600303,1.5
2022,1600402,2.3
2022,1600501,3.1
2022,1600535,2.4
2022,1600550,1.4
2022,1600600,1.1
2022,1600709,2.7
2022,1600808,3.7
2022,1700251,0.0
2022,1700301,0.1
2022,1700350,0.0
2022,1700400,0.4
2022,1700707,0.0
2022,1701002,0.0
2022,1701051,0.8
2022,1701101,0.7
2022,1701309,0.5
2022,1701903,0.5
2022,1702000,0.2
2022,1702109,0.2
2022,1702158,0.3
2022,1702208,0.2
2022,1702307,0.0
2022,1702406,0.5
2022,1702554,0.0
2022,1702703,1.4
2022,1702901,2.2
2022,1703008,0.4
2022,1703057,0.4
2022,1703073,0.4
2022,1703107,0.3
2022,1703206,0.1
2022,1703305,0.5
2022,1703602,0.0
2022,1703701,0.8
2022,1703800,0.8
2022,1703826,1.7
2022,1703842,1.5
2022,1703867,0.2
2022,1703883,0.3
2022,1703891,0.2
2022,1703909,0.6
2022,1704105,0.0
2022,1704600,0.4
2022,1705102,1.7
2022,1705508,0.3
2022,1705557,0.3
2022,1705607,3.8
2022,1706001,0.6
2022,1706100,2.1
2022,1706258,1.2
2022,1706506,2.3
2022,1707009,0.9
2022,1707108,0.7
2022,1707207,0.8
2022,1707306,0.0
2022,1707405,0.9
2022,1707553,0.4
2022,1707652,0.5
2022,1707702,1.0
2022,1708205,1.2
2022,1708254,0.0
2022,1708304,0.0
2022,1709005,1.1
2022,1709302,0.6
2022,1709500,0.2
2022,1709807,0.8
2022,1710508,0.1
2022,1710706,0.2
2022,1710904,2.0
2022,1711100,0.0
2022,1711506,1.3
2022,1711803,0.3
2022,1711902,1.9
2022,1711951,0.4
2022,1712009,0.0
2022,1712157,0.0
2022,1712405,2.1
2022,1712454,0.2
2022,1712504,1.8
2022,1712702,1.6
2022,1712801,0.2
2022,1713205,0.8
2022,1713304,2.0
2022,1713601,0.6
2022,1713700,0.6
2022,1713809,1.1
2022,1713957,0.0
2022,1714203,0.1
2022,1714302,0.4
2022,1714880,0.3
2022,1715002,0.2
2022,1715101,0.3
2022,1715150,0.0
2022,1715259,1.0
2022,1715507,1.3
2022,1715705,2.6
2022,1715754,0.1
2022,1716109,0.5
2022,1716208,1.3
2022,1716307,0.1
2022,1716505,0.0
2022,1716604,0.6
2022,1716653,0.4
2022,1716703,0.6
2022,1717008,0.2
2022,1717206,0.0
2022,1717503,0.3
2022,1717800,1.5
2022,1717909,0.5
2022,1718006,2.6
2022,1718204,0.6
2022,1718303,1.6
2022,1718402,0.3
2022,1718451,0.3
2022,1718501,0.5
2022,1718550,1.7
2022,1718659,0.0
2022,1718709,2.6
2022,1718758,0.4
2022,1718808,1.1
2022,1718840,1.7
2022,1718865,0.8
2022,1718881,0.0
2022,1718899,0.6
2022,1718907,0.0
2022,1719004,0.7
2022,1720002,0.6
2022,1720101,0.1
2022,1720150,1.4
2022,1720200,0.2
2022,1720259,0.6
2022,1720309,1.0
2022,1720499,0.0
2022,1720655,0.7
2022,1720804,1.4
2022,1720853,0.8
2022,1720903,0.7
2022,1720937,1.4
2022,1720978,0.8
2022,1721000,0.3
2022,1721109,5.5
2022,1721208,2.8
2022,1721257,0.7
2022,1721307,0.7
2022,1722081,0.6
2022,1722107,0.2
2022,2100055,1.1
2022,2100105,4.3
2022,2100154,3.0
2022,2100204,2.3
2022,2100303,3.3
2022,2100402,3.1
2022,2100436,2.1
2022,2100477,0.2
2022,2100501,2.1
2022,2100550,4.5
2022,2100600,5.3
2022,2100709,2.9
2022,2100808,2.8
2022,2100832,2.8
2022,2100873,0.8
2022,2100907,5.5
2022,2100956,7.0
2022,2101004,0.7
2022,2101103,1.0
2022,2101202,0.4
2022,2101251,0.7
2022,2101301,0.8
2022,2101350,1.2
2022,2101400,0.7
2022,2101509,0.8
2022,2101608,2.3
2022,2101707,1.5
2022,2101731,3.0
2022,2101772,0.9
2022,2101806,2.2
2022,2101905,1.3
2022,2101939,3.5
2022,2101970,1.7
2022,2102002,3.5
2022,2102036,0.4
2022,2102077,0.2
2022,2102101,2.8
2022,2102150,3.6
2022,2102200,2.6
2022,2102309,1.4
2022,2102325,0.8
2022,2102358,3.1
2022,2102374,2.1
2022,2102408,1.1
2022,2102507,4.4
2022,2102556,0.9
2022,2102606,2.8
2022,2102705,3.4
2022,2102754,1.2
2022,2102804,3.1
2022,2102903,1.3
2022,2103000,2.2
2022,2103109,1.2
2022,2103125,1.5
2022,2103158,2.4
2022,2103174,3.8
2022,2103208,1.0
2022,2103257,1.6
2022,2103307,1.8
2022,2103406,1.6
2022,2103505,0.4
2022,2103554,0.0
2022,2103604,1.1
2022,2103703,3.6
2022,2103752,2.7
2022,2103802,1.1
2022,2103901,1.6
2022,2104008,1.6
2022,2104057,1.7
2022,2104073,1.4
2022,2104081,2.1
2022,2104099,0.4
2022,2104107,0.2
2022,2104206,1.3
2022,2104305,0.4
2022,2104404,1.1
2022,2104503,1.7
2022,2104552,0.9
2022,2104602,3.7
2022,2104628,0.3
2022,2104651,1.9
2022,2104677,2.4
2022,2104701,1.3
2022,2104800,0.5
2022,2104909,1.1
2022,2105005,1.0
2022,2105104,2.2
2022,2105153,1.7
2022,2105203,0.5
2022,2105302,0.9
2022,2105351,2.8
2022,2105401,2.3
2022,2105427,1.1
2022,2105450,3.5
2022,2105476,4.5
2022,2105500,1.4
2022,2105609,0.8
2022,2105658,0.7
2022,2105708,0.2
2022,2105807,0.0
2022,2105906,3.4
2022,2105922,0.5
2022,2105948,0.2
2022,2105963,2.1
2022,2105989,2.0
2022,2106003,0.6
2022,2106102,1.0
2022,2106201,2.1
2022,2106300,1.8
2022,2106326,6.0
2022,2106359,7.1
2022,2106375,0.5
2022,2106409,2.2
2022,2106508,1.8
2022,2106607,4.4
2022,2106631,2.9
2022,2106672,0.2
2022,2106706,2.1
2022,2106755,0.4
2022,2106805,1.8
2022,2106904,3.1
2022,2107001,4.0
2022,2107100,2.3
2022,2107209,1.0
2022,2107258,2.0
2022,2107308,4.0
2022,2107357,2.0
2022,2107407,2.3
2022,2107456,2.5
2022,2107506,0.2
2022,2107605,2.7
2022,2107704,3.8
2022,2107803,3.4
2022,2107902,2.6
2022,2108009,0.4
2022,2108058,1.1
2022,2108108,2.5
2022,2108207,1.1
2022,2108256,0.2
2022,2108306,1.8
2022,2108405,2.1
2022,2108454,3.0
2022,2108504,3.2
2022,2108603,1.8
2022,2108702,4.8
2022,2108801,2.4
2022,2108900,0.0
2022,2109007,0.1
2022,2109056,1.5
2022,2109106,1.7
2022,2109205,0.7
2022,2109239,1.4
2022,2109270,1.2
2022,2109304,2.5
2022,2109403,3.2
2022,2109452,0.8
2022,2109502,1.4
2022,2109551,2.7
2022,2109601,1.0
2022,2109700,0.3
2022,2109759,4.4
2022,2109809,7.7
2022,2109908,1.2
2022,2110005,1.0
2022,2110039,1.5
2022,2110104,0.2
2022,2110203,1.3
2022,2110237,1.4
2022,2110278,3.5
2022,2110302,0.7
2022,2110401,2.0
2022,2110500,1.4
2022,2110609,0.9
2022,2110658,0.0
2022,2110708,1.3
2022,2110807,4.3
2022,2110856,2.0
2022,2110906,2.6
2022,2111003,3.8
2022,2111029,4.0
2022,2111052,3.5
2022,2111078,2.0
2022,2111102,1.8
2022,2111201,0.7
2022,2111250,4.5
2022,2111300,1.3
2022,2111409,1.7
2022,2111508,2.0
2022,2111532,1.4
2022,2111573,0.9
2022,2111607,0.0
2022,2111631,3.3
2022,2111672,1.8
2022,2111706,1.4
2022,2111722,0.1
2022,2111748,4.1
2022,2111763,2.7
2022,2111789,0.8
2022,2111805,1.8
2022,2111904,2.5
2022,2111953,2.0
2022,2112001,1.6
2022,2112100,2.9
2022,2112209,0.7
2022,2112233,0.6
2022,2112274,1.9
2022,2112308,1.3
2022,2112407,2.0
2022,2112456,0.6
2022,2112506,2.1
2022,2112605,0.2
2022,2112704,0.0
2022,2112803,0.6
2022,2112852,1.8
2022,2112902,2.1
2022,2113009,1.4
2022,2114007,3.1
2022,2200053,1.3
2022,2200103,1.6
2022,2200202,0.2
2022,2200251,3.4
2022,2200277,1.2
2022,2200301,0.5
2022,2200400,0.8
2022,2200459,3.7
2022,2200509,0.8
2022,2200608,1.2
2022,2200707,1.2
2022,2200806,0.0
2022,2200905,0.0
2022,2200954,0.0
2022,2201002,0.2
2022,2201051,3.3
2022,2201101,4.9
2022,2201150,0.5
2022,2201176,1.3
2022,2201200,1.3
2022,2201309,4.4
2022,2201408,2.7
2022,2201507,1.3
2022,2201556,0.8
2022,2201572,0.0
2022,2201606,0.2
2022,2201705,2.2
2022,2201739,3.0
2022,2201770,0.3
2022,2201804,2.8
2022,2201903,0.4
2022,2201919,5.5
2022,2201929,2.0
2022,2201945,0.8
2022,2201960,1.2
2022,2201988,0.0
2022,2202000,1.7
2022,2202026,0.0
2022,2202059,0.1
2022,2202075,1.0
2022,2202083,1.1
2022,2202091,0.3
2022,2202109,3.8
2022,2202117,2.4
2022,2202133,0.0
2022,2202174,1.6
2022,2202208,0.5
2022,2202251,0.7
2022,2202307,2.2
2022,2202406,0.8
2022,2202455,2.1
2022,2202505,4.1
2022,2202539,1.2
2022,2202554,0.7
2022,2202604,0.0
2022,2202653,2.3
2022,2202703,0.2
2022,2202711,0.0
2022,2202729,2.1
2022,2202737,0.3
2022,2202752,1.6
2022,2202778,0.9
2022,2202802,0.3
2022,2202851,0.0
2022,2202901,2.8
2022,2203008,3.3
2022,2203107,0.9
2022,2203206,0.8
2022,2203230,0.1
2022,2203255,1.5
2022,2203271,1.2
2022,2203305,1.3
2022,2203354,0.0
2022,2203404,0.1
2022,2203420,0.0
2022,2203453,1.2
2022,2203503,0.8
2022,2203602,1.2
2022,2203701,2.2
2022,2203750,4.3
2022,2203800,1.4
2022,2203859,1.0
2022,2203909,1.2
2022,2204006,0.3
2022,2204105,0.8
2022,2204154,0.0
2022,2204204,2.0
2022,2204303,0.5
2022,2204352,2.6
2022,2204402,10.4
2022,2204501,0.0
2022,2204550,2.5
2022,2204600,0.0
2022,2204659,1.2
2022,2204709,0.2
2022,2204808,0.2
2022,2204907,0.7
2022,2205003,0.7
2022,2205102,4.7
2022,2205151,2.0
2022,2205201,0.0
2022,2205250,2.6
2022,2205276,0.2
2022,2205300,0.7
2022,2205359,1.0
2022,2205409,1.4
2022,2205458,1.4
2022,2205508,1.3
2022,2205516,1.0
2022,2205524,3.7
2022,2205532,0.0
2022,2205540,2.5
2022,2205557,0.9
2022,2205565,0.4
2022,2205573,2.0
2022,2205581,0.0
2022,2205599,0.8
2022,2205607,2.7
2022,2205706,1.3
2022,2205805,3.3
2022,2205854,0.9
2022,2205904,0.8
2022,2205953,3.2
2022,2206001,1.9
2022,2206050,1.7
2022,2206100,1.8
2022,2206209,0.7
2022,2206308,1.6
2022,2206357,1.9
2022,2206407,1.3
2022,2206506,0.0
2022,2206605,2.0
2022,2206654,3.7
2022,2206670,1.2
2022,2206696,3.8
2022,2206704,0.4
2022,2206720,1.0
2022,2206753,1.2
2022,2206803,3.7
2022,2206902,2.0
2022,2206951,1.2
2022,2207009,0.1
2022,2207108,0.3
2022,2207207,0.0
2022,2207306,3.3
2022,2207355,0.0
2022,2207405,6.2
2022,2207504,0.9
2022,2207553,1.9
2022,2207603,6.7
2022,2207702,3.2
2022,2207751,3.0
2022,2207777,0.7
2022,2207793,0.0
2022,2207801,0.5
2022,2207850,4.0
2022,2207900,0.9
2022,2207934,3.6
2022,2207959,2.1
2022,2208007,1.8
2022,2208106,1.6
2022,2208205,2.6
2022,2208304,0.1
2022,2208403,0.5
2022,2208502,1.1
2022,2208551,0.3
2022,2208601,0.8
2022,2208650,0.9
2022,2208700,2.7
2022,2208809,2.1
2022,2208858,3.4
2022,2208874,3.3
2022,2208908,1.3
2022,2209005,5.7
2022,2209104,0.2
2022,2209153,0.6
2022,2209203,0.7
2022,2209302,0.8
2022,2209351,1.1
2022,2209377,0.0
2022,2209401,4.0
2022,2209450,0.6
2022,2209500,0.0
2022,2209559,3.6
2022,2209609,0.9
2022,2209658,1.7
2022,2209708,0.6
2022,2209757,4.0
2022,2209807,1.5
2022,2209856,0.2
2022,2209872,1.6
2022,2209906,0.0
2022,2209955,1.0
2022,2209971,0.3
2022,2210003,1.3
2022,2210052,0.2
2022,2210102,1.5
2022,2210201,0.4
2022,2210300,2.5
2022,2210359,2.1
2022,2210375,0.0
2022,2210383,0.9
2022,2210391,3.0
2022,2210409,0.0
2022,2210508,0.4
2022,2210607,1.1
2022,2210623,4.0
2022,2210631,1.3
2022,2210656,2.0
2022,2210706,0.3
2022,2210805,0.0
2022,2210904,2.3
2022,2210938,1.6
2022,2210953,0.2
2022,2210979,2.6
2022,2211001,0.5
2022,2211100,2.5
2022,2211209,3.8
2022,2211308,0.9
2022,2211357,3.8
2022,2211407,0.4
2022,2211506,2.2
2022,2211605,0.0
2022,2211704,3.4
2022,2300101,0.1
2022,2300150,0.2
2022,2300200,0.2
2022,2300309,0.1
2022,2300408,0.6
2022,2300507,0.1
2022,2300606,0.0
2022,2300705,0.0
2022,2300754,0.6
2022,2300804,0.0
2022,2300903,0.5
2022,2301000,0.7
2022,2301109,0.9
2022,2301208,0.0
2022,2301257,0.0
2022,2301307,0.9
2022,2301406,0.3
2022,2301505,1.0
2022,2301604,0.4
2022,2301703,0.7
2022,2301802,1.7
2022,2301851,0.8
2022,2301901,0.2
2022,2301950,0.2
2022,2302008,1.3
2022,2302057,0.3
2022,2302107,0.1
2022,2302206,0.4
2022,2302305,0.2
2022,2302404,0.5
2022,2302503,0.0
2022,2302602,0.0
2022,2302701,0.3
2022,2302800,0.4
2022,2302909,0.7
2022,2303006,0.1
2022,2303105,0.0
2022,2303204,0.2
2022,2303303,0.1
2022,2303402,0.3
2022,2303501,0.1
2022,2303600,0.6
2022,2303659,0.1
2022,2303709,1.7
2022,2303808,0.0
2022,2303907,0.2
2022,2303931,0.5
2022,2303956,0.6
2022,2304004,0.0
2022,2304103,0.0
2022,2304202,0.1
2022,2304236,0.0
2022,2304251,0.0
2022,2304269,0.0
2022,2304277,1.3
2022,2304285,0.0
2022,2304301,0.0
2022,2304350,0.0
2022,2304400,0.4
2022,2304459,0.3
2022,2304509,0.0
2022,2304608,0.0
2022,2304657,0.0
2022,2304707,0.4
2022,2304806,0.4
2022,2304905,0.0
2022,2304954,0.3
2022,2305001,0.4
2022,2305100,0.0
2022,2305209,0.3
2022,2305233,0.1
2022,2305266,2.5
2022,2305308,0.5
2022,2305332,0.3
2022,2305357,0.5
2022,2305407,2.0
2022,2305506,0.1
2022,2305605,0.1
2022,2305654,0.3
2022,2305704,0.0
2022,2305803,0.5
2022,2305902,0.0
2022,2306009,0.0
2022,2306108,0.0
2022,2306207,0.0
2022,2306256,0.2
2022,2306306,0.2
2022,2306405,0.2
2022,2306504,0.0
2022,2306553,0.4
2022,2306603,0.0
2022,2306702,0.2
2022,2306801,0.7
2022,2306900,0.0
2022,2307007,0.0
2022,2307106,0.9
2022,2307205,0.3
2022,2307254,0.1
2022,2307304,0.4
2022,2307403,0.0
2022,2307502,1.7
2022,2307601,0.1
2022,2307635,0.4
2022,2307650,0.3
2022,2307700,0.3
2022,2307809,0.2
2022,2307908,0.3
2022,2308005,0.0
2022,2308104,0.2
2022,2308203,0.0
2022,2308302,0.1
2022,2308351,0.4
2022,2308377,0.2
2022,2308401,0.2
2022,2308500,1.3
2022,2308609,0.6
2022,2308708,0.4
2022,2308807,1.2
2022,2308906,0.4
2022,2309003,0.1
2022,2309102,0.1
2022,2309201,0.0
2022,2309300,0.1
2022,2309409,0.0
2022,2309458,0.0
2022,2309508,0.2
2022,2309607,0.6
2022,2309706,0.2
2022,2309805,0.1
2022,2309904,0.4
2022,2310001,0.0
2022,2310100,0.0
2022,2310209,0.0
2022,2310258,0.1
2022,2310308,1.1
2022,2310407,1.9
2022,2310506,0.0
2022,2310605,1.4
2022,2310704,0.1
2022,2310803,0.3
2022,2310852,0.1
2022,2310902,0.0
2022,2310951,0.0
2022,2311009,1.1
2022,2311108,0.0
2022,2311207,1.0
2022,2311231,0.1
2022,2311264,0.1
2022,2311306,0.2
2022,2311355,0.7
2022,2311405,0.0
2022,2311504,0.1
2022,2311603,0.2
2022,2311702,0.0
2022,2311801,0.0
2022,2311900,0.1
2022,2311959,0.4
2022,2312007,0.5
2022,2312106,0.8
2022,2312205,0.0
2022,2312304,0.4
2022,2312403,0.0
2022,2312502,0.0
2022,2312601,0.7
2022,2312700,0.0
2022,2312809,0.0
2022,2312908,0.0
2022,2313005,0.1
2022,2313104,0.3
2022,2313203,0.1
2022,2313252,0.6
2022,2313302,0.4
2022,2313351,0.2
2022,2313401,0.2
2022,2313500,0.1
2022,2313559,0.2
2022,2313609,0.0
2022,2313708,0.6
2022,2313757,0.5
2022,2313807,0.4
2022,2313906,0.1
2022,2313955,0.0
2022,2314003,0.0
2022,2314102,0.0
2022,2400109,0.5
2022,2400208,0.8
2022,2400307,3.5
2022,2400406,1.4
2022,2400505,5.6
2022,2400604,1.2
2022,2400703,0.5
2022,2400802,2.0
2022,2400901,5.6
2022,2401008,1.9
2022,2401107,1.4
2022,2401206,0.3
2022,2401305,5.1
2022,2401404,1.3
2022,2401453,6.0
2022,2401503,0.2
2022,2401602,7.3
2022,2401651,1.3
2022,2401701,1.8
2022,2401800,2.8
2022,2401859,5.5
2022,2401909,4.0
2022,2402006,1.1
2022,2402105,0.5
2022,2402204,3.1
2022,2402303,1.6
2022,2402402,0.2
2022,2402501,0.9
2022,2402600,2.3
2022,2402709,0.8
2022,2402808,1.3
2022,2402907,0.6
2022,2403004,0.0
2022,2403103,0.4
2022,2403202,0.7
2022,2403251,1.1
2022,2403301,2.7
2022,2403400,0.6
2022,2403509,6.1
2022,2403608,2.1
2022,2403707,1.7
2022,2403756,1.0
2022,2403806,0.1
2022,2403905,0.3
2022,2404002,5.1
2022,2404101,0.2
2022,2404200,1.7
2022,2404309,1.2
2022,2404408,2.4
2022,2404507,2.5
2022,2404606,3.5
2022,2404705,0.9
2022,2404804,0.5
2022,2404853,0.2
2022,2404903,3.2
2022,2405009,1.2
2022,2405108,0.4
2022,2405207,2.9
2022,2405306,2.6
2022,2405405,3.9
2022,2405504,5.0
2022,2405603,0.4
2022,2405702,0.1
2022,2405801,1.8
2022,2405900,3.2
2022,2406007,4.9
2022,2406106,0.4
2022,2406155,2.0
2022,2406205,2.2
2022,2406304,2.1
2022,2406403,2.5
2022,2406502,0.7
2022,2406601,3.6
2022,2406700,0.2
2022,2406809,4.1
2022,2406908,1.7
2022,2407005,2.0
2022,2407104,2.8
2022,2407203,3.0
2022,2407252,0.2
2022,2407302,2.6
2022,2407401,4.0
2022,2407500,4.2
2022,2407609,3.2
2022,2407708,1.5
2022,2407807,1.9
2022,2407906,0.0
2022,2408003,1.0
2022,2408102,2.5
2022,2408201,1.3
2022,2408300,3.0
2022,2408409,5.1
2022,2408508,0.2
2022,2408607,4.6
2022,2408706,6.9
2022,2408805,6.0
2022,2408904,1.1
2022,2408953,0.8
2022,2409100,2.3
2022,2409209,1.4
2022,2409308,0.4
2022,2409332,1.2
2022,2409407,1.4
2022,2409506,2.3
2022,2409605,3.4
2022,2409704,3.2
2022,2409803,0.1
2022,2409902,2.4
2022,2410009,3.8
2022,2410108,0.4
2022,2410207,1.0
2022,2410256,2.6
2022,2410306,0.4
2022,2410405,2.9
2022,2410504,5.4
2022,2410603,3.1
2022,2410702,0.0
2022,2410801,3.4
2022,2410900,2.6
2022,2411007,5.5
2022,2411056,2.9
2022,2411106,0.0
2022,2411205,2.1
2022,2411403,2.5
2022,2411429,1.6
2022,2411502,1.8
2022,2411601,0.6
2022,2411700,1.5
2022,2411809,0.0
2022,2411908,4.9
2022,2412005,1.6
2022,2412104,0.0
2022,2412203,3.8
2022,2412302,0.6
2022,2412401,0.4
2022,2412500,4.0
2022,2412559,3.6
2022,2412609,0.6
2022,2412708,4.8
2022,2412807,3.4
2022,2412906,0.4
2022,2413003,4.0
2022,2413102,1.9
2022,2413201,3.7
2022,2413300,2.5
2022,2413359,4.2
2022,2413409,2.6
2022,2413508,1.3
2022,2413557,4.4
2022,2413607,2.0
2022,2413706,0.3
2022,2413805,0.0
2022,2413904,2.6
2022,2414001,2.3
2022,2414100,6.6
2022,2414159,0.6
2022,2414209,2.7
2022,2414308,3.4
2022,2414407,2.2
2022,2414456,9.1
2022,2414506,2.1
2022,2414605,1.3
2022,2414704,0.7
2022,2414753,1.1
2022,2414803,1.1
2022,2414902,0.0
2022,2415008,11.4
2022,2500106,0.2
2022,2500205,2.5
2022,2500304,5.8
2022,2500403,2.0
2022,2500502,1.0
2022,2500536,5.1
2022,2500577,4.3
2022,2500601,1.2
2022,2500700,2.1
2022,2500734,0.0
2022,2500775,1.3
2022,2500809,7.1
2022,2500908,3.3
2022,2501005,1.9
2022,2501104,1.0
2022,2501153,0.9
2022,2501203,0.1
2022,2501302,0.3
2022,2501351,1.9
2022,2501401,3.8
2022,2501500,4.0
2022,2501534,1.7
2022,2501575,1.3
2022,2501609,1.9
2022,2501708,0.3
2022,2501807,3.7
2022,2501906,1.1
2022,2502003,3.1
2022,2502052,1.2
2022,2502102,1.0
2022,2502151,0.1
2022,2502201,0.5
2022,2502300,2.2
2022,2502409,0.5
2022,2502508,4.9
2022,2502607,1.9
2022,2502706,4.5
2022,2502805,0.5
2022,2502904,0.3
2022,2503001,2.5
2022,2503100,1.1
2022,2503209,2.5
2022,2503308,3.7
2022,2503407,1.9
2022,2503506,1.7
2022,2503555,3.7
2022,2503605,1.7
2022,2503704,2.4
2022,2503753,0.0
2022,2503803,2.0
2022,2503902,2.7
2022,2504009,1.1
2022,2504033,2.0
2022,2504074,2.7
2022,2504108,0.3
2022,2504157,1.3
2022,2504207,1.7
2022,2504306,3.6
2022,2504355,3.2
2022,2504405,3.0
2022,2504504,1.2
2022,2504603,1.7
2022,2504702,0.0
2022,2504801,1.9
2022,2504850,0.5
2022,2504900,3.6
2022,2505006,0.6
2022,2505105,0.8
2022,2505204,4.0
2022,2505238,7.3
2022,2505279,1.9
2022,2505303,4.5
2022,2505352,1.1
2022,2505402,2.0
2022,2505501,0.2
2022,2505600,3.0
2022,2505709,0.4
2022,2505808,1.9
2022,2505907,2.0
2022,2506004,0.9
2022,2506103,2.1
2022,2506202,0.5
2022,2506251,0.0
2022,2506301,2.8
2022,2506400,2.9
2022,2506509,2.6
2022,2506608,2.3
2022,2506707,1.7
2022,2506806,0.2
2022,2506905,2.0
2022,2507002,2.3
2022,2507101,1.8
2022,2507200,4.2
2022,2507309,3.9
2022,2507408,4.1
2022,2507507,1.9
2022,2507606,5.9
2022,2507705,1.9
2022,2507804,0.4
2022,2507903,1.2
2022,2508000,0.5
2022,2508109,5.6
2022,2508208,7.6
2022,2508307,1.5
2022,2508406,2.2
2022,2508505,4.7
2022,2508554,2.8
2022,2508604,2.5
2022,2508703,0.5
2022,2508802,3.1
2022,2508901,5.8
2022,2509008,2.0
2022,2509057,6.2
2022,2509107,6.5
2022,2509156,1.2
2022,2509206,0.9
2022,2509305,4.6
2022,2509339,0.8
2022,2509370,5.8
2022,2509396,3.6
2022,2509404,0.1
2022,2509503,1.2
2022,2509602,3.9
2022,2509701,0.1
2022,2509800,0.4
2022,2509909,0.5
2022,2510006,2.2
2022,2510105,1.7
2022,2510204,1.4
2022,2510303,1.0
2022,2510402,3.2
2022,2510501,0.8
2022,2510600,0.3
2022,2510659,0.9
2022,2510709,1.9
2022,2510808,1.7
2022,2510907,1.1
2022,2511004,1.5
2022,2511103,0.5
2022,2511202,1.8
2022,2511301,2.7
2022,2511400,0.6
2022,2511509,0.5
2022,2511608,4.5
2022,2511707,2.1
2022,2511806,3.4
2022,2511905,1.3
2022,2512002,2.6
2022,2512036,3.3
2022,2512077,1.3
2022,2512101,0.8
2022,2512200,0.3
2022,2512309,0.6
2022,2512408,1.1
2022,2512507,0.6
2022,2512606,1.0
2022,2512705,3.6
2022,2512721,1.3
2022,2512747,0.0
2022,2512754,1.4
2022,2512762,3.4
2022,2512788,7.0
2022,2512804,3.0
2022,2512903,5.5
2022,2513000,2.7
2022,2513109,4.3
2022,2513158,1.4
2022,2513208,1.4
2022,2513307,2.7
2022,2513356,1.1
2022,2513406,0.4
2022,2513505,4.6
2022,2513604,3.1
2022,2513653,0.3
2022,2513703,5.3
2022,2513802,1.0
2022,2513851,0.0
2022,2513901,2.1
2022,2513927,0.2
2022,2513943,1.1
2022,2513968,3.2
2022,2513984,0.0
2022,2514008,0.2
2022,2514107,0.1
2022,2514206,3.9
2022,2514305,3.5
2022,2514404,0.6
2022,2514453,4.8
2022,2514503,3.6
2022,2514552,1.4
2022,2514602,1.9
2022,2514651,4.6
2022,2514701,0.0
2022,2514800,1.6
2022,2514909,1.4
2022,2515005,6.2
2022,2515104,3.3
2022,2515203,0.0
2022,2515302,3.3
2022,2515401,0.7
2022,2515500,1.6
2022,2515609,5.3
2022,2515708,2.4
2022,2515807,5.6
2022,2515906,4.8
2022,2515930,2.8
2022,2515971,2.1
2022,2516003,8.4
2022,2516102,0.4
2022,2516151,0.9
2022,2516201,1.6
2022,2516300,0.3
2022,2516409,2.2
2022,2516508,3.8
2022,2516607,0.9
2022,2516706,2.9
2022,2516755,3.8
2022,2516805,3.0
2022,2516904,3.3
2022,2517001,0.0
2022,2517100,1.0
2022,2517209,0.2
2022,2517407,0.0
2022,2600054,0.8
2022,2600104,0.8
2022,2600203,0.4
2022,2600302,0.1
2022,2600401,2.3
2022,2600500,2.2
2022,2600609,0.5
2022,2600708,0.7
2022,2600807,0.1
2022,2600906,0.5
2022,2601003,0.7
2022,2601052,0.3
2022,2601102,1.8
2022,2601201,0.1
2022,2601300,0.5
2022,2601409,0.6
2022,2601508,0.3
2022,2601607,0.8
2022,2601706,2.1
2022,2601805,0.4
2022,2601904,0.1
2022,2602001,3.4
2022,2602100,0.6
2022,2602209,0.0
2022,2602308,0.5
2022,2602407,0.0
2022,2602506,0.4
2022,2602605,1.3
2022,2602704,0.3
2022,2602803,0.5
2022,2602902,0.5
2022,2603009,0.6
2022,2603108,0.9
2022,2603207,1.2
2022,2603306,0.1
2022,2603405,0.0
2022,2603454,0.4
2022,2603504,0.2
2022,2603603,0.3
2022,2603702,0.1
2022,2603801,0.0
2022,2603900,0.4
2022,2603926,3.7
2022,2604007,1.1
2022,2604106,1.2
2022,2604155,0.2
2022,2604205,1.3
2022,2604304,1.1
2022,2604403,2.5
2022,2604502,0.6
2022,2604601,0.0
2022,2604700,1.0
2022,2604809,0.8
2022,2604908,1.9
2022,2605004,0.1
2022,2605103,0.1
2022,2605152,0.0
2022,2605202,1.6
2022,2605301,1.4
2022,2605400,0.0
2022,2605459,0.0
2022,2605509,0.0
2022,2605608,0.2
2022,2605707,1.9
2022,2605806,3.6
2022,2605905,1.4
2022,2606002,0.3
2022,2606101,0.3
2022,2606200,1.4
2022,2606309,1.7
2022,2606408,0.5
2022,2606507,0.0
2022,2606606,0.6
2022,2606705,0.0
2022,2606804,0.7
2022,2606903,0.1
2022,2607000,0.3
2022,2607109,2.6
2022,2607208,0.2
2022,2607307,1.1
2022,2607406,0.1
2022,2607505,0.0
2022,2607604,0.3
2022,2607653,3.1
2022,2607703,0.4
2022,2607752,0.4
2022,2607802,1.7
2022,2607901,0.4
2022,2607950,1.4
2022,2608008,2.7
2022,2608057,0.3
2022,2608107,0.6
2022,2608206,0.4
2022,2608255,1.0
2022,2608305,0.0
2022,2608404,0.0
2022,2608453,0.0
2022,2608503,2.1
2022,2608602,0.1
2022,2608701,1.8
2022,2608750,1.4
2022,2608800,1.9
2022,2608909,0.5
2022,2609006,0.6
2022,2609105,0.1
2022,2609154,0.0
2022,2609204,3.2
2022,2609303,0.1
2022,2609402,1.4
2022,2609501,0.1
2022,2609600,0.1
2022,2609709,0.2
2022,2609808,2.0
2022,2609907,3.1
2022,2610004,0.1
2022,2610103,1.5
2022,2610202,0.2
2022,2610301,1.0
2022,2610400,0.4
2022,2610509,0.2
2022,2610608,0.6
2022,2610707,1.3
2022,2610806,0.1
2022,2610905,1.0
2022,2611002,0.3
2022,2611101,0.3
2022,2611200,0.0
2022,2611309,3.9
2022,2611408,1.6
2022,2611507,2.5
2022,2611533,0.9
2022,2611606,0.5
2022,2611705,0.0
2022,2611804,1.2
2022,2611903,0.4
2022,2612000,1.9
2022,2612109,0.0
2022,2612208,0.2
2022,2612307,2.1
2022,2612406,0.3
2022,2612455,2.5
2022,2612471,0.8
2022,2612505,0.7
2022,2612554,1.8
2022,2612604,1.5
2022,2612703,2.2
2022,2612802,2.0
2022,2612901,2.1
2022,2613008,0.6
2022,2613107,0.4
2022,2613206,0.8
2022,2613305,1.6
2022,2613404,0.5
2022,2613503,1.2
2022,2613602,0.0
2022,2613701,1.4
2022,2613800,0.4
2022,2613909,0.1
2022,2614006,0.7
2022,2614105,0.5
2022,2614204,0.5
2022,2614303,0.3
2022,2614402,0.1
2022,2614501,0.4
2022,2614600,0.0
2022,2614709,1.5
2022,2614808,0.8
2022,2614857,1.7
2022,2615003,0.2
2022,2615102,0.1
2022,2615201,0.5
2022,2615300,0.1
2022,2615409,2.8
2022,2615508,0.5
2022,2615607,0.5
2022,2615706,0.0
2022,2615805,0.9
2022,2615904,0.4
2022,2616001,0.2
2022,2616100,0.1
2022,2616183,0.2
2022,2616209,4.3
2022,2616308,0.5
2022,2616407,2.3
2022,2616506,0.9
2022,2700102,1.7
2022,2700201,0.1
2022,2700300,1.4
2022,2700409,1.8
2022,2700508,2.4
2022,2700607,1.4
2022,2700706,0.7
2022,2700805,0.0
2022,2700904,0.1
2022,2701001,0.6
2022,2701100,0.0
2022,2701209,0.1
2022,2701308,4.7
2022,2701357,3.6
2022,2701407,0.0
2022,2701506,2.7
2022,2701605,1.2
2022,2701704,4.2
2022,2701803,0.3
2022,2701902,2.1
2022,2702009,0.0
2022,2702108,2.8
2022,2702207,0.3
2022,2702306,0.5
2022,2702355,4.8
2022,2702405,2.2
2022,2702504,0.8
2022,2702553,0.9
2022,2702603,3.4
2022,2702702,2.0
2022,2702801,0.2
2022,2702900,2.2
2022,2703007,3.8
2022,2703106,1.3
2022,2703205,2.5
2022,2703304,0.1
2022,2703403,0.0
2022,2703502,1.3
2022,2703601,2.2
2022,2703700,6.0
2022,2703759,0.7
2022,2703809,2.2
2022,2703908,1.1
2022,2704005,0.6
2022,2704104,2.0
2022,2704203,2.3
2022,2704302,2.1
2022,2704401,0.0
2022,2704500,1.0
2022,2704609,0.0
2022,2704708,0.4
2022,2704807,1.2
2022,2704906,2.1
2022,2705002,1.6
2022,2705101,0.3
2022,2705200,2.3
2022,2705309,0.0
2022,2705408,0.0
2022,2705507,0.0
2022,2705606,2.8
2022,2705705,3.9
2022,2705804,3.0
2022,2705903,5.9
2022,2706000,1.3
2022,2706109,2.1
2022,2706208,1.0
2022,2706307,0.5
2022,2706406,0.5
2022,2706422,1.8
2022,2706448,2.7
2022,2706505,1.8
2022,2706604,2.9
2022,2706703,0.4
2022,2706802,0.5
2022,2706901,2.6
2022,2707008,0.3
2022,2707107,0.4
2022,2707206,0.2
2022,2707305,2.6
2022,2707404,2.7
2022,2707503,3.5
2022,2707602,2.8
2022,2707701,1.2
2022,2707800,3.2
2022,2707909,1.9
2022,2708006,0.8
2022,2708105,0.0
2022,2708204,0.8
2022,2708303,0.3
2022,2708402,1.9
2022,2708501,0.7
2022,2708600,0.8
2022,2708709,1.2
2022,2708808,2.5
2022,2708907,2.8
2022,2708956,1.4
2022,2709004,1.2
2022,2709103,1.7
2022,2709152,0.0
2022,2709202,1.2
2022,2709301,0.8
2022,2709400,0.0
2022,2800100,2.2
2022,2800209,1.4
2022,2800308,0.6
2022,2800407,2.2
2022,2800506,3.5
2022,2800605,2.0
2022,2800670,2.3
2022,2800704,2.0
2022,2801009,2.5
2022,2801108,0.3
2022,2801207,4.3
2022,2801306,1.0
2022,2801405,3.1
2022,2801504,1.7
2022,2801603,1.2
2022,2801702,1.3
2022,2801900,2.3
2022,2802007,1.3
2022,2802106,1.8
2022,2802205,5.0
2022,2802304,3.1
2022,2802403,3.6
2022,2802502,0.6
2022,2802601,1.6
2022,2802700,6.0
2022,2802809,3.0
2022,2802908,2.2
2022,2803005,2.5
2022,2803104,4.9
2022,2803203,1.4
2022,2803302,0.3
2022,2803401,2.4
2022,2803500,1.8
2022,2803609,2.4
2022,2803708,0.4
2022,2803807,1.6
2022,2803906,1.3
2022,2804003,4.6
2022,2804102,0.6
2022,2804201,3.8
2022,2804300,1.1
2022,2804409,1.4
2022,2804458,1.0
2022,2804508,2.6
2022,2804607,2.5
2022,2804706,1.2
2022,2804805,1.7
2022,2804904,1.7
2022,2805000,0.5
2022,2805109,4.0
2022,2805208,3.9
2022,2805307,1.8
2022,2805406,4.0
2022,2805505,1.2
2022,2805604,2.3
2022,2805703,0.7
2022,2805802,2.7
2022,2805901,0.7
2022,2806008,1.2
2022,2806107,1.8
2022,2806206,1.7
2022,2806305,3.2
2022,2806404,2.5
2022,2806503,0.5
2022,2806602,0.3
2022,2806701,0.5
2022,2806800,1.2
2022,2806909,2.5
2022,2807006,1.3
2022,2807105,1.5
2022,2807204,1.9
2022,2807303,0.7
2022,2807402,2.3
2022,2807501,1.3
2022,2807600,3.9
2022,2900108,0.4
2022,2900207,0.9
2022,2900306,3.1
2022,2900355,2.2
2022,2900405,6.7
2022,2900504,2.8
2022,2900603,7.7
2022,2900702,2.6
2022,2900801,5.4
2022,2900900,7.3
2022,2901007,0.1
2022,2901106,2.4
2022,2901155,0.2
2022,2901205,3.2
2022,2901304,0.6
2022,2901353,5.0
2022,2901403,1.8
2022,2901502,0.8
2022,2901601,2.4
2022,2901700,2.6
2022,2901809,1.5
2022,2901908,5.2
2022,2901957,8.0
2022,2902005,2.6
2022,2902054,1.4
2022,2902104,8.4
2022,2902203,1.3
2022,2902252,8.5
2022,2902302,5.0
2022,2902401,3.4
2022,2902500,2.0
2022,2902609,4.3
2022,2902658,1.9
2022,2902708,2.7
2022,2902807,1.9
2022,2902906,3.5
2022,2903003,0.3
2022,2903102,4.0
2022,2903201,1.4
2022,2903235,3.4
2022,2903276,2.7
2022,2903300,3.4
2022,2903409,7.8
2022,2903508,4.3
2022,2903607,4.4
2022,2903706,0.9
2022,2903805,4.1
2022,2903904,0.3
2022,2903953,5.3
2022,2904001,1.4
2022,2904050,3.0
2022,2904100,2.2
2022,2904209,3.1
2022,2904308,3.4
2022,2904407,2.7
2022,2904506,4.3
2022,2904605,0.2
2022,2904704,3.6
2022,2904753,0.6
2022,2904803,7.1
2022,2904852,2.9
2022,2904902,3.3
2022,2905008,1.7
2022,2905107,2.8
2022,2905156,2.9
2022,2905206,0.8
2022,2905305,0.8
2022,2905404,6.0
2022,2905503,0.0
2022,2905602,6.2
2022,2905701,1.3
2022,2905800,4.1
2022,2905909,5.7
2022,2906006,5.7
2022,2906105,3.6
2022,2906204,0.1
2022,2906303,7.0
2022,2906402,2.2
2022,2906501,4.9
2022,2906600,5.1
2022,2906709,7.1
2022,2906808,7.0
2022,2906824,3.0
2022,2906857,4.1
2022,2906873,2.1
2022,2906899,2.3
2022,2906907,3.1
2022,2907004,1.2
2022,2907103,2.2
2022,2907202,4.6
2022,2907301,0.8
2022,2907400,1.0
2022,2907509,1.2
2022,2907558,1.5
2022,2907608,2.9
2022,2907707,2.6
2022,2907806,0.3
2022,2907905,6.7
2022,2908002,7.3
2022,2908101,4.0
2022,2908200,1.8
2022,2908309,4.9
2022,2908408,2.6
2022,2908507,3.2
2022,2908606,2.3
2022,2908705,1.3
2022,2908804,5.9
2022,2908903,3.5
2022,2909000,2.7
2022,2909109,0.9
2022,2909208,5.3
2022,2909307,3.7
2022,2909406,1.9
2022,2909505,3.9
2022,2909604,3.3
2022,2909703,3.2
2022,2909802,2.2
2022,2909901,3.6
2022,2910008,4.1
2022,2910057,2.2
2022,2910107,0.6
2022,2910206,0.0
2022,2910305,1.5
2022,2910404,7.1
2022,2910503,6.4
2022,2910602,3.8
2022,2910701,4.3
2022,2910727,6.3
2022,2910750,1.2
2022,2910776,1.8
2022,2910800,3.5
2022,2910859,2.6
2022,2910909,1.6
2022,2911006,0.7
2022,2911105,1.4
2022,2911204,1.7
2022,2911253,2.3
2022,2911303,3.1
2022,2911402,2.2
2022,2911501,3.6
2022,2911600,2.9
2022,2911659,1.6
2022,2911709,1.1
2022,2911808,5.9
2022,2911857,6.4
2022,2911907,3.0
2022,2912004,3.2
2022,2912103,3.9
2022,2912202,2.6
2022,2912301,8.5
2022,2912400,3.9
2022,2912509,2.6
2022,2912608,2.3
2022,2912707,10.4
2022,2912806,1.1
2022,2912905,5.1
2022,2913002,1.5
2022,2913101,4.2
2022,2913200,1.9
2022,2913309,2.1
2022,2913408,2.1
2022,2913457,5.6
2022,2913507,3.5
2022,2913606,3.7
2022,2913705,3.0
2022,2913804,6.7
2022,2913903,2.0
2022,2914000,5.8
2022,2914109,2.9
2022,2914208,6.1
2022,2914307,3.1
2022,2914406,0.9
2022,2914505,3.0
2022,2914604,0.2
2022,2914653,4.8
2022,2914703,2.0
2022,2914802,3.8
2022,2914901,4.2
2022,2915007,0.6
2022,2915106,3.4
2022,2915205,2.7
2022,2915304,6.1
2022,2915353,4.3
2022,2915403,4.4
2022,2915502,3.2
2022,2915601,1.8
2022,2915700,6.1
2022,2915809,7.0
2022,2915908,1.2
2022,2916005,3.2
2022,2916104,1.3
2022,2916203,3.1
2022,2916302,4.1
2022,2916401,1.9
2022,2916500,6.0
2022,2916609,8.2
2022,2916708,3.6
2022,2916807,9.8
2022,2916856,0.0
2022,2916906,0.3
2022,2917003,3.7
2022,2917102,6.2
2022,2917201,2.6
2022,2917300,2.9
2022,2917334,1.3
2022,2917359,0.3
2022,2917409,0.9
2022,2917508,3.2
2022,2917607,2.2
2022,2917706,1.9
2022,2917805,4.8
2022,2917904,3.6
2022,2918001,3.1
2022,2918100,3.9
2022,2918209,0.8
2022,2918308,4.8
2022,2918357,1.0
2022,2918407,1.0
2022,2918456,5.7
2022,2918506,6.4
2022,2918555,7.2
2022,2918605,0.3
2022,2918704,1.2
2022,2918753,2.7
2022,2918803,0.5
2022,2918902,1.6
2022,2919009,3.1
2022,2919058,1.2
2022,2919108,3.5
2022,2919157,0.9
2022,2919207,1.7
2022,2919306,3.3
2022,2919405,0.1
2022,2919504,2.8
2022,2919553,0.6
2022,2919603,5.6
2022,2919702,3.4
2022,2919801,2.2
2022,2919900,3.4
2022,2919926,3.3
2022,2919959,3.2
2022,2920007,5.9
2022,2920106,2.4
2022,2920205,3.1
2022,2920304,1.0
2022,2920403,4.2
2022,2920452,0.8
2022,2920502,2.7
2022,2920601,2.5
2022,2920700,7.0
2022,2920809,2.8
2022,2920908,4.5
2022,2921005,0.5
2022,2921054,1.6
2022,2921104,2.7
2022,2921203,3.4
2022,2921302,4.3
2022,2921401,7.5
2022,2921450,2.6
2022,2921500,7.2
2022,2921609,2.3
2022,2921708,1.3
2022,2921807,1.2
2022,2921906,1.3
2022,2922003,1.5
2022,2922052,2.7
2022,2922102,0.1
2022,2922201,1.1
2022,2922250,3.5
2022,2922300,2.2
2022,2922409,1.9
2022,2922508,2.0
2022,2922607,2.5
2022,2922656,5.4
2022,2922706,4.9
2022,2922730,2.6
2022,2922755,1.5
2022,2922805,2.4
2022,2922854,0.3
2022,2922904,2.7
2022,2923001,2.1
2022,2923035,0.7
2022,2923050,2.2
2022,2923100,2.8
2022,2923209,4.3
2022,2923308,2.9
2022,2923357,4.7
2022,2923407,4.8
2022,2923506,4.0
2022,2923605,1.4
2022,2923704,2.6
2022,2923803,3.0
2022,2923902,8.1
2022,2924009,0.7
2022,2924058,2.8
2022,2924108,4.0
2022,2924207,4.2
2022,2924306,0.7
2022,2924405,10.1
2022,2924504,2.5
2022,2924603,3.0
2022,2924652,1.9
2022,2924678,3.8
2022,2924702,1.7
2022,2924801,3.1
2022,2924900,3.3
2022,2925006,3.1
2022,2925105,2.0
2022,2925204,1.0
2022,2925253,6.6
2022,2925303,3.5
2022,2925402,3.8
2022,2925501,4.0
2022,2925600,2.0
2022,2925709,3.9
2022,2925758,2.0
2022,2925808,4.5
2022,2925907,4.4
2022,2925931,1.2
2022,2925956,3.1
2022,2926004,2.2
2022,2926103,1.5
2022,2926202,3.6
2022,2926301,2.7
2022,2926400,1.2
2022,2926509,6.7
2022,2926608,2.0
2022,2926657,8.7
2022,2926707,2.2
2022,2926806,4.6
2022,2926905,2.0
2022,2927002,2.1
2022,2927101,2.1
2022,2927200,2.6
2022,2927309,1.6
2022,2927408,2.6
2022,2927507,4.0
2022,2927606,2.3
2022,2927705,0.6
2022,2927804,3.0
2022,2927903,0.0
2022,2928000,2.6
2022,2928059,6.8
2022,2928109,3.9
2022,2928208,0.7
2022,2928307,5.7
2022,2928406,3.4
2022,2928505,2.1
2022,2928604,2.5
2022,2928703,1.3
2022,2928802,2.7
2022,2928901,2.5
2022,2928950,3.7
2022,2929008,3.0
2022,2929057,1.4
2022,2929107,2.4
2022,2929206,3.1
2022,2929255,3.1
2022,2929305,1.3
2022,2929354,0.8
2022,2929370,5.9
2022,2929404,2.2
2022,2929503,0.7
2022,2929602,4.0
2022,2929701,14.1
2022,2929750,0.0
2022,2929800,3.3
2022,2929909,0.9
2022,2930006,1.3
2022,2930105,2.7
2022,2930154,0.9
2022,2930204,3.0
2022,2930303,1.8
2022,2930402,2.3
2022,2930501,5.0
2022,2930600,1.0
2022,2930709,3.4
2022,2930758,4.9
2022,2930766,4.7
2022,2930774,0.4
2022,2930808,0.1
2022,2930907,1.3
2022,2931004,2.7
2022,2931053,2.1
2022,2931103,2.4
2022,2931202,3.7
2022,2931301,0.0
2022,2931350,2.1
2022,2931400,3.4
2022,2931509,1.4
2022,2931608,8.4
2022,2931707,3.1
2022,2931806,5.7
2022,2931905,4.9
2022,2932002,3.4
2022,2932101,3.0
2022,2932200,2.8
2022,2932309,5.8
2022,2932408,1.1
2022,2932457,4.3
2022,2932507,2.8
2022,2932606,1.2
2022,2932705,6.2
2022,2932804,1.9
2022,2932903,4.8
2022,2933000,1.8
2022,2933059,3.8
2022,2933109,2.5
2022,2933158,3.4
2022,2933174,0.9
2022,2933208,2.4
2022,2933257,1.4
2022,2933307,1.8
2022,2933406,0.1
2022,2933455,1.8
2022,2933505,7.8
2022,2933604,3.4
2022,3100104,0.3
2022,3100203,1.1
2022,3100302,1.0
2022,3100401,0.4
2022,3100500,1.1
2022,3100609,0.8
2022,3100708,1.1
2022,3100807,1.0
2022,3100906,2.2
2022,3101003,1.2
2022,3101102,1.1
2022,3101201,0.0
2022,3101300,0.0
2022,3101409,0.0
2022,3101508,0.8
2022,3101607,1.4
2022,3101631,0.5
2022,3101706,2.0
2022,3101805,1.5
2022,3101904,0.1
2022,3102001,0.6
2022,3102050,1.9
2022,3102100,2.6
2022,3102209,2.6
2022,3102308,0.5
2022,3102407,0.7
2022,3102506,2.3
2022,3102605,0.5
2022,3102704,1.2
2022,3102803,2.4
2022,3102852,1.4
2022,3102902,0.3
2022,3103009,1.0
2022,3103108,0.6
2022,3103207,0.0
2022,3103306,4.6
2022,3103405,1.4
2022,3103504,0.5
2022,3103603,0.0
2022,3103702,1.3
2022,3103751,0.5
2022,3103801,0.0
2022,3103900,0.0
2022,3104007,0.2
2022,3104106,0.6
2022,3104205,0.1
2022,3104304,1.2
2022,3104403,0.0
2022,3104452,0.6
2022,3104502,0.2
2022,3104601,1.8
2022,3104700,0.6
2022,3104809,1.2
2022,3104908,1.0
2022,3105004,0.2
2022,3105103,0.3
2022,3105202,0.7
2022,3105301,1.6
2022,3105400,0.7
2022,3105509,0.3
2022,3105608,0.3
2022,3105707,0.5
2022,3105905,0.8
2022,3106002,0.1
2022,3106101,0.2
2022,3106200,0.7
2022,3106309,0.5
2022,3106408,2.8
2022,3106507,0.1
2022,3106606,0.8
2022,3106655,0.8
2022,3106705,0.5
2022,3106804,0.9
2022,3106903,0.8
2022,3107000,0.0
2022,3107109,0.8
2022,3107208,2.8
2022,3107307,1.0
2022,3107406,0.7
2022,3107505,2.3
2022,3107604,0.1
2022,3107703,0.7
2022,3107802,1.5
2022,3107901,1.9
2022,3108008,0.1
2022,3108107,0.8
2022,3108206,0.2
2022,3108255,0.6
2022,3108305,0.7
2022,3108404,1.5
2022,3108503,1.5
2022,3108552,1.6
2022,3108602,0.7
2022,3108701,0.0
2022,3108800,0.4
2022,3108909,1.3
2022,3109006,0.0
2022,3109105,1.6
2022,3109204,0.8
2022,3109253,0.3
2022,3109303,1.1
2022,3109402,2.8
2022,3109451,0.4
2022,3109501,0.6
2022,3109600,0.2
2022,3109709,1.0
2022,3109808,0.4
2022,3109907,0.3
2022,3110004,0.6
2022,3110103,2.0
2022,3110202,0.0
2022,3110301,0.3
2022,3110400,0.0
2022,3110509,1.9
2022,3110608,0.6
2022,3110707,0.6
2022,3110806,1.9
2022,3110905,2.7
2022,3111002,2.0
2022,3111101,0.4
2022,3111150,0.4
2022,3111200,0.4
2022,3111309,2.3
2022,3111408,0.7
2022,3111507,2.2
2022,3111606,1.5
2022,3111705,1.6
2022,3111804,0.7
2022,3111903,1.8
2022,3112000,0.2
2022,3112059,0.7
2022,3112109,1.0
2022,3112208,0.2
2022,3112307,0.2
2022,3112406,0.8
2022,3112505,1.0
2022,3112604,1.7
2022,3112653,3.8
2022,3112703,2.1
2022,3112802,0.8
2022,3112901,1.9
2022,3113008,2.5
2022,3113107,0.0
2022,3113206,0.1
2022,3113305,2.0
2022,3113404,0.7
2022,3113503,0.0
2022,3113602,1.1
2022,3113701,1.5
2022,3113800,1.6
2022,3113909,1.5
2022,3114006,0.4
2022,3114105,1.5
2022,3114204,0.6
2022,3114303,0.9
2022,3114402,0.5
2022,3114501,0.9
2022,3114550,0.7
2022,3114600,0.5
2022,3114709,0.2
2022,3114808,0.0
2022,3114907,0.5
2022,3115003,0.0
2022,3115102,0.9
2022,3115201,0.3
2022,3115300,0.7
2022,3115359,0.5
2022,3115409,1.8
2022,3115458,1.3
2022,3115474,0.0
2022,3115508,0.2
2022,3115607,1.7
2022,3115706,0.1
2022,3115805,1.8
2022,3115904,0.0
2022,3116001,1.0
2022,3116100,0.4
2022,3116159,0.9
2022,3116209,1.0
2022,3116308,1.8
2022,3116407,0.5
2022,3116506,2.3
2022,3116605,0.2
2022,3116704,0.3
2022,3116803,2.9
2022,3116902,1.0
2022,3117009,1.5
2022,3117108,1.6
2022,3117207,2.5
2022,3117306,0.0
2022,3117405,0.2
2022,3117504,0.8
2022,3117603,1.4
2022,3117702,0.7
2022,3117801,0.9
2022,3117836,0.3
2022,3117876,0.2
2022,3117900,0.8
2022,3118007,0.3
2022,3118106,1.7
2022,3118205,1.4
2022,3118304,0.5
2022,3118403,2.8
2022,3118502,0.6
2022,3118601,0.6
2022,3118700,2.8
2022,3118809,0.9
2022,3118908,1.0
2022,3119005,0.8
2022,3119104,1.4
2022,3119203,0.6
2022,3119302,0.3
2022,3119401,0.9
2022,3119500,0.2
2022,3119609,1.7
2022,3119708,0.6
2022,3119807,0.4
2022,3119906,0.0
2022,3119955,0.1
2022,3120003,1.9
2022,3120102,0.6
2022,3120151,2.8
2022,3120201,2.0
2022,3120300,0.9
2022,3120409,1.2
2022,3120508,1.9
2022,3120607,0.7
2022,3120706,0.6
2022,3120805,0.7
2022,3120839,1.5
2022,3120870,1.9
2022,3120904,1.2
2022,3121001,0.1
2022,3121100,0.1
2022,3121209,1.6
2022,3121258,0.0
2022,3121308,1.5
2022,3121407,0.3
2022,3121506,0.0
2022,3121605,0.4
2022,3121704,0.8
2022,3121803,0.0
2022,3121902,1.1
2022,3122009,3.4
2022,3122108,2.3
2022,3122207,1.1
2022,3122306,0.2
2022,3122355,0.4
2022,3122405,0.9
2022,3122454,3.0
2022,3122470,0.0
2022,3122504,1.7
2022,3122603,5.0
2022,3122702,0.0
2022,3122801,0.0
2022,3122900,1.5
2022,3123007,3.8
2022,3123106,1.5
2022,3123205,1.3
2022,3123304,0.8
2022,3123403,0.0
2022,3123502,0.0
2022,3123528,0.5
2022,3123601,1.6
2022,3123700,2.5
2022,3123809,0.6
2022,3123858,0.1
2022,3123908,0.7
2022,3124005,0.4
2022,3124104,1.0
2022,3124203,0.8
2022,3124302,0.1
2022,3124401,1.4
2022,3124500,0.7
2022,3124609,3.0
2022,3124708,2.3
2022,3124807,0.3
2022,3124906,0.1
2022,3125002,3.2
2022,3125101,0.0
2022,3125200,1.2
2022,3125309,0.3
2022,3125408,0.6
2022,3125507,0.3
2022,3125606,0.8
2022,3125705,0.1
2022,3125804,0.0
2022,3125903,0.2
2022,3125952,2.7
2022,3126000,0.3
2022,3126109,0.2
2022,3126208,0.3
2022,3126307,0.9
2022,3126406,1.3
2022,3126505,0.5
2022,3126604,0.9
2022,3126703,0.5
2022,3126752,1.4
2022,3126802,1.2
2022,3126901,2.3
2022,3126950,2.6
2022,3127008,0.9
2022,3127057,2.1
2022,3127073,0.3
2022,3127107,0.9
2022,3127206,0.5
2022,3127305,1.7
2022,3127339,0.3
2022,3127354,0.9
2022,3127370,0.3
2022,3127388,1.5
2022,3127404,1.9
2022,3127503,1.8
2022,3127602,0.4
2022,3127701,1.4
2022,3127800,1.5
2022,3127909,0.0
2022,3128006,1.3
2022,3128105,1.9
2022,3128204,0.9
2022,3128253,0.5
2022,3128303,1.2
2022,3128402,1.9
2022,3128501,0.0
2022,3128600,1.1
2022,3128709,1.5
2022,3128808,0.9
2022,3128907,1.1
2022,3129004,0.5
2022,3129103,1.5
2022,3129202,1.2
2022,3129301,1.0
2022,3129400,0.9
2022,3129509,2.5
2022,3129608,1.8
2022,3129657,0.1
2022,3129707,1.2
2022,3129806,1.1
2022,3129905,0.3
2022,3130002,0.0
2022,3130051,0.9
2022,3130101,1.1
2022,3130200,1.7
2022,3130309,0.0
2022,3130408,0.2
2022,3130507,1.3
2022,3130556,1.2
2022,3130606,1.5
2022,3130655,0.6
2022,3130705,0.1
2022,3130804,1.3
2022,3130903,0.8
2022,3131000,0.9
2022,3131109,2.5
2022,3131158,0.9
2022,3131208,0.2
2022,3131307,0.5
2022,3131406,0.0
2022,3131505,1.9
2022,3131604,2.6
2022,3131703,0.2
2022,3131802,0.9
2022,3131901,0.8
2022,3132008,0.0
2022,3132107,0.2
2022,3132206,1.0
2022,3132305,1.8
2022,3132404,0.7
2022,3132503,1.1
2022,3132602,0.5
2022,3132701,1.3
2022,3132800,0.0
2022,3132909,0.3
2022,3133006,0.5
2022,3133105,0.5
2022,3133204,4.2
2022,3133303,2.4
2022,3133402,1.3
2022,3133501,1.0
2022,3133600,0.0
2022,3133709,0.1
2022,3133758,0.3
2022,3133808,0.4
2022,3133907,0.5
2022,3134004,0.7
2022,3134103,2.4
2022,3134202,0.5
2022,3134301,0.7
2022,3134400,0.3
2022,3134509,0.2
2022,3134608,0.7
2022,3134707,4.6
2022,3134806,0.8
2022,3134905,0.0
2022,3135001,2.3
2022,3135050,1.0
2022,3135076,2.1
2022,3135100,0.6
2022,3135209,1.5
2022,3135308,0.2
2022,3135357,0.5
2022,3135407,0.2
2022,3135456,0.3
2022,3135506,1.0
2022,3135605,1.3
2022,3135704,0.3
2022,3135803,1.3
2022,3135902,0.5
2022,3136009,1.5
2022,3136108,0.0
2022,3136207,0.4
2022,3136306,0.8
2022,3136405,0.0
2022,3136504,2.3
2022,3136520,0.5
2022,3136553,0.5
2022,3136579,3.2
2022,3136603,0.7
2022,3136652,0.1
2022,3136702,0.8
2022,3136801,0.9
2022,3136900,3.3
2022,3136959,0.8
2022,3137007,1.5
2022,3137106,0.5
2022,3137205,0.5
2022,3137304,2.7
2022,3137403,0.9
2022,3137502,1.1
2022,3137536,1.8
2022,3137601,0.6
2022,3137700,1.3
2022,3137809,1.1
2022,3137908,2.3
2022,3138005,0.1
2022,3138104,0.2
2022,3138203,0.6
2022,3138302,0.9
2022,3138351,0.5
2022,3138401,0.9
2022,3138500,2.5
2022,3138609,0.0
2022,3138625,0.7
2022,3138658,0.2
2022,3138674,0.3
2022,3138682,1.7
2022,3138708,0.2
2022,3138807,0.2
2022,3138906,2.7
2022,3139003,1.8
2022,3139102,0.2
2022,3139201,1.1
2022,3139250,0.0
2022,3139300,1.2
2022,3139409,1.8
2022,3139508,2.3
2022,3139607,0.6
2022,3139706,2.3
2022,3139805,1.3
2022,3139904,0.7
2022,3140001,0.6
2022,3140100,2.2
2022,3140159,2.3
2022,3140209,0.0
2022,3140308,0.7
2022,3140407,0.0
2022,3140506,2.5
2022,3140530,5.5
2022,3140555,1.9
2022,3140605,1.9
2022,3140704,0.3
2022,3140803,0.4
2022,3140852,2.9
2022,3140902,0.8
2022,3141009,0.0
2022,3141108,0.2
2022,3141207,1.8
2022,3141306,0.7
2022,3141405,0.8
2022,3141504,0.4
2022,3141603,0.6
2022,3141702,1.4
2022,3141801,0.6
2022,3141900,0.3
2022,3142007,1.1
2022,3142106,1.6
2022,3142205,2.3
2022,3142254,0.2
2022,3142304,2.4
2022,3142403,0.8
2022,3142502,2.4
2022,3142601,0.8
2022,3142700,1.2
2022,3142809,2.0
2022,3142908,0.4
2022,3143005,1.6
2022,3143104,0.2
2022,3143153,1.7
2022,3143203,1.3
2022,3143302,0.6
2022,3143401,0.8
2022,3143450,1.4
2022,3143500,2.1
2022,3143609,0.4
2022,3143708,1.4
2022,3143807,1.4
2022,3143906,0.1
2022,3144003,0.4
2022,3144102,0.8
2022,3144201,0.0
2022,3144300,0.8
2022,3144359,0.4
2022,3144375,1.1
2022,3144409,0.0
2022,3144508,1.1
2022,3144607,1.5
2022,3144656,1.8
2022,3144672,1.0
2022,3144706,0.6
2022,3144805,1.0
2022,3144904,1.7
2022,3145000,0.0
2022,3145059,0.2
2022,3145109,1.6
2022,3145208,0.2
2022,3145307,0.6
2022,3145356,2.6
2022,3145372,1.6
2022,3145406,0.0
2022,3145455,1.6
2022,3145505,1.5
2022,3145604,0.5
2022,3145703,0.0
2022,3145802,0.6
2022,3145851,0.3
2022,3145877,3.2
2022,3145901,0.7
2022,3146008,0.4
2022,3146107,0.4
2022,3146206,1.0
2022,3146255,1.8
2022,3146305,2.2
2022,3146404,1.7
2022,3146503,0.2
2022,3146552,0.0
2022,3146602,0.0
2022,3146701,0.0
2022,3146750,1.6
2022,3146909,2.5
2022,3147006,1.1
2022,3147105,0.6
2022,3147204,1.7
2022,3147303,0.9
2022,3147402,0.4
2022,3147501,0.0
2022,3147600,1.1
2022,3147709,0.8
2022,3147808,0.9
2022,3147907,0.5
2022,3147956,0.8
2022,3148004,0.7
2022,3148103,0.5
2022,3148202,1.0
2022,3148301,0.7
2022,3148400,1.5
2022,3148509,2.3
2022,3148608,0.9
2022,3148707,2.9
2022,3148756,1.2
2022,3148806,1.2
2022,3148905,1.0
2022,3149002,0.3
2022,3149101,0.3
2022,3149150,1.4
2022,3149200,0.5
2022,3149309,0.2
2022,3149408,0.5
2022,3149507,1.6
2022,3149606,1.8
2022,3149705,1.3
2022,3149804,0.2
2022,3149903,0.5
2022,3149952,0.4
2022,3150000,0.5
2022,3150109,0.9
2022,3150158,2.4
2022,3150208,0.8
2022,3150307,0.7
2022,3150406,2.1
2022,3150505,0.5
2022,3150539,0.0
2022,3150570,0.9
2022,3150604,0.6
2022,3150703,0.8
2022,3150802,0.7
2022,3150901,1.0
2022,3151008,1.1
2022,3151107,0.5
2022,3151206,1.6
2022,3151305,0.5
2022,3151404,0.8
2022,3151503,0.3
2022,3151602,0.7
2022,3151701,1.1
2022,3151800,0.6
2022,3151909,1.8
2022,3152006,1.4
2022,3152105,0.9
2022,3152131,1.4
2022,3152170,0.4
2022,3152204,0.9
2022,3152303,0.7
2022,3152402,2.3
2022,3152501,0.6
2022,3152600,0.1
2022,3152709,1.2
2022,3152808,0.5
2022,3152907,1.7
2022,3153004,0.0
2022,3153103,0.4
2022,3153202,0.3
2022,3153301,1.3
2022,3153400,0.3
2022,3153509,2.1
2022,3153608,0.7
2022,3153707,0.3
2022,3153806,0.6
2022,3153905,0.8
2022,3154002,0.3
2022,3154101,0.1
2022,3154150,3.9
2022,3154200,1.1
2022,3154309,0.5
2022,3154408,0.2
2022,3154457,0.5
2022,3154507,0.4
2022,3154606,0.8
2022,3154705,1.4
2022,3154804,0.1
2022,3154903,1.0
2022,3155009,0.0
2022,3155108,0.9
2022,3155207,0.2
2022,3155306,0.8
2022,3155405,0.5
2022,3155504,1.8
2022,3155603,0.3
2022,3155702,0.0
2022,3155801,0.7
2022,3155900,1.8
2022,3156007,0.8
2022,3156106,2.0
2022,3156205,0.0
2022,3156304,1.6
2022,3156403,0.0
2022,3156452,0.6
2022,3156502,1.3
2022,3156601,0.1
2022,3156700,0.3
2022,3156809,1.3
2022,3156908,0.8
2022,3157005,0.6
2022,3157104,1.4
2022,3157203,0.6
2022,3157252,2.2
2022,3157278,3.0
2022,3157302,0.4
2022,3157336,1.5
2022,3157377,0.0
2022,3157401,3.0
2022,3157500,1.2
2022,3157609,0.9
2022,3157658,2.8
2022,3157708,3.2
2022,3157807,0.8
2022,3157906,4.2
2022,3158003,0.0
2022,3158102,1.3
2022,3158201,1.8
2022,3158300,0.8
2022,3158409,0.0
2022,3158508,2.3
2022,3158607,5.2
2022,3158706,0.0
2022,3158805,1.5
2022,3158904,4.1
2022,3158953,0.7
2022,3159001,2.8
2022,3159100,0.3
2022,3159209,0.4
2022,3159308,0.0
2022,3159357,3.4
2022,3159407,0.2
2022,3159506,0.6
2022,3159605,0.4
2022,3159704,0.5
2022,3159803,0.4
2022,3159902,0.0
2022,3160009,0.5
2022,3160108,0.2
2022,3160207,1.4
2022,3160306,1.7
2022,3160405,1.1
2022,3160454,0.0
2022,3160504,0.0
2022,3160603,0.0
2022,3160702,0.6
2022,3160801,4.4
2022,3160900,0.4
2022,3160959,1.0
2022,3161007,0.4
2022,3161056,0.8
2022,3161106,1.4
2022,3161205,1.1
2022,3161304,0.7
2022,3161403,0.4
2022,3161502,1.5
2022,3161601,0.2
2022,3161650,0.8
2022,3161700,0.8
2022,3161809,0.0
2022,3161908,0.7
2022,3162005,0.6
2022,3162104,1.7
2022,3162203,1.0
2022,3162252,1.3
2022,3162302,0.0
2022,3162401,0.7
2022,3162450,3.8
2022,3162500,0.6
2022,3162559,3.4
2022,3162575,0.5
2022,3162609,1.2
2022,3162658,0.2
2022,3162708,0.7
2022,3162807,0.1
2022,3162906,2.0
2022,3162922,1.2
2022,3162948,0.0
2022,3162955,0.4
2022,3163003,1.2
2022,3163102,0.2
2022,3163201,0.2
2022,3163300,0.8
2022,3163409,1.4
2022,3163508,0.6
2022,3163607,0.8
2022,3163706,0.2
2022,3163805,0.3
2022,3163904,0.2
2022,3164001,1.1
2022,3164100,0.8
2022,3164209,1.2
2022,3164308,0.1
2022,3164407,0.4
2022,3164431,0.0
2022,3164472,2.0
2022,3164506,0.8
2022,3164605,0.0
2022,3164704,0.5
2022,3164803,1.3
2022,3164902,0.3
2022,3165008,0.7
2022,3165107,2.3
2022,3165206,0.7
2022,3165305,0.0
2022,3165404,0.4
2022,3165503,0.4
2022,3165537,0.5
2022,3165552,1.4
2022,3165560,1.7
2022,3165578,2.9
2022,3165602,0.3
2022,3165701,0.2
2022,3165800,0.7
2022,3165909,0.2
2022,3166006,0.5
2022,3166105,0.5
2022,3166204,0.4
2022,3166303,0.4
2022,3166402,0.5
2022,3166501,3.5
2022,3166600,4.2
2022,3166709,1.4
2022,3166808,0.4
2022,3166907,0.8
2022,3166956,0.0
2022,3167004,1.5
2022,3167103,1.6
2022,3167202,0.6
2022,3167301,0.4
2022,3167400,1.0
2022,3167509,0.0
2022,3167608,2.9
2022,3167707,0.4
2022,3167806,0.0
2022,3167905,1.6
2022,3168002,0.3
2022,3168051,0.0
2022,3168101,0.4
2022,3168200,0.0
2022,3168309,0.3
2022,3168408,0.3
2022,3168507,0.3
2022,3168606,1.1
2022,3168705,0.3
2022,3168804,2.3
2022,3168903,3.0
2022,3169000,0.9
2022,3169059,0.0
2022,3169109,3.0
2022,3169208,0.9
2022,3169307,1.3
2022,3169356,0.2
2022,3169406,1.1
2022,3169505,1.2
2022,3169604,0.4
2022,3169703,0.3
2022,3169802,3.0
2022,3169901,0.7
2022,3170008,3.7
2022,3170057,0.5
2022,3170107,0.6
2022,3170206,0.8
2022,3170305,1.1
2022,3170404,0.3
2022,3170438,1.8
2022,3170479,0.2
2022,3170503,1.5
2022,3170529,2.1
2022,3170578,0.7
2022,3170602,0.0
2022,3170651,0.4
2022,3170701,0.8
2022,3170750,1.2
2022,3170800,1.6
2022,3170909,0.8
2022,3171006,0.4
2022,3171030,0.2
2022,3171071,0.2
2022,3171105,0.6
2022,3171154,0.4
2022,3171204,0.5
2022,3171303,0.5
2022,3171402,1.2
2022,3171501,0.6
2022,3171600,0.9
2022,3171709,0.2
2022,3171808,2.7
2022,3171907,0.8
2022,3172004,1.1
2022,3172103,0.0
2022,3172202,0.0
2022,3200102,0.2
2022,3200136,0.3
2022,3200169,1.0
2022,3200201,0.0
2022,3200300,0.6
2022,3200359,0.2
2022,3200409,0.2
2022,3200508,0.4
2022,3200607,0.2
2022,3200706,0.2
2022,3200805,0.1
2022,3200904,0.5
2022,3201001,0.0
2022,3201100,0.4
2022,3201159,0.2
2022,3201209,0.5
2022,3201308,0.7
2022,3201407,0.1
2022,3201506,0.2
2022,3201605,0.0
2022,3201704,0.8
2022,3201803,0.0
2022,3201902,0.1
2022,3202009,0.2
2022,3202108,0.1
2022,3202207,0.7
2022,3202256,0.2
2022,3202306,0.8
2022,3202405,0.9
2022,3202454,1.0
2022,3202504,0.4
2022,3202553,1.1
2022,3202603,0.0
2022,3202652,0.9
2022,3202702,0.0
2022,3202801,1.0
2022,3202900,0.0
2022,3203007,1.1
2022,3203056,0.3
2022,3203106,0.0
2022,3203130,0.0
2022,3203163,0.0
2022,3203205,0.4
2022,3203304,0.1
2022,3203320,0.8
2022,3203346,0.1
2022,3203353,0.1
2022,3203403,0.5
2022,3203502,0.1
2022,3203601,1.3
2022,3203700,0.1
2022,3203809,0.0
2022,3203908,0.1
2022,3204005,0.0
2022,3204054,0.7
2022,3204104,0.3
2022,3204203,0.1
2022,3204252,0.0
2022,3204302,0.6
2022,3204351,0.2
2022,3204401,0.0
2022,3204500,0.4
2022,3204559,0.2
2022,3204609,0.1
2022,3204658,0.0
2022,3204708,0.2
2022,3204807,0.3
2022,3204906,0.2
2022,3204955,0.0
2022,3205002,0.5
2022,3205010,0.4
2022,3205036,0.2
2022,3205069,0.0
2022,3205101,0.7
2022,3205150,0.1
2022,3205176,0.7
2022,3205200,0.2
2022,3205309,0.5
2022,3300100,0.7
2022,3300159,0.0
2022,3300209,1.0
2022,3300225,0.1
2022,3300233,0.7
2022,3300258,0.9
2022,3300308,0.5
2022,3300407,0.5
2022,3300456,1.9
2022,3300506,0.4
2022,3300605,0.1
2022,3300704,2.1
2022,3300803,1.2
2022,3300902,0.1
2022,3300936,0.3
2022,3300951,0.1
2022,3301009,1.8
2022,3301108,0.4
2022,3301157,0.9
2022,3301207,0.3
2022,3301306,0.4
2022,3301405,0.2
2022,3301504,0.0
2022,3301603,0.7
2022,3301702,1.4
2022,3301801,0.1
2022,3301850,0.4
2022,3301876,0.3
2022,3301900,1.2
2022,3302007,1.1
2022,3302056,0.5
2022,3302106,0.3
2022,3302205,0.1
2022,3302254,1.0
2022,3302270,1.6
2022,3302304,0.3
2022,3302403,0.8
2022,3302452,0.3
2022,3302502,0.5
2022,3302601,0.0
2022,3302700,0.0
2022,3302809,0.3
2022,3302858,1.2
2022,3302908,0.0
2022,3303005,0.0
2022,3303104,0.2
2022,3303203,0.8
2022,3303302,0.7
2022,3303401,0.4
2022,3303500,1.3
2022,3303609,0.8
2022,3303708,0.3
2022,3303807,0.9
2022,3303856,0.4
2022,3303906,1.0
2022,3303955,0.7
2022,3304003,0.2
2022,3304102,0.6
2022,3304110,0.0
2022,3304128,0.1
2022,3304144,1.0
2022,3304151,0.6
2022,3304201,0.4
2022,3304300,0.5
2022,3304409,0.6
2022,3304508,0.0
2022,3304524,0.4
2022,3304557,0.5
2022,3304607,0.5
2022,3304706,0.2
2022,3304755,0.9
2022,3304805,0.1
2022,3304904,1.6
2022,3305000,2.4
2022,3305109,1.4
2022,3305133,0.0
2022,3305158,1.0
2022,3305208,1.1
2022,3305307,0.2
2022,3305406,0.2
2022,3305505,0.4
2022,3305554,0.9
2022,3305604,0.9
2022,3305703,0.0
2022,3305752,0.7
2022,3305802,0.1
2022,3305901,0.2
2022,3306008,1.0
2022,3306107,0.4
2022,3306156,0.0
2022,3306206,0.1
2022,3306305,0.5
2022,3500105,0.0
2022,3500204,0.0
2022,3500303,0.0
2022,3500402,0.0
2022,3500501,0.2
2022,3500550,0.0
2022,3500600,0.0
2022,3500709,0.8
2022,3500758,0.0
2022,3500808,0.2
2022,3500907,0.2
2022,3501004,0.5
2022,3501103,0.0
2022,3501152,0.5
2022,3501202,0.3
2022,3501301,0.0
2022,3501400,0.2
2022,3501509,0.0
2022,3501608,0.2
2022,3501707,0.0
2022,3501806,0.0
2022,3501905,0.1
2022,3502002,0.3
2022,3502101,0.0
2022,3502200,0.2
2022,3502309,0.6
2022,3502408,0.5
2022,3502507,0.1
2022,3502606,0.4
2022,3502705,0.4
2022,3502754,0.1
2022,3502804,0.1
2022,3502903,0.1
2022,3503000,0.3
2022,3503109,0.5
2022,3503158,0.0
2022,3503208,0.4
2022,3503307,0.3
2022,3503356,0.0
2022,3503406,0.3
2022,3503505,0.2
2022,3503604,0.0
2022,3503703,0.0
2022,3503802,0.3
2022,3503901,0.1
2022,3503950,0.0
2022,3504008,0.2
2022,3504107,0.3
2022,3504206,0.0
2022,3504305,0.5
2022,3504404,0.1
2022,3504503,0.4
2022,3504602,0.0
2022,3504701,0.0
2022,3504800,0.3
2022,3504909,1.0
2022,3505005,0.0
2022,3505104,0.0
2022,3505203,0.1
2022,3505302,0.3
2022,3505351,0.0
2022,3505401,0.4
2022,3505500,0.4
2022,3505609,0.0
2022,3505708,0.0
2022,3505807,0.0
2022,3505906,0.9
2022,3506003,0.7
2022,3506102,0.4
2022,3506201,0.0
2022,3506300,0.0
2022,3506359,1.2
2022,3506409,0.0
2022,3506508,0.1
2022,3506607,0.0
2022,3506706,0.9
2022,3506805,0.9
2022,3506904,0.3
2022,3507001,0.0
2022,3507100,0.4
2022,3507159,0.2
2022,3507209,0.0
2022,3507308,0.2
2022,3507407,0.0
2022,3507456,0.0
2022,3507506,0.6
2022,3507605,0.6
2022,3507704,0.4
2022,3507753,0.0
2022,3507803,1.1
2022,3507902,0.3
2022,3508009,0.1
2022,3508108,0.0
2022,3508207,0.0
2022,3508306,1.2
2022,3508405,0.5
2022,3508504,0.3
2022,3508603,0.1
2022,3508702,0.4
2022,3508801,0.2
2022,3508900,0.3
2022,3509007,0.2
2022,3509106,0.5
2022,3509205,0.2
2022,3509254,0.3
2022,3509304,0.0
2022,3509403,0.3
2022,3509452,0.0
2022,3509502,0.6
2022,3509601,0.5
2022,3509700,0.5
2022,3509809,0.0
2022,3509908,0.7
2022,3509957,0.1
2022,3510005,0.2
2022,3510104,0.4
2022,3510153,0.3
2022,3510203,0.1
2022,3510302,0.3
2022,3510401,0.4
2022,3510500,0.1
2022,3510609,0.8
2022,3510708,0.1
2022,3510807,1.0
2022,3510906,0.0
2022,3511003,0.0
2022,3511102,0.1
2022,3511201,0.2
2022,3511300,0.0
2022,3511409,0.4
2022,3511508,0.0
2022,3511607,0.0
2022,3511706,0.2
2022,3511904,0.0
2022,3512001,0.0
2022,3512100,0.1
2022,3512209,0.7
2022,3512308,0.0
2022,3512407,0.3
2022,3512506,0.1
2022,3512605,0.2
2022,3512704,0.0
2022,3512803,0.6
2022,3512902,0.0
2022,3513009,0.6
2022,3513108,0.7
2022,3513207,0.4
2022,3513306,0.0
2022,3513405,0.5
2022,3513504,0.4
2022,3513603,0.2
2022,3513702,0.3
2022,3513801,0.4
2022,3513850,0.0
2022,3513900,0.6
2022,3514007,0.1
2022,3514106,0.0
2022,3514205,0.5
2022,3514304,0.0
2022,3514403,0.4
2022,3514502,0.5
2022,3514601,0.2
2022,3514700,0.1
2022,3514809,0.0
2022,3514908,0.0
2022,3514924,0.0
2022,3514957,0.4
2022,3515004,0.8
2022,3515103,0.1
2022,3515129,0.0
2022,3515152,0.0
2022,3515186,0.4
2022,3515194,0.0
2022,3515202,0.0
2022,3515301,0.0
2022,3515350,0.0
2022,3515400,0.0
2022,3515509,0.1
2022,3515608,0.0
2022,3515657,0.0
2022,3515707,0.5
2022,3515806,0.0
2022,3515905,0.0
2022,3516002,0.0
2022,3516101,0.3
2022,3516200,0.4
2022,3516309,0.3
2022,3516408,0.3
2022,3516507,0.0
2022,3516606,0.7
2022,3516705,0.4
2022,3516804,0.3
2022,3516853,0.0
2022,3516903,0.3
2022,3517000,0.3
2022,3517109,0.0
2022,3517208,0.1
2022,3517307,0.0
2022,3517406,0.0
2022,3517505,0.0
2022,3517604,0.0
2022,3517703,0.1
2022,3517802,0.1
2022,3517901,0.0
2022,3518008,0.0
2022,3518107,0.7
2022,3518206,0.0
2022,3518305,0.1
2022,3518404,0.3
2022,3518503,0.8
2022,3518602,0.2
2022,3518701,0.7
2022,3518800,0.3
2022,3518859,0.3
2022,3518909,0.0
2022,3519006,0.0
2022,3519055,0.1
2022,3519071,0.3
2022,3519105,0.4
2022,3519204,0.0
2022,3519253,0.0
2022,3519303,0.0
2022,3519402,0.0
2022,3519501,0.0
2022,3519600,0.3
2022,3519709,0.5
2022,3519808,0.0
2022,3519907,0.0
2022,3520004,0.4
2022,3520103,0.0
2022,3520202,0.6
2022,3520301,0.2
2022,3520400,0.0
2022,3520426,0.0
2022,3520442,0.1
2022,3520509,0.3
2022,3520608,0.0
2022,3520707,0.0
2022,3520806,0.0
2022,3520905,0.0
2022,3521002,0.2
2022,3521101,0.0
2022,3521150,0.0
2022,3521200,0.0
2022,3521309,0.2
2022,3521408,0.3
2022,3521507,0.4
2022,3521606,1.3
2022,3521705,0.3
2022,3521804,0.5
2022,3521903,0.0
2022,3522000,0.5
2022,3522109,0.1
2022,3522158,0.3
2022,3522208,0.3
2022,3522307,0.5
2022,3522406,0.2
2022,3522505,0.4
2022,3522604,1.0
2022,3522653,1.6
2022,3522703,0.2
2022,3522802,0.4
2022,3522901,0.8
2022,3523008,0.0
2022,3523107,0.5
2022,3523206,0.4
2022,3523305,0.0
2022,3523404,0.2
2022,3523503,1.1
2022,3523602,0.0
2022,3523701,0.4
2022,3523800,0.2
2022,3523909,0.2
2022,3524006,0.4
2022,3524105,0.2
2022,3524204,0.1
2022,3524303,0.3
2022,3524402,0.2
2022,3524501,0.0
2022,3524600,0.0
2022,3524709,0.0
2022,3524808,0.2
2022,3524907,0.0
2022,3525003,0.2
2022,3525102,1.1
2022,3525201,0.2
2022,3525300,0.6
2022,3525409,0.0
2022,3525508,0.0
2022,3525607,0.0
2022,3525706,0.0
2022,3525805,0.0
2022,3525854,0.0
2022,3525904,0.2
2022,3526001,0.0
2022,3526100,0.0
2022,3526209,0.1
2022,3526308,0.7
2022,3526407,0.0
2022,3526506,0.6
2022,3526605,0.7
2022,3526704,0.2
2022,3526803,0.1
2022,3526902,0.5
2022,3527009,0.0
2022,3527108,0.5
2022,3527207,0.7
2022,3527256,0.0
2022,3527306,0.2
2022,3527405,0.0
2022,3527504,0.0
2022,3527603,0.0
2022,3527702,0.0
2022,3527801,0.0
2022,3527900,0.0
2022,3528007,0.3
2022,3528106,0.0
2022,3528205,0.0
2022,3528304,0.0
2022,3528403,0.7
2022,3528502,0.4
2022,3528601,0.0
2022,3528700,0.0
2022,3528809,0.1
2022,3528858,0.0
2022,3528908,0.0
2022,3529005,0.1
2022,3529104,0.0
2022,3529203,0.8
2022,3529302,0.0
2022,3529401,0.5
2022,3529500,0.0
2022,3529609,0.0
2022,3529658,0.8
2022,3529708,0.2
2022,3529807,0.0
2022,3529906,0.2
2022,3530003,0.0
2022,3530102,0.5
2022,3530201,0.0
2022,3530300,0.1
2022,3530409,0.0
2022,3530508,0.0
2022,3530607,0.4
2022,3530706,0.6
2022,3530805,0.3
2022,3530904,0.0
2022,3531001,0.0
2022,3531100,0.0
2022,3531209,0.2
2022,3531308,0.0
2022,3531407,0.0
2022,3531506,0.3
2022,3531605,0.0
2022,3531704,0.5
2022,3531803,0.5
2022,3531902,0.1
2022,3532009,0.2
2022,3532058,0.0
2022,3532108,0.3
2022,3532157,0.0
2022,3532207,0.1
2022,3532306,0.0
2022,3532405,0.2
2022,3532504,0.0
2022,3532603,0.3
2022,3532702,0.0
2022,3532801,1.2
2022,3532827,0.0
2022,3532843,0.0
2022,3532868,0.0
2022,3532900,0.0
2022,3533007,0.1
2022,3533106,0.0
2022,3533205,0.3
2022,3533254,0.0
2022,3533304,0.0
2022,3533403,0.2
2022,3533502,0.2
2022,3533601,0.8
2022,3533700,0.4
2022,3533809,0.0
2022,3533908,0.1
2022,3534005,0.0
2022,3534104,0.0
2022,3534203,0.0
2022,3534302,0.2
2022,3534401,0.4
2022,3534500,0.0
2022,3534609,0.2
2022,3534708,0.2
2022,3534757,0.0
2022,3534807,0.0
2022,3534906,0.2
2022,3535002,0.2
2022,3535101,0.0
2022,3535200,0.9
2022,3535309,0.0
2022,3535408,0.3
2022,3535507,0.0
2022,3535606,0.5
2022,3535705,0.0
2022,3535804,0.3
2022,3535903,0.0
2022,3536000,0.0
2022,3536109,0.4
2022,3536208,0.0
2022,3536257,0.0
2022,3536307,1.1
2022,3536406,0.0
2022,3536505,0.3
2022,3536570,0.0
2022,3536604,0.2
2022,3536703,1.3
2022,3536802,0.0
2022,3536901,0.0
2022,3537008,1.2
2022,3537107,0.2
2022,3537156,0.0
2022,3537206,0.1
2022,3537305,0.3
2022,3537404,0.2
2022,3537503,0.0
2022,3537602,0.3
2022,3537701,0.0
2022,3537800,0.4
2022,3537909,0.3
2022,3538006,0.2
2022,3538105,0.0
2022,3538204,0.0
2022,3538303,0.2
2022,3538501,0.9
2022,3538600,0.1
2022,3538709,0.4
2022,3538808,0.2
2022,3538907,0.2
2022,3539004,0.1
2022,3539103,1.1
2022,3539202,0.3
2022,3539301,0.3
2022,3539400,0.0
2022,3539509,0.6
2022,3539608,0.5
2022,3539707,0.8
2022,3539806,0.3
2022,3539905,1.4
2022,3540002,0.0
2022,3540101,0.0
2022,3540200,0.3
2022,3540259,0.0
2022,3540309,0.0
2022,3540408,0.0
2022,3540507,0.0
2022,3540606,0.0
2022,3540705,0.5
2022,3540754,0.1
2022,3540804,0.1
2022,3540853,0.0
2022,3540903,0.6
2022,3541000,0.4
2022,3541059,0.0
2022,3541109,0.0
2022,3541208,0.2
2022,3541307,0.1
2022,3541406,0.2
2022,3541505,0.2
2022,3541604,0.0
2022,3541653,0.2
2022,3541703,0.0
2022,3541802,0.0
2022,3541901,0.1
2022,3542008,0.7
2022,3542107,0.1
2022,3542206,0.0
2022,3542305,0.0
2022,3542404,0.6
2022,3542503,0.6
2022,3542602,0.1
2022,3542701,1.3
2022,3542800,0.0
2022,3542909,0.0
2022,3543006,0.2
2022,3543105,0.0
2022,3543204,0.2
2022,3543238,0.0
2022,3543253,0.1
2022,3543303,0.2
2022,3543402,0.9
2022,3543501,0.6
2022,3543600,0.5
2022,3543709,1.4
2022,3543808,0.0
2022,3543907,0.5
2022,3544004,0.7
2022,3544103,0.4
2022,3544202,0.3
2022,3544251,0.0
2022,3544301,0.0
2022,3544400,0.0
2022,3544509,0.3
2022,3544608,0.3
2022,3544707,0.0
2022,3544806,0.1
2022,3544905,0.1
2022,3545001,0.5
2022,3545100,0.4
2022,3545159,0.0
2022,3545209,0.1
2022,3545308,0.8
2022,3545407,0.0
2022,3545506,0.0
2022,3545605,0.0
2022,3545704,0.0
2022,3545803,0.3
2022,3546009,0.0
2022,3546108,0.0
2022,3546207,1.0
2022,3546256,0.0
2022,3546306,0.2
2022,3546405,0.4
2022,3546504,0.0
2022,3546603,0.0
2022,3546702,0.0
2022,3546801,0.1
2022,3546900,0.0
2022,3547007,0.3
2022,3547106,0.0
2022,3547205,0.0
2022,3547304,0.0
2022,3547403,0.0
2022,3547502,0.0
2022,3547601,0.2
2022,3547650,0.0
2022,3547700,0.0
2022,3547809,0.5
2022,3547908,0.0
2022,3548005,0.0
2022,3548054,0.0
2022,3548104,0.0
2022,3548203,0.9
2022,3548302,1.0
2022,3548401,0.0
2022,3548500,0.6
2022,3548609,0.2
2022,3548708,0.4
2022,3548807,0.0
2022,3548906,0.2
2022,3549003,0.0
2022,3549102,0.2
2022,3549201,0.0
2022,3549250,0.0
2022,3549300,0.0
2022,3549409,0.2
2022,3549508,1.4
2022,3549607,0.0
2022,3549706,0.3
2022,3549805,0.3
2022,3549904,0.1
2022,3549953,0.0
2022,3550001,0.0
2022,3550100,0.3
2022,3550209,0.3
2022,3550308,0.8
2022,3550407,0.4
2022,3550506,0.7
2022,3550605,0.2
2022,3550704,0.0
2022,3550803,0.6
2022,3550902,0.7
2022,3551009,0.3
2022,3551108,0.3
2022,3551207,1.9
2022,3551306,0.0
2022,3551405,1.0
2022,3551504,1.5
2022,3551603,0.0
2022,3551702,0.2
2022,3551801,0.0
2022,3551900,0.1
2022,3552007,0.6
2022,3552106,0.1
2022,3552205,0.4
2022,3552304,0.4
2022,3552403,0.6
2022,3552502,0.5
2022,3552551,0.0
2022,3552601,0.1
2022,3552700,0.4
2022,3552809,0.5
2022,3552908,0.0
2022,3553005,0.0
2022,3553104,0.0
2022,3553203,0.0
2022,3553302,0.2
2022,3553401,0.0
2022,3553500,0.0
2022,3553609,0.0
2022,3553658,0.4
2022,3553708,0.2
2022,3553807,0.2
2022,3553856,0.0
2022,3553906,0.1
2022,3553955,0.0
2022,3554003,0.8
2022,3554102,0.1
2022,3554201,0.5
2022,3554300,0.0
2022,3554409,0.1
2022,3554508,0.1
2022,3554607,0.0
2022,3554656,2.6
2022,3554706,0.1
2022,3554755,0.0
2022,3554805,0.1
2022,3554904,0.4
2022,3554953,0.0
2022,3555000,0.2
2022,3555109,0.0
2022,3555208,0.0
2022,3555307,0.0
2022,3555356,0.0
2022,3555406,0.3
2022,3555505,0.0
2022,3555604,0.0
2022,3555703,0.5
2022,3555802,0.4
2022,3555901,0.0
2022,3556008,0.0
2022,3556107,0.8
2022,3556206,0.3
2022,3556305,0.1
2022,3556354,0.0
2022,3556404,0.4
2022,3556453,0.2
2022,3556503,0.2
2022,3556602,0.0
2022,3556701,0.0
2022,3556800,0.0
2022,3556909,0.0
2022,3556958,0.0
2022,3557006,0.5
2022,3557105,0.1
2022,3557154,0.0
2022,3557204,0.1
2022,3557303,0.7
2022,4100103,0.0
2022,4100202,0.2
2022,4100301,0.7
2022,4100400,1.4
2022,4100459,0.0
2022,4100509,0.0
2022,4100608,0.1
2022,4100707,0.0
2022,4100806,0.1
2022,4100905,0.0
2022,4101002,0.0
2022,4101051,0.6
2022,4101101,0.0
2022,4101150,0.2
2022,4101200,0.2
2022,4101309,0.7
2022,4101408,0.7
2022,4101507,0.2
2022,4101606,0.0
2022,4101655,0.0
2022,4101705,0.0
2022,4101804,0.3
2022,4101853,0.0
2022,4101903,0.1
2022,4102000,0.3
2022,4102109,0.2
2022,4102208,0.3
2022,4102307,0.5
2022,4102406,0.0
2022,4102505,0.0
2022,4102604,0.3
2022,4102703,0.0
2022,4102752,0.6
2022,4102802,0.6
2022,4102901,0.0
2022,4103008,0.6
2022,4103024,0.0
2022,4103040,0.1
2022,4103057,0.2
2022,4103107,1.2
2022,4103156,0.0
2022,4103206,0.4
2022,4103222,0.2
2022,4103305,0.4
2022,4103354,0.2
2022,4103370,0.3
2022,4103404,0.0
2022,4103453,0.2
2022,4103479,0.4
2022,4103503,0.1
2022,4103602,0.1
2022,4103701,0.6
2022,4103800,0.1
2022,4103909,0.1
2022,4103958,0.2
2022,4104006,0.3
2022,4104055,0.0
2022,4104105,0.9
2022,4104204,0.1
2022,4104253,0.8
2022,4104303,0.3
2022,4104402,0.3
2022,4104428,0.5
2022,4104451,0.3
2022,4104501,0.0
2022,4104600,0.0
2022,4104659,0.6
2022,4104709,0.0
2022,4104808,0.3
2022,4104907,0.4
2022,4105003,0.3
2022,4105102,0.6
2022,4105201,1.5
2022,4105300,0.1
2022,4105409,0.1
2022,4105508,0.3
2022,4105607,0.6
2022,4105706,0.8
2022,4105805,0.7
2022,4105904,0.9
2022,4106001,0.2
2022,4106100,0.2
2022,4106209,0.1
2022,4106308,0.1
2022,4106407,0.1
2022,4106456,0.2
2022,4106506,0.8
2022,4106555,0.0
2022,4106571,0.2
2022,4106605,0.0
2022,4106704,0.0
2022,4106803,0.2
2022,4106852,0.0
2022,4106902,0.3
2022,4107009,0.5
2022,4107108,0.0
2022,4107124,0.0
2022,4107157,1.2
2022,4107207,0.1
2022,4107256,0.0
2022,4107306,0.2
2022,4107405,0.4
2022,4107504,0.1
2022,4107520,0.0
2022,4107538,0.2
2022,4107546,0.0
2022,4107553,0.0
2022,4107603,0.0
2022,4107652,0.4
2022,4107702,0.9
2022,4107736,0.0
2022,4107751,0.3
2022,4107801,0.2
2022,4107850,0.0
2022,4107900,1.2
2022,4108007,0.2
2022,4108106,1.0
2022,4108205,0.0
2022,4108304,0.5
2022,4108320,0.0
2022,4108403,0.1
2022,4108452,0.0
2022,4108502,0.5
2022,4108551,0.0
2022,4108601,0.3
2022,4108650,1.0
2022,4108700,0.0
2022,4108809,0.4
2022,4108908,0.0
2022,4108957,0.3
2022,4109005,0.8
2022,4109104,0.0
2022,4109203,0.2
2022,4109302,0.0
2022,4109401,1.0
2022,4109500,1.0
2022,4109609,0.6
2022,4109658,0.1
2022,4109708,0.3
2022,4109757,0.0
2022,4109807,0.6
2022,4109906,0.1
2022,4110003,0.1
2022,4110052,0.0
2022,4110078,0.8
2022,4110102,0.5
2022,4110201,0.4
2022,4110300,0.0
2022,4110409,1.1
2022,4110508,0.1
2022,4110607,0.4
2022,4110656,3.4
2022,4110706,0.2
2022,4110805,0.3
2022,4110904,0.2
2022,4110953,0.1
2022,4111001,0.6
2022,4111100,0.3
2022,4111209,0.1
2022,4111258,0.9
2022,4111308,0.0
2022,4111407,0.4
2022,4111506,0.1
2022,4111555,0.0
2022,4111605,0.5
2022,4111704,0.0
2022,4111803,0.2
2022,4111902,0.8
2022,4112009,0.2
2022,4112108,0.0
2022,4112207,1.3
2022,4112306,0.2
2022,4112405,0.0
2022,4112504,0.1
2022,4112603,0.0
2022,4112702,0.1
2022,4112751,0.1
2022,4112801,0.5
2022,4112900,0.0
2022,4112959,0.5
2022,4113007,0.1
2022,4113106,0.2
2022,4113205,0.2
2022,4113254,0.5
2022,4113304,0.2
2022,4113403,0.0
2022,4113429,0.0
2022,4113452,0.0
2022,4113502,0.2
2022,4113601,0.4
2022,4113700,0.6
2022,4113734,1.6
2022,4113759,0.0
2022,4113809,0.2
2022,4113908,0.0
2022,4114005,0.2
2022,4114104,0.2
2022,4114203,0.5
2022,4114302,0.6
2022,4114351,0.0
2022,4114401,0.2
2022,4114500,1.4
2022,4114609,0.3
2022,4114708,0.4
2022,4114807,0.4
2022,4114906,0.7
2022,4115002,0.0
2022,4115101,0.0
2022,4115200,0.5
2022,4115309,0.5
2022,4115358,0.1
2022,4115408,0.3
2022,4115457,0.5
2022,4115507,0.0
2022,4115606,0.5
2022,4115705,0.2
2022,4115739,0.6
2022,4115754,1.6
2022,4115804,0.4
2022,4115853,0.1
2022,4115903,0.0
2022,4116000,0.0
2022,4116059,0.6
2022,4116109,0.1
2022,4116208,0.1
2022,4116307,0.2
2022,4116406,0.2
2022,4116505,0.0
2022,4116604,0.3
2022,4116703,0.4
2022,4116802,0.0
2022,4116901,0.0
2022,4116950,0.2
2022,4117008,0.0
2022,4117057,0.3
2022,4117107,0.3
2022,4117206,0.1
2022,4117214,0.0
2022,4117222,0.9
2022,4117255,0.0
2022,4117271,0.6
2022,4117297,0.3
2022,4117305,0.6
2022,4117404,0.2
2022,4117453,0.5
2022,4117503,0.8
2022,4117602,0.8
2022,4117701,0.6
2022,4117800,0.6
2022,4117909,0.2
2022,4118006,0.8
2022,4118105,0.0
2022,4118204,0.4
2022,4118303,0.6
2022,4118402,0.1
2022,4118451,0.0
2022,4118501,0.2
2022,4118600,0.5
2022,4118709,0.0
2022,4118808,0.0
2022,4118857,1.1
2022,4118907,0.1
2022,4119004,0.0
2022,4119103,0.0
2022,4119152,0.4
2022,4119202,0.0
2022,4119251,0.3
2022,4119301,0.3
2022,4119400,0.2
2022,4119509,0.9
2022,4119608,0.1
2022,4119657,0.3
2022,4119707,0.2
2022,4119806,0.2
2022,4119905,0.6
2022,4119954,0.6
2022,4120002,0.2
2022,4120101,0.6
2022,4120150,0.3
2022,4120200,0.0
2022,4120309,0.2
2022,4120333,1.0
2022,4120358,0.2
2022,4120408,0.3
2022,4120507,1.4
2022,4120606,0.4
2022,4120655,0.4
2022,4120705,0.2
2022,4120804,0.2
2022,4120853,0.0
2022,4120903,0.2
2022,4121000,0.2
2022,4121109,0.6
2022,4121208,0.0
2022,4121257,2.7
2022,4121307,0.4
2022,4121356,0.4
2022,4121406,0.0
2022,4121505,0.3
2022,4121604,0.0
2022,4121703,0.4
2022,4121752,1.3
2022,4121802,0.1
2022,4121901,0.0
2022,4122008,0.0
2022,4122107,0.0
2022,4122156,0.2
2022,4122172,0.0
2022,4122206,0.2
2022,4122305,0.1
2022,4122404,0.6
2022,4122503,1.2
2022,4122602,1.8
2022,4122651,0.0
2022,4122701,0.0
2022,4122800,0.3
2022,4122909,0.0
2022,4123006,0.1
2022,4123105,0.0
2022,4123204,0.3
2022,4123303,0.0
2022,4123402,0.6
2022,4123501,0.1
2022,4123600,0.0
2022,4123709,0.1
2022,4123808,0.7
2022,4123824,0.8
2022,4123857,0.4
2022,4123907,0.0
2022,4123956,0.5
2022,4124004,0.3
2022,4124020,0.2
2022,4124053,0.2
2022,4124103,0.5
2022,4124202,0.0
2022,4124301,0.0
2022,4124400,0.2
2022,4124509,0.1
2022,4124608,0.1
2022,4124707,0.9
2022,4124806,0.0
2022,4124905,0.9
2022,4125001,0.0
2022,4125100,0.4
2022,4125209,0.0
2022,4125308,0.4
2022,4125357,0.1
2022,4125407,0.0
2022,4125456,0.0
2022,4125506,0.6
2022,4125555,0.0
2022,4125605,0.1
2022,4125704,0.5
2022,4125753,0.7
2022,4125803,0.1
2022,4125902,0.4
2022,4126009,0.0
2022,4126108,0.0
2022,4126207,0.5
2022,4126256,1.3
2022,4126272,0.1
2022,4126306,0.1
2022,4126355,0.0
2022,4126405,0.2
2022,4126504,0.6
2022,4126603,0.6
2022,4126652,0.8
2022,4126678,0.5
2022,4126702,0.4
2022,4126801,0.1
2022,4126900,0.2
2022,4127007,0.2
2022,4127106,0.3
2022,4127205,0.2
2022,4127304,0.0
2022,4127403,1.5
2022,4127502,1.4
2022,4127601,0.7
2022,4127700,0.3
2022,4127809,0.0
2022,4127858,1.2
2022,4127882,0.9
2022,4127908,0.0
2022,4127957,0.0
2022,4127965,0.8
2022,4128005,0.5
2022,4128104,0.3
2022,4128203,0.2
2022,4128302,0.4
2022,4128401,0.3
2022,4128500,0.2
2022,4128534,1.2
2022,4128559,0.2
2022,4128609,0.0
2022,4128625,0.5
2022,4128633,0.7
2022,4128658,0.2
2022,4128708,0.0
2022,4128807,0.0
2022,4200051,0.3
2022,4200101,0.5
2022,4200200,0.1
2022,4200309,0.6
2022,4200408,0.2
2022,4200507,0.0
2022,4200556,0.0
2022,4200606,0.6
2022,4200705,0.2
2022,4200754,0.6
2022,4200804,0.4
2022,4200903,0.3
2022,4201000,0.0
2022,4201109,0.9
2022,4201208,0.0
2022,4201257,0.2
2022,4201273,0.0
2022,4201307,0.3
2022,4201406,0.5
2022,4201505,0.0
2022,4201604,0.0
2022,4201653,0.0
2022,4201703,0.1
2022,4201802,0.0
2022,4201901,0.0
2022,4201950,1.4
2022,4202008,0.4
2022,4202057,0.1
2022,4202073,0.6
2022,4202081,0.2
2022,4202099,0.0
2022,4202107,0.7
2022,4202131,0.3
2022,4202156,0.9
2022,4202206,0.6
2022,4202305,1.3
2022,4202404,0.3
2022,4202438,0.4
2022,4202453,0.2
2022,4202503,0.2
2022,4202537,0.5
2022,4202578,0.8
2022,4202602,1.0
2022,4202701,0.3
2022,4202800,0.2
2022,4202859,0.4
2022,4202875,0.7
2022,4202909,0.2
2022,4203006,0.4
2022,4203105,0.0
2022,4203154,0.8
2022,4203204,0.7
2022,4203253,0.0
2022,4203303,0.1
2022,4203402,0.4
2022,4203501,0.4
2022,4203600,0.9
2022,4203709,0.2
2022,4203808,0.3
2022,4203907,0.4
2022,4203956,0.2
2022,4204004,0.1
2022,4204103,1.1
2022,4204152,0.3
2022,4204178,0.3
2022,4204194,0.0
2022,4204202,0.3
2022,4204251,0.1
2022,4204301,0.3
2022,4204350,0.0
2022,4204400,0.5
2022,4204459,0.0
2022,4204509,0.0
2022,4204558,0.0
2022,4204608,0.2
2022,4204707,1.1
2022,4204756,0.0
2022,4204806,0.4
2022,4204905,0.2
2022,4205001,0.6
2022,4205100,0.2
2022,4205159,0.3
2022,4205175,1.5
2022,4205191,0.0
2022,4205209,0.2
2022,4205308,0.1
2022,4205357,0.9
2022,4205407,0.4
2022,4205431,0.0
2022,4205456,0.5
2022,4205506,0.0
2022,4205555,0.3
2022,4205605,0.2
2022,4205704,0.2
2022,4205803,0.1
2022,4205902,0.3
2022,4206009,0.5
2022,4206108,0.1
2022,4206207,0.6
2022,4206306,0.4
2022,4206405,0.1
2022,4206504,0.2
2022,4206603,0.4
2022,4206652,0.3
2022,4206702,0.1
2022,4206751,0.0
2022,4206801,0.0
2022,4206900,0.1
2022,4207007,0.4
2022,4207106,0.2
2022,4207205,1.1
2022,4207304,0.3
2022,4207403,0.1
2022,4207502,0.0
2022,4207577,0.3
2022,4207601,0.0
2022,4207650,0.4
2022,4207684,0.1
2022,4207700,0.0
2022,4207759,0.2
2022,4207809,0.3
2022,4207858,1.3
2022,4207908,0.0
2022,4208005,0.0
2022,4208104,0.0
2022,4208203,0.5
2022,4208302,0.6
2022,4208401,0.2
2022,4208450,0.0
2022,4208500,0.1
2022,4208609,0.7
2022,4208708,0.2
2022,4208807,0.4
2022,4208906,0.1
2022,4208955,0.4
2022,4209003,0.0
2022,4209102,0.2
2022,4209151,1.4
2022,4209177,0.4
2022,4209201,0.0
2022,4209300,0.5
2022,4209409,0.4
2022,4209458,0.0
2022,4209508,0.2
2022,4209607,0.4
2022,4209706,3.0
2022,4209805,0.3
2022,4209854,0.0
2022,4209904,0.5
2022,4210001,1.0
2022,4210035,0.0
2022,4210050,0.4
2022,4210100,0.0
2022,4210209,0.3
2022,4210308,0.1
2022,4210407,0.3
2022,4210506,0.1
2022,4210555,0.5
2022,4210605,0.1
2022,4210704,3.7
2022,4210803,0.0
2022,4210852,0.0
2022,4210902,0.0
2022,4211009,0.0
2022,4211058,0.0
2022,4211108,0.5
2022,4211207,1.7
2022,4211256,0.0
2022,4211306,0.3
2022,4211405,0.2
2022,4211454,0.4
2022,4211504,0.2
2022,4211603,0.6
2022,4211652,2.7
2022,4211702,0.4
2022,4211751,0.9
2022,4211801,0.1
2022,4211850,0.0
2022,4211876,0.4
2022,4211892,0.3
2022,4211900,1.1
2022,4212007,0.4
2022,4212056,0.5
2022,4212106,0.6
2022,4212205,0.2
2022,4212239,0.2
2022,4212254,0.2
2022,4212270,0.0
2022,4212304,0.3
2022,4212403,0.4
2022,4212502,0.3
2022,4212601,0.3
2022,4212650,0.3
2022,4212700,0.0
2022,4212809,0.2
2022,4212908,0.2
2022,4213005,0.4
2022,4213104,0.0
2022,4213153,0.3
2022,4213203,0.0
2022,4213302,0.9
2022,4213351,0.0
2022,4213401,0.7
2022,4213500,0.3
2022,4213609,0.4
2022,4213708,0.7
2022,4213807,0.5
2022,4213906,0.0
2022,4214003,0.1
2022,4214102,0.0
2022,4214151,0.0
2022,4214201,0.0
2022,4214300,0.0
2022,4214409,0.6
2022,4214508,0.0
2022,4214607,0.4
2022,4214706,0.2
2022,4214805,0.2
2022,4214904,0.0
2022,4215000,0.1
2022,4215059,0.7
2022,4215075,0.8
2022,4215109,0.1
2022,4215208,0.2
2022,4215307,0.2
2022,4215356,0.0
2022,4215406,0.0
2022,4215455,0.4
2022,4215505,0.3
2022,4215554,0.4
2022,4215604,0.0
2022,4215653,0.1
2022,4215679,0.3
2022,4215687,0.7
2022,4215695,0.0
2022,4215703,0.0
2022,4215752,0.6
2022,4215802,0.1
2022,4215901,0.0
2022,4216008,0.1
2022,4216057,0.3
2022,4216107,0.2
2022,4216206,0.6
2022,4216255,0.2
2022,4216305,0.3
2022,4216354,0.1
2022,4216404,1.0
2022,4216503,0.6
2022,4216602,0.7
2022,4216701,0.6
2022,4216800,0.6
2022,4216909,0.2
2022,4217006,0.2
2022,4217105,0.7
2022,4217154,0.0
2022,4217204,0.3
2022,4217253,0.3
2022,4217303,0.2
2022,4217402,0.0
2022,4217501,0.0
2022,4217550,0.2
2022,4217600,1.6
2022,4217709,0.2
2022,4217758,0.0
2022,4217808,0.0
2022,4217907,0.7
2022,4217956,0.0
2022,4218004,0.6
2022,4218103,0.0
2022,4218202,0.0
2022,4218251,0.2
2022,4218301,0.2
2022,4218350,0.0
2022,4218400,4.0
2022,4218509,0.0
2022,4218608,0.6
2022,4218707,0.3
2022,4218756,0.0
2022,4218806,0.2
2022,4218855,0.6
2022,4218905,1.1
2022,4218954,0.0
2022,4219002,0.0
2022,4219101,0.7
2022,4219150,0.7
2022,4219176,0.5
2022,4219200,0.4
2022,4219309,0.7
2022,4219358,0.0
2022,4219408,0.2
2022,4219507,0.1
2022,4219606,0.0
2022,4219705,0.5
2022,4219853,0.1
2022,4220000,0.5
2022,4300034,0.0
2022,4300059,1.8
2022,4300109,0.8
2022,4300208,0.3
2022,4300307,0.2
2022,4300406,0.2
2022,4300455,0.0
2022,4300471,0.0
2022,4300505,0.0
2022,4300554,0.6
2022,4300570,0.4
2022,4300604,1.2
2022,4300638,1.4
2022,4300646,1.2
2022,4300661,0.0
2022,4300703,1.4
2022,4300802,0.5
2022,4300851,1.3
2022,4300877,0.7
2022,4300901,0.0
2022,4301008,0.7
2022,4301057,0.9
2022,4301073,0.0
2022,4301107,0.7
2022,4301206,0.5
2022,4301305,1.2
2022,4301404,0.5
2022,4301503,0.7
2022,4301552,0.0
2022,4301602,0.7
2022,4301636,2.2
2022,4301651,0.2
2022,4301701,1.2
2022,4301750,0.9
2022,4301800,2.0
2022,4301859,0.3
2022,4301875,0.1
2022,4301909,1.0
2022,4301925,0.0
2022,4301958,0.0
2022,4302006,0.4
2022,4302055,0.0
2022,4302105,0.7
2022,4302154,0.8
2022,4302204,0.5
2022,4302220,0.5
2022,4302238,0.0
2022,4302253,0.0
2022,4302303,0.4
2022,4302352,0.5
2022,4302378,0.9
2022,4302402,0.7
2022,4302451,4.6
2022,4302501,0.5
2022,4302584,0.6
2022,4302600,0.6
2022,4302659,1.6
2022,4302709,0.6
2022,4302808,0.8
2022,4302907,0.3
2022,4303004,1.2
2022,4303103,0.7
2022,4303202,0.4
2022,4303301,0.6
2022,4303400,0.7
2022,4303509,1.1
2022,4303558,0.4
2022,4303608,0.3
2022,4303673,0.9
2022,4303707,0.2
2022,4303806,0.0
2022,4303905,0.4
2022,4304002,0.6
2022,4304101,0.0
2022,4304200,1.7
2022,4304309,0.9
2022,4304358,0.5
2022,4304408,1.6
2022,4304507,2.1
2022,4304606,1.5
2022,4304614,0.0
2022,4304622,0.0
2022,4304630,1.4
2022,4304655,0.6
2022,4304663,1.2
2022,4304671,0.9
2022,4304689,1.6
2022,4304697,2.1
2022,4304705,1.1
2022,4304713,1.6
2022,4304804,0.2
2022,4304853,0.8
2022,4304903,0.4
2022,4304952,0.8
2022,4305009,0.1
2022,4305108,0.9
2022,4305116,0.0
2022,4305124,0.3
2022,4305132,0.3
2022,4305157,0.5
2022,4305173,0.5
2022,4305207,1.4
2022,4305306,0.9
2022,4305355,0.8
2022,4305371,0.0
2022,4305405,0.0
2022,4305439,1.5
2022,4305447,0.8
2022,4305454,1.4
2022,4305504,0.3
2022,4305587,1.6
2022,4305603,0.0
2022,4305702,1.4
2022,4305801,1.5
2022,4305835,0.0
2022,4305850,0.5
2022,4305871,0.0
2022,4305900,1.5
2022,4305934,0.0
2022,4305959,0.0
2022,4305975,0.0
2022,4306007,0.6
2022,4306056,0.8
2022,4306072,0.7
2022,4306106,1.0
2022,4306130,0.0
2022,4306205,1.8
2022,4306304,0.0
2022,4306320,0.0
2022,4306353,0.0
2022,4306379,1.8
2022,4306403,0.6
2022,4306429,0.4
2022,4306452,0.0
2022,4306502,4.0
2022,4306551,1.4
2022,4306601,2.4
2022,4306700,0.0
2022,4306734,0.5
2022,4306759,1.4
2022,4306767,1.6
2022,4306809,1.3
2022,4306908,2.0
2022,4306924,2.1
2022,4306932,1.1
2022,4306957,0.8
2022,4306973,0.9
2022,4307005,0.6
2022,4307054,0.3
2022,4307104,1.2
2022,4307203,0.8
2022,4307302,0.0
2022,4307401,0.4
2022,4307450,0.0
2022,4307500,0.5
2022,4307559,0.4
2022,4307609,0.2
2022,4307708,0.2
2022,4307807,0.6
2022,4307815,1.8
2022,4307831,1.6
2022,4307864,0.0
2022,4307906,0.1
2022,4308003,1.0
2022,4308052,4.9
2022,4308078,0.2
2022,4308102,1.0
2022,4308201,0.5
2022,4308250,0.8
2022,4308300,0.2
2022,4308409,1.5
2022,4308433,0.0
2022,4308458,0.0
2022,4308508,1.0
2022,4308607,0.4
2022,4308656,0.6
2022,4308706,1.1
2022,4308805,0.2
2022,4308854,1.4
2022,4308904,0.3
2022,4309001,0.1
2022,4309050,0.1
2022,4309100,0.8
2022,4309126,2.1
2022,4309159,1.5
2022,4309209,0.8
2022,4309258,0.9
2022,4309308,1.0
2022,4309407,0.1
2022,4309506,0.3
2022,4309555,0.8
2022,4309571,1.8
2022,4309605,0.1
2022,4309654,0.1
2022,4309704,0.7
2022,4309753,0.5
2022,4309803,0.3
2022,4309902,0.2
2022,4309951,0.0
2022,4310009,0.6
2022,4310108,0.7
2022,4310207,0.2
2022,4310306,2.1
2022,4310330,0.4
2022,4310363,0.6
2022,4310405,1.8
2022,4310413,0.0
2022,4310439,0.8
2022,4310462,0.0
2022,4310504,1.1
2022,4310538,0.2
2022,4310553,0.6
2022,4310579,0.0
2022,4310603,0.3
2022,4310652,1.1
2022,4310702,0.7
2022,4310751,1.8
2022,4310801,0.0
2022,4310850,0.4
2022,4310876,0.3
2022,4310900,0.0
2022,4311007,0.9
2022,4311106,0.3
2022,4311122,2.5
2022,4311130,0.6
2022,4311155,0.1
2022,4311205,0.8
2022,4311239,0.5
2022,4311254,0.6
2022,4311270,0.0
2022,4311304,0.4
2022,4311403,0.6
2022,4311429,0.6
2022,4311502,1.8
2022,4311601,0.2
2022,4311627,0.1
2022,4311643,0.8
2022,4311700,1.4
2022,4311718,2.2
2022,4311734,0.3
2022,4311759,0.5
2022,4311775,0.8
2022,4311791,0.0
2022,4311809,0.8
2022,4311908,0.2
2022,4311981,0.2
2022,4312005,0.0
2022,4312054,0.3
2022,4312104,0.0
2022,4312138,0.7
2022,4312153,1.6
2022,4312179,0.0
2022,4312203,0.0
2022,4312252,0.3
2022,4312302,0.1
2022,4312351,0.9
2022,4312377,0.2
2022,4312385,0.0
2022,4312401,1.0
2022,4312427,0.6
2022,4312443,0.0
2022,4312450,1.0
2022,4312476,0.0
2022,4312500,1.8
2022,4312609,1.8
2022,4312617,3.9
2022,4312625,1.8
2022,4312658,0.8
2022,4312674,0.8
2022,4312708,0.4
2022,4312757,2.1
2022,4312807,0.1
2022,4312906,0.8
2022,4312955,0.4
2022,4313003,0.5
2022,4313011,0.4
2022,4313037,0.0
2022,4313060,0.1
2022,4313086,0.0
2022,4313102,0.2
2022,4313201,0.3
2022,4313300,0.4
2022,4313334,0.5
2022,4313359,0.4
2022,4313375,1.2
2022,4313391,0.8
2022,4313409,0.9
2022,4313425,2.4
2022,4313441,0.0
2022,4313466,0.0
2022,4313490,0.3
2022,4313508,0.4
2022,4313607,0.4
2022,4313656,1.8
2022,4313706,0.6
2022,4313805,0.5
2022,4313904,0.5
2022,4313953,1.4
2022,4314001,0.3
2022,4314027,3.0
2022,4314035,1.1
2022,4314050,1.1
2022,4314068,0.9
2022,4314076,0.5
2022,4314100,1.0
2022,4314134,0.0
2022,4314159,2.4
2022,4314175,0.8
2022,4314209,0.9
2022,4314308,0.3
2022,4314407,0.7
2022,4314423,0.0
2022,4314456,0.5
2022,4314464,0.8
2022,4314472,1.8
2022,4314498,0.2
2022,4314506,0.8
2022,4314548,0.0
2022,4314555,0.0
2022,4314605,1.3
2022,4314704,0.5
2022,4314753,0.4
2022,4314779,0.0
2022,4314787,0.0
2022,4314803,1.0
2022,4314902,1.0
2022,4315008,0.6
2022,4315057,1.9
2022,4315073,0.0
2022,4315107,1.0
2022,4315131,1.2
2022,4315149,0.3
2022,4315156,0.5
2022,4315172,0.0
2022,4315206,1.3
2022,4315305,1.6
2022,4315313,0.0
2022,4315321,0.7
2022,4315354,0.5
2022,4315404,0.6
2022,4315453,0.0
2022,4315503,0.2
2022,4315552,0.3
2022,4315602,1.7
2022,4315701,1.5
2022,4315750,0.4
2022,4315800,0.3
2022,4315909,0.6
2022,4315958,0.0
2022,4316006,0.4
2022,4316105,0.2
2022,4316204,0.4
2022,4316303,0.5
2022,4316402,1.1
2022,4316428,1.2
2022,4316436,0.0
2022,4316451,4.1
2022,4316477,0.0
2022,4316501,0.2
2022,4316600,0.4
2022,4316709,1.2
2022,4316733,0.0
2022,4316758,0.9
2022,4316808,0.7
2022,4316907,0.6
2022,4316956,0.6
2022,4316972,5.2
2022,4317004,3.0
2022,4317103,2.1
2022,4317202,0.5
2022,4317251,0.0
2022,4317301,1.0
2022,4317400,0.4
2022,4317509,1.1
2022,4317558,1.3
2022,4317608,0.8
2022,4317707,1.2
2022,4317756,0.8
2022,4317806,0.4
2022,4317905,0.2
2022,4317954,0.5
2022,4318002,0.8
2022,4318051,0.4
2022,4318101,0.5
2022,4318200,1.5
2022,4318309,2.6
2022,4318408,0.7
2022,4318424,0.0
2022,4318432,1.0
2022,4318440,0.0
2022,4318457,0.0
2022,4318465,0.0
2022,4318481,2.0
2022,4318499,0.0
2022,4318507,1.3
2022,4318606,0.3
2022,4318614,0.5
2022,4318622,0.8
2022,4318705,1.6
2022,4318804,1.4
2022,4318903,0.5
2022,4319000,2.2
2022,4319109,1.3
2022,4319125,1.5
2022,4319158,1.0
2022,4319208,0.5
2022,4319307,0.4
2022,4319356,0.5
2022,4319364,0.9
2022,4319372,0.4
2022,4319406,0.3
2022,4319505,0.7
2022,4319604,1.1
2022,4319703,0.3
2022,4319711,0.0
2022,4319737,0.0
2022,4319752,0.4
2022,4319802,0.6
2022,4319901,0.7
2022,4320008,1.0
2022,4320107,0.9
2022,4320206,1.1
2022,4320230,1.4
2022,4320263,1.1
2022,4320305,0.6
2022,4320321,1.6
2022,4320354,0.6
2022,4320404,0.1
2022,4320453,0.5
2022,4320503,0.2
2022,4320552,0.2
2022,4320578,0.0
2022,4320602,0.0
2022,4320651,0.0
2022,4320677,1.4
2022,4320701,2.1
2022,4320800,1.3
2022,4320859,1.4
2022,4320909,0.1
2022,4321006,0.4
2022,4321105,1.2
2022,4321204,1.3
2022,4321303,0.5
2022,4321329,0.3
2022,4321352,1.0
2022,4321402,1.2
2022,4321436,2.1
2022,4321451,0.3
2022,4321469,1.0
2022,4321477,1.5
2022,4321493,0.0
2022,4321501,0.5
2022,4321600,1.2
2022,4321626,0.0
2022,4321634,0.0
2022,4321667,0.6
2022,4321709,0.2
2022,4321808,0.9
2022,4321832,0.3
2022,4321857,0.6
2022,4321907,0.2
2022,4321956,0.2
2022,4322004,1.0
2022,4322103,1.1
2022,4322152,0.5
2022,4322186,0.7
2022,4322202,0.9
2022,4322251,0.0
2022,4322301,0.6
2022,4322327,1.2
2022,4322343,0.0
2022,4322350,2.3
2022,4322376,0.0
2022,4322400,1.0
2022,4322509,2.0
2022,4322525,0.6
2022,4322533,2.3
2022,4322541,1.7
2022,4322558,1.0
2022,4322608,1.0
2022,4322707,1.0
2022,4322806,0.0
2022,4322855,0.0
2022,4322905,0.3
2022,4323002,1.8
2022,4323101,0.2
2022,4323200,0.4
2022,4323309,0.0
2022,4323358,0.0
2022,4323408,0.3
2022,4323457,1.1
2022,4323507,0.4
2022,4323606,0.0
2022,4323705,0.0
2022,4323754,0.0
2022,4323770,0.0
2022,4323804,2.1
2022,5000203,0.0
2022,5000252,2.1
2022,5000609,1.4
2022,5000708,0.9
2022,5000807,0.2
2022,5000856,0.0
2022,5000906,2.7
2022,5001003,0.3
2022,5001102,0.6
2022,5001243,1.2
2022,5001508,0.1
2022,5001904,0.1
2022,5002001,0.0
2022,5002100,0.4
2022,5002159,0.1
2022,5002209,1.2
2022,5002308,1.2
2022,5002407,1.2
2022,5002605,0.4
2022,5002704,0.3
2022,5002803,2.1
2022,5002902,0.1
2022,5002951,0.0
2022,5003108,0.6
2022,5003157,0.4
2022,5003207,1.1
2022,5003256,0.2
2022,5003306,0.1
2022,5003454,0.3
2022,5003488,0.6
2022,5003504,3.5
2022,5003702,2.0
2022,5003751,2.9
2022,5003801,1.4
2022,5003900,0.0
2022,5004007,0.0
2022,5004106,0.0
2022,5004304,1.0
2022,5004403,1.0
2022,5004502,2.0
2022,5004601,2.1
2022,5004700,1.0
2022,5004809,0.2
2022,5004908,0.8
2022,5005004,0.2
2022,5005103,2.0
2022,5005152,0.5
2022,5005202,0.5
2022,5005251,1.1
2022,5005400,0.3
2022,5005608,0.7
2022,5005681,0.2
2022,5005707,0.4
2022,5005806,1.5
2022,5006002,0.3
2022,5006200,0.3
2022,5006259,3.0
2022,5006275,0.0
2022,5006309,1.3
2022,5006358,0.3
2022,5006408,0.5
2022,5006606,0.4
2022,5006903,2.2
2022,5007109,2.7
2022,5007208,0.8
2022,5007307,1.1
2022,5007406,0.2
2022,5007505,0.0
2022,5007554,0.5
2022,5007695,0.1
2022,5007703,0.9
2022,5007802,1.2
2022,5007901,0.8
2022,5007935,0.2
2022,5007950,0.2
2022,5007976,0.0
2022,5008008,0.2
2022,5008305,0.9
2022,5008404,0.0
2022,5100102,0.0
2022,5100201,1.4
2022,5100250,0.6
2022,5100300,0.1
2022,5100359,0.1
2022,5100409,0.1
2022,5100508,2.3
2022,5100607,0.1
2022,5100805,1.2
2022,5101001,0.6
2022,5101209,0.0
2022,5101258,0.0
2022,5101308,0.3
2022,5101407,0.8
2022,5101605,0.5
2022,5101704,0.7
2022,5101803,0.6
2022,5101852,0.0
2022,5101902,0.6
2022,5102504,0.3
2022,5102603,3.0
2022,5102637,0.4
2022,5102678,0.1
2022,5102686,0.7
2022,5102694,0.0
2022,5102702,0.7
2022,5102793,0.0
2022,5102850,0.7
2022,5103007,1.7
2022,5103056,0.1
2022,5103106,0.5
2022,5103205,1.0
2022,5103254,1.4
2022,5103304,0.7
2022,5103353,0.6
2022,5103361,0.7
2022,5103379,1.2
2022,5103403,0.3
2022,5103437,0.6
2022,5103452,0.4
2022,5103502,0.2
2022,5103601,0.2
2022,5103700,1.0
2022,5103809,0.3
2022,5103858,0.6
2022,5103908,0.2
2022,5103957,0.0
2022,5104104,0.3
2022,5104203,0.2
2022,5104500,0.0
2022,5104526,0.2
2022,5104542,1.2
2022,5104559,0.8
2022,5104609,0.9
2022,5104807,0.2
2022,5104906,0.0
2022,5105002,0.4
2022,5105101,0.1
2022,5105150,0.7
2022,5105176,0.0
2022,5105200,0.1
2022,5105234,0.3
2022,5105259,0.1
2022,5105309,0.5
2022,5105507,2.2
2022,5105580,1.8
2022,5105606,0.2
2022,5105622,0.3
2022,5105903,0.0
2022,5106000,1.9
2022,5106109,0.2
2022,5106158,0.2
2022,5106174,0.0
2022,5106182,0.9
2022,5106190,0.2
2022,5106208,0.2
2022,5106216,0.3
2022,5106224,0.5
2022,5106232,0.1
2022,5106240,0.6
2022,5106257,0.4
2022,5106265,0.0
2022,5106273,0.5
2022,5106281,0.6
2022,5106299,0.1
2022,5106307,0.1
2022,5106315,1.0
2022,5106372,0.1
2022,5106422,0.4
2022,5106455,0.0
2022,5106505,0.2
2022,5106653,1.3
2022,5106703,0.8
2022,5106752,0.4
2022,5106778,0.1
2022,5106802,0.0
2022,5106828,0.9
2022,5106851,0.2
2022,5107008,0.6
2022,5107040,0.0
2022,5107065,0.0
2022,5107107,0.2
2022,5107156,0.0
2022,5107180,0.3
2022,5107198,0.3
2022,5107206,1.1
2022,5107248,0.5
2022,5107263,0.0
2022,5107297,0.0
2022,5107305,1.0
2022,5107354,0.0
2022,5107404,0.4
2022,5107578,1.6
2022,5107602,0.3
2022,5107701,0.7
2022,5107743,0.0
2022,5107750,0.2
2022,5107768,0.0
2022,5107776,1.4
2022,5107792,1.0
2022,5107800,0.1
2022,5107859,0.4
2022,5107875,0.0
2022,5107883,2.9
2022,5107909,0.6
2022,5107925,0.3
2022,5107941,0.6
2022,5107958,0.1
2022,5108006,0.3
2022,5108055,0.6
2022,5108105,0.6
2022,5108204,0.0
2022,5108303,0.6
2022,5108352,0.0
2022,5108402,0.3
2022,5108501,2.8
2022,5108600,0.5
2022,5108808,0.0
2022,5108857,0.0
2022,5108907,0.0
2022,5108956,0.5
2022,5200050,0.3
2022,5200100,0.3
2022,5200134,0.0
2022,5200159,0.0
2022,5200175,0.0
2022,5200209,0.0
2022,5200258,0.4
2022,5200308,0.1
2022,5200506,0.5
2022,5200555,0.0
2022,5200605,0.8
2022,5200803,0.2
2022,5200829,0.0
2022,5200852,0.0
2022,5200902,0.0
2022,5201108,0.5
2022,5201207,0.0
2022,5201306,0.0
2022,5201405,1.2
2022,5201454,1.2
2022,5201504,0.0
2022,5201603,0.0
2022,5201702,0.0
2022,5201801,1.1
2022,5202155,0.0
2022,5202353,0.3
2022,5202502,0.2
2022,5202601,0.0
2022,5202809,0.0
2022,5203104,0.0
2022,5203203,0.0
2022,5203302,0.2
2022,5203401,0.0
2022,5203500,0.3
2022,5203559,0.3
2022,5203575,0.4
2022,5203609,0.7
2022,5203807,0.3
2022,5203906,0.0
2022,5203939,0.0
2022,5203962,0.0
2022,5204003,0.0
2022,5204102,0.4
2022,5204201,0.0
2022,5204250,0.0
2022,5204300,0.0
2022,5204409,0.2
2022,5204508,0.0
2022,5204557,2.3
2022,5204607,0.0
2022,5204656,0.4
2022,5204706,0.1
2022,5204805,2.2
2022,5204854,0.0
2022,5204904,0.6
2022,5204953,0.4
2022,5205000,0.1
2022,5205059,0.8
2022,5205109,0.6
2022,5205208,0.2
2022,5205307,0.8
2022,5205406,0.0
2022,5205455,0.0
2022,5205471,0.1
2022,5205497,0.2
2022,5205513,0.3
2022,5205521,0.3
2022,5205703,0.0
2022,5205802,0.2
2022,5205901,0.0
2022,5206206,0.3
2022,5206305,0.6
2022,5206404,0.0
2022,5206503,0.2
2022,5206602,1.2
2022,5206701,0.3
2022,5206800,0.0
2022,5206909,1.9
2022,5207105,0.0
2022,5207253,0.0
2022,5207352,3.1
2022,5207402,0.0
2022,5207501,0.0
2022,5207535,0.3
2022,5207600,0.0
2022,5207808,0.0
2022,5207907,2.5
2022,5208004,0.0
2022,5208103,0.4
2022,5208152,0.2
2022,5208301,1.3
2022,5208400,0.9
2022,5208509,0.0
2022,5208608,0.0
2022,5208707,0.6
2022,5208806,0.5
2022,5208905,0.0
2022,5209101,0.4
2022,5209150,0.0
2022,5209200,0.0
2022,5209291,0.0
2022,5209408,0.3
2022,5209457,0.0
2022,5209606,0.0
2022,5209705,1.4
2022,5209804,0.0
2022,5209903,0.1
2022,5209937,0.0
2022,5209952,0.0
2022,5210000,0.0
2022,5210109,0.4
2022,5210158,0.0
2022,5210208,0.0
2022,5210307,0.0
2022,5210406,0.1
2022,5210562,0.0
2022,5210604,0.2
2022,5210802,0.0
2022,5210901,0.2
2022,5211008,0.0
2022,5211206,0.1
2022,5211305,0.6
2022,5211404,0.5
2022,5211503,0.1
2022,5211602,0.0
2022,5211701,0.2
2022,5211800,0.0
2022,5211909,0.3
2022,5212006,0.0
2022,5212055,0.0
2022,5212105,0.3
2022,5212204,0.0
2022,5212253,0.0
2022,5212303,0.6
2022,5212501,0.1
2022,5212600,0.0
2022,5212709,0.3
2022,5212808,0.1
2022,5212907,0.0
2022,5212956,0.0
2022,5213004,0.0
2022,5213053,0.0
2022,5213087,0.1
2022,5213103,0.1
2022,5213400,0.0
2022,5213509,0.7
2022,5213707,0.0
2022,5213756,0.1
2022,5213772,0.0
2022,5213806,0.9
2022,5213855,0.4
2022,5213905,0.0
2022,5214002,0.3
2022,5214051,0.1
2022,5214101,0.0
2022,5214408,1.6
2022,5214507,0.1
2022,5214606,0.5
2022,5214705,0.0
2022,5214804,0.9
2022,5214838,0.7
2022,5214861,0.0
2022,5214879,0.0
2022,5214903,2.0
2022,5215009,0.0
2022,5215207,0.0
2022,5215231,1.2
2022,5215256,0.2
2022,5215306,0.2
2022,5215405,0.2
2022,5215504,0.4
2022,5215603,0.5
2022,5215652,0.0
2022,5215702,0.1
2022,5215801,0.0
2022,5215900,0.5
2022,5216007,0.0
2022,5216304,0.3
2022,5216403,0.1
2022,5216452,0.0
2022,5216809,0.5
2022,5216908,0.0
2022,5217104,1.0
2022,5217203,0.1
2022,5217302,0.7
2022,5217401,0.6
2022,5217609,0.8
2022,5217708,0.2
2022,5218003,0.5
2022,5218052,0.3
2022,5218102,0.2
2022,5218300,0.2
2022,5218391,0.4
2022,5218508,0.1
2022,5218607,0.0
2022,5218706,0.0
2022,5218789,1.5
2022,5218805,0.0
2022,5218904,0.0
2022,5219001,0.0
2022,5219100,0.0
2022,5219209,0.4
2022,5219258,0.2
2022,5219308,0.0
2022,5219357,0.0
2022,5219407,0.0
2022,5219456,0.0
2022,5219506,0.0
2022,5219605,0.0
2022,5219704,0.4
2022,5219712,0.0
2022,5219738,0.0
2022,5219753,0.9
2022,5219803,1.6
2022,5219902,0.0
2022,5220009,0.4
2022,5220058,0.0
2022,5220108,0.0
2022,5220157,1.3
2022,5220207,0.1
2022,5220264,0.0
2022,5220280,0.0
2022,5220405,0.8
2022,5220454,1.8
2022,5220504,0.6
2022,5220603,0.3
2022,5220686,0.0
2022,5220702,0.7
2022,5221007,0.3
2022,5221080,1.5
2022,5221197,0.8
2022,5221304,0.4
2022,5221403,0.1
2022,5221452,0.0
2022,5221502,0.0
2022,5221551,0.0
2022,5221577,0.6
2022,5221601,0.0
2022,5221700,0.0
2022,5221809,0.4
2022,5221858,0.6
2022,5221908,0.0
2022,5222005,0.0
2022,5222054,0.1
2022,5222203,0.5
2022,5222302,0.1
2022,5300108,0.6
