cod_municipio,obitos_cancer,pop_2021,obitos_cancer_100k
1100015,2,22728,8.79971840901091
1100023,5,109523,4.565251134464907
1100049,19,85893,22.120545329654338
1100098,1,32695,3.0585716470408317
1100122,4,130009,3.0767100739179596
1100205,128,539354,23.732094320242364
1100288,1,55407,1.8048261050047827
1100296,1,6216,16.087516087516086
1100304,4,102211,3.913473109547896
1101401,1,16007,6.2472668207659146
1101708,2,11272,17.7430801987225
1200203,3,89072,3.3680617927070235
1200336,2,19311,10.356791466003832
1200385,3,19955,15.033826108744675
1200401,60,413418,14.513156176073611
1200500,2,46511,4.300058050783686
1300680,1,19626,5.09528176908183
1301506,1,20393,4.903643407051439
1301605,2,17005,11.761246692149367
1302207,1,15106,6.619886137958427
1302603,222,2219580,10.001892249885113
1303569,1,34106,2.9320354189878612
1304062,3,67182,4.46548182548897
1304203,1,59547,1.679345726904798
1400100,46,419652,10.961463307693041
1500107,2,159080,1.2572290671360322
1500602,13,115969,11.209892298803991
1500800,6,535547,1.1203498479125082
1500909,1,46471,2.1518796668890277
1501303,2,127027,1.574468420099664
1501402,323,1499641,21.538488211511954
1501501,2,63768,3.1363693388533433
1501709,1,128914,0.7757109390756628
1501808,4,103497,3.86484632404804
1502103,3,139364,2.1526362618753767
1502202,1,69431,1.4402788379830336
1502301,2,54425,3.6747818098300415
1502400,4,203251,1.9680099974907872
1502707,2,47991,4.1674480631785125
1502756,1,33781,2.9602439240993457
1502954,2,33940,5.892751915144372
1503200,2,39023,5.125182584629577
1503457,1,65625,1.5238095238095237
1503606,2,101395,1.9724838502884758
1503903,2,58960,3.3921302578018997
1504208,2,283542,0.7053628739304936
1504307,2,29516,6.775985905949316
1504455,1,31975,3.127443315089914
1505502,1,114503,0.8733395631555505
1505536,4,213576,1.8728696108176948
1505650,2,31659,6.317318929846174
1505700,2,31549,6.339345145646455
1505908,2,41801,4.784574531709768
1506187,1,52803,1.8938317898604247
1506203,1,40922,2.443673329749279
1506708,2,74419,2.687485722732098
1506807,45,306480,14.682850430696947
1507953,1,108969,0.9176921876864063
1508001,3,64030,4.6853037638606905
1508035,1,31257,3.1992833605272417
1508084,1,40136,2.491528802072952
1508100,1,115144,0.8684777322309456
1600279,2,51362,3.893929364121335
1600303,36,512902,7.018884699221294
1600808,1,16254,6.152331733727083
1700707,2,8396,23.820867079561697
1701002,2,9492,21.07037505267594
1702109,25,183381,13.632819103396754
1702554,1,18643,5.36394357131363
1703008,2,10666,18.751171948246764
1709500,4,87545,4.569078759495117
1712454,1,3154,31.70577045022194
1712801,1,3448,29.00232018561485
1717503,1,7743,12.914890869172156
1718204,4,53316,7.502438292445045
1720903,2,16825,11.887072808320951
1721000,51,306296,16.65056024237992
2100055,9,113121,7.956082425013923
2100105,1,6578,15.202189115232594
2100600,1,41729,2.3964149632150304
2101202,2,104790,1.9085790628876802
2101400,2,95929,2.0848752723368325
2101608,1,88492,1.1300456538444152
2101731,1,7528,13.28374070138151
2102309,2,23939,8.354567859977443
2102325,2,72983,2.740364194401436
2102507,1,19451,5.141123849673539
2102903,1,23952,4.1750167000668
2103000,21,165525,12.686905301314
2103208,1,80195,1.2469605336991085
2103307,3,123116,2.4367263393872447
2103406,6,49621,12.091654742951572
2103604,2,65544,3.0513853289393387
2103901,2,11401,17.54232084904833
2104404,2,17944,11.145786892554614
2104503,2,10886,18.372221201543265
2104677,2,25539,7.831160186381612
2104701,2,6261,31.943778949049673
2105302,40,259337,15.423946448057933
2105351,2,16005,12.496094970321774
2105401,1,68723,1.455116918644413
2105427,4,26068,15.344483658124904
2105609,3,16198,18.52080503765897
2105708,1,50616,1.9756598703967125
2106102,2,12214,16.37465203864418
2106300,2,20029,9.985520994557891
2106409,2,16977,11.780644401248749
2107506,2,123747,1.616200796786993
2107704,1,21479,4.655710228595372
2107803,2,35008,5.712979890310786
2107902,2,19137,10.450958875476825
2108207,2,39191,5.103212472251283
2108504,2,33065,6.04869197036141
2108900,2,17595,11.366865586814436
2109007,1,24092,4.150755437489623
2109106,2,48036,4.163544008660171
2109908,3,89489,3.3523673300629127
2110203,2,38298,5.222204814872839
2110500,1,45604,2.1927901061310413
2110708,1,34384,2.9083294555607258
2110906,1,12218,8.18464560484531
2111003,1,20701,4.830684507994783
2111052,2,11193,17.868310551237382
2111102,2,25996,7.693491306354824
2111201,1,179028,0.5585718435105124
2111300,271,1108975,24.43698009423116
2112001,2,8582,23.304591004427873
2112209,12,170222,7.049617558247465
2112233,1,22112,4.522431259044862
2112407,1,35709,2.8004144613402784
2112704,2,57168,3.498460677301987
2112803,2,52649,3.7987426161940396
2114007,2,51956,3.849411040110863
2200202,3,17470,17.172295363480252
2200400,3,40605,7.388252678241596
2200509,1,17604,5.680527152919791
2201176,1,3952,25.303643724696357
2201408,1,7027,14.230823964707557
2201556,2,4030,49.62779156327544
2201929,2,5685,35.180299032541775
2201960,2,8347,23.960704444710675
2202000,2,19807,10.097440298884234
2202208,8,46893,17.06011558228307
2202307,1,21258,4.7041113933577945
2202703,3,27845,10.773927096426647
2202729,1,6168,16.212710765239947
2203909,10,60025,16.65972511453561
2204154,2,3200,62.5
2205151,1,5729,17.455053237912377
2205201,2,19170,10.432968179447053
2205276,1,4875,20.512820512820515
2205573,1,6777,14.755791648221926
2207009,2,37085,5.3930160442227315
2207702,11,153482,7.166964204271511
2207801,2,20554,9.73046608932568
2207900,4,38778,10.315127133941926
2208007,10,78431,12.750060562787674
2208304,3,28874,10.389970215418716
2208403,6,63787,9.406305360026337
2208502,2,12608,15.862944162436548
2208874,1,4488,22.281639928698752
2209005,1,6433,15.5448468832582
2210003,2,20662,9.679605072113057
2210201,2,6700,29.850746268656717
2210607,5,34877,14.336095421051123
2210979,1,2773,36.062026685899745
2211001,209,868075,24.076260691760506
2211209,2,21655,9.235742322789195
2300200,3,63104,4.754056795131846
2300309,1,54481,1.835502285200345
2301000,5,80935,6.177796997590659
2301109,2,74975,2.66755585195065
2301307,1,21654,4.618084418583171
2301406,2,11802,16.94628029147602
2301901,86,61228,140.4586137061475
2302107,1,35941,2.782337720152472
2302206,5,53949,9.268012382064542
2302305,1,32722,3.0560479188313674
2302404,4,54577,7.329094673580446
2302503,6,49842,12.03804020705429
2302602,2,63907,3.1295476238909665
2302800,9,77244,11.65139039925431
2302909,3,17786,16.86719892049927
2303105,2,18459,10.83482312151254
2303204,1,26987,3.7054878274724867
2303402,2,17685,11.309018942606729
2303501,2,72232,2.768855908738509
2303600,1,20871,4.791337262229888
2303709,16,365212,4.381017053108879
2303808,1,25585,3.9085401602501464
2304103,4,75159,5.322050586090821
2304202,11,133031,8.268749389240101
2304236,7,18133,38.60365080240446
2304285,4,54337,7.3614664041076985
2304400,550,2686612,20.471880569282053
2304707,1,54962,1.8194388850478513
2305001,3,40784,7.3558258140447235
2305209,1,20053,4.986785019697801
2305233,2,68529,2.9184724715084127
2305407,6,68162,8.802558610369415
2305506,9,103074,8.731590895861226
2305605,4,26187,15.274754649253447
2305654,2,11596,17.247326664367023
2305803,3,42058,7.133006800133149
2306108,1,24305,4.114379757251594
2306405,10,130539,7.660545890500157
2306553,1,42215,2.3688262465948124
2306900,8,34636,23.0973553528121
2307304,36,276264,13.031013812874642
2307601,5,59890,8.348639171814995
2307650,7,229458,3.050667224502959
2307700,3,130346,2.3015665996655055
2307809,4,27595,14.495379597753216
2308104,2,48168,4.152134196977246
2308302,5,27462,18.206976913553273
2308500,7,43858,15.960600118564457
2308609,1,17249,5.797437532610586
2308708,5,61738,8.098739836081506
2309201,1,15684,6.375924509053813
2309508,4,21384,18.705574261129815
2310001,2,9422,21.226915729144554
2310100,1,13439,7.441029838529652
2310258,2,32992,6.062075654704171
2310308,4,31455,12.716579240184391
2310506,2,43309,4.617977787526842
2310605,2,9143,21.874658208465494
2310704,1,37900,2.638522427440633
2310852,3,20769,14.444604940054889
2310902,2,17086,11.705489874751258
2310951,1,11001,9.09008271975275
2311009,2,12347,16.198266785453956
2311207,1,11106,9.004141905276427
2311306,2,88321,2.264467114276333
2311355,1,16147,6.193100885613426
2311405,14,81778,17.119518696960064
2311702,3,18385,16.317650258362796
2311801,2,78882,2.535432671585406
2312205,2,43711,4.575507309372926
2312403,2,48869,4.0925740244326665
2312908,72,210711,34.17002434614235
2313302,3,59062,5.079408079645119
2313401,2,76537,2.6131152253158603
2313500,1,56291,1.7764829191167326
2313708,1,7736,12.926577042399172
2314102,4,61410,6.513597134017261
2400208,1,58384,1.7127980268566732
2400505,2,13553,14.756880395484394
2401503,1,3994,25.03755633450175
2401800,2,12787,15.640885274106514
2402006,7,68343,10.24245350657712
2402600,2,73886,2.7068727499120264
2403202,1,7072,14.14027149321267
2403251,8,267036,2.9958507467157984
2403400,2,6054,33.03600925008259
2403608,4,28936,13.823610727121924
2404309,1,13076,7.647598654022637
2404507,2,15963,12.52897325064211
2405702,1,12396,8.067118425298483
2405801,3,35160,8.532423208191126
2406106,1,18315,5.46000546000546
2406502,1,15749,6.349609499015811
2406700,1,11344,8.815232722143865
2407104,2,81821,2.4443602498136174
2407807,2,22576,8.85896527285613
2408003,64,300618,21.28947701069131
2408102,268,890480,30.096127931003505
2408300,1,37450,2.67022696929239
2409100,2,13474,14.843402107763099
2409407,8,30600,26.143790849673202
2410207,1,7906,12.64862130027827
2410504,1,5128,19.50078003120125
2411205,1,39988,2.50075022506752
2411502,2,24280,8.237232289950576
2412005,2,103672,1.9291612007099312
2412203,2,44236,4.521204448865178
2412401,1,4665,21.436227224008576
2412609,4,17720,22.573363431151243
2412807,2,8192,24.4140625
2413409,1,8092,12.357884330202669
2413508,2,6178,32.372936225315634
2413607,2,2088,95.78544061302682
2413706,1,5561,17.98237727027513
2414100,2,10855,18.424689083371717
2414308,1,2421,41.30524576621231
2414506,2,10520,19.011406844106464
2500775,2,8416,23.76425855513308
2500908,3,13542,22.15330084182543
2501500,2,21269,9.403356998448446
2501609,3,15497,19.358585532683744
2501807,2,97203,2.0575496641050175
2502904,2,6464,30.940594059405942
2503209,2,68767,2.9083717480768394
2503308,1,10305,9.70402717127608
2503704,7,62289,11.237939283019474
2504009,118,411807,28.654199661491912
2504157,1,7499,13.335111348179757
2506301,5,59115,8.45809016324114
2506509,2,3453,57.920648711265564
2507507,201,817511,24.58682513140496
2507705,3,18298,16.395234451852662
2508000,2,9849,20.30663011473246
2508802,2,5752,34.770514603616135
2509206,2,13998,14.287755393627661
2509701,3,33433,8.973170221039092
2510808,6,108192,5.545696539485359
2510907,1,12379,8.078196946441555
2511004,2,3802,52.60389268805891
2511202,2,28533,7.009427680229909
2511400,5,18720,26.70940170940171
2511608,1,6576,15.206812652068127
2512101,3,32802,9.145783793671118
2512606,1,1983,50.42864346949067
2513158,2,6541,30.576364470264487
2513406,1,15426,6.482561908466226
2513703,7,137349,5.096505981113805
2513901,1,34344,2.9117167481947357
2514206,1,7626,13.113034356150013
2515203,1,3512,28.47380410022779
2515302,2,52804,3.787591849102341
2515500,2,13754,14.541224371092046
2516201,1,69723,1.4342469486396168
2516300,1,17031,5.871645822323997
2516409,2,10969,18.23320266204759
2516508,2,15441,12.952528981283596
2516904,2,15300,13.071895424836601
2600104,5,37404,13.367554272270345
2600708,4,38397,10.417480532333256
2600807,1,22984,4.35085276714236
2601102,3,84864,3.5350678733031673
2601201,5,74822,6.682526529630323
2601409,1,42764,2.3384154896642033
2601706,4,76687,5.216007928332051
2601904,5,60880,8.21287779237845
2602100,3,48767,6.1517009453113785
2602308,1,38117,2.623501324868169
2602407,1,8987,11.127183709803049
2602902,16,208944,7.657554177195804
2603009,2,34503,5.796597397327768
2603702,2,24773,8.073305614984056
2603926,3,13025,23.032629558541267
2604007,1,84395,1.1849043189762427
2604106,40,365278,10.950563680265441
2604403,2,13556,14.753614635585718
2605004,1,24173,4.136846895296405
2605103,1,37375,2.6755852842809364
2605152,2,19079,10.482729702814613
2605301,3,31766,9.44405968645722
2605608,2,22618,8.84251481121231
2605707,4,33184,12.054001928640309
2606002,6,140577,4.2681235194946545
2606200,1,80055,1.2491412154144026
2606309,1,7537,13.267878466233249
2606408,1,84699,1.180651483488589
2607307,2,31187,6.412928463782986
2607505,2,26308,7.60225026607876
2607703,3,13553,22.13532059322659
2607752,1,26900,3.717472118959108
2607901,8,706867,1.1317546299374563
2608255,3,11485,26.121027427078797
2608453,4,18252,21.915406530791145
2608750,1,25849,3.868621610120314
2608800,1,40589,2.4637216979969945
2608909,1,56198,1.7794227552581943
2609600,5,393115,1.2718924487745316
2609907,4,69969,5.71681744772685
2610004,2,63500,3.1496062992125986
2610707,9,334376,2.6915807354594827
2610905,4,67735,5.905366501808518
2611101,49,354317,13.829423933934866
2611606,566,1653461,34.23122770963452
2611903,1,23628,4.232266802099204
2612208,1,61249,1.632679717219873
2612505,2,109897,1.8198858931544992
2612604,4,42100,9.501187648456057
2613008,3,60042,4.9965024482862
2613909,5,86915,5.752746936662256
2614105,1,36050,2.7739251040221915
2615003,3,29127,10.299721907508497
2615102,2,7198,27.785495971103085
2615201,2,10206,19.59631589261219
2615706,3,15243,19.681165124975397
2616001,1,18661,5.358769626493757
2616506,2,14757,13.552890153825302
2700102,1,20230,4.9431537320810675
2700201,1,17526,5.705808513066302
2700300,15,233047,6.436469896630293
2700805,2,4284,46.68534080298786
2701407,2,57537,3.476024123607418
2702306,2,57294,3.4907669214926518
2703601,1,8403,11.900511722004046
2704203,2,28771,6.951444162524765
2704302,191,1025360,18.627603963485996
2704807,2,13193,15.159554309103312
2705002,2,25207,7.9343039631848296
2706307,3,73337,4.090704555681307
2706406,1,24351,4.106607531518213
2706703,1,63846,1.5662688343827333
2707305,1,27249,3.66985944438328
2708006,4,47819,8.364875886154039
2708402,2,32405,6.171887054466903
2708907,2,13936,14.351320321469576
2800209,2,21681,9.224666758913335
2800308,145,664908,21.80752825954869
2802007,1,5215,19.175455417066157
2802908,11,96142,11.44140958166046
2803500,7,105221,6.652664392089032
2804003,2,17271,11.58010537895895
2804409,2,18703,10.693471635566487
2804458,1,8809,11.352026336701101
2804508,2,37324,5.358482477762298
2804805,4,185706,2.153942252808202
2804904,2,14540,13.75515818431912
2805604,3,28693,10.455511797302478
2805703,1,29692,3.3679105482958374
2806008,2,18773,10.653598252809887
2806503,1,3923,25.49069589599796
2900108,2,8710,22.962112514351322
2900306,2,15187,13.169157832356621
2900504,3,10560,28.40909090909091
2900702,4,152327,2.6259297432497193
2900801,1,22490,4.44642063139173
2901007,2,37441,5.3417376672631605
2901601,2,19479,10.267467529133938
2901700,2,11677,17.127686905883362
2902005,2,13045,15.331544653123803
2902104,4,54648,7.319572536963841
2902807,2,20392,9.80776775205963
2903201,7,156975,4.459308807134894
2903235,2,15054,13.285505513484788
2903409,2,23437,8.533515381661475
2903508,4,17109,23.379507861359517
2903607,2,15984,12.512512512512513
2903904,3,69662,4.306508569952054
2903953,2,9823,20.360378703043878
2904001,2,14446,13.844662882458811
2904209,1,10129,9.872642906506071
2904407,2,10618,18.83593897155773
2904506,2,10130,19.743336623889437
2904605,4,67335,5.940447018638152
2904803,2,6488,30.826140567200987
2905008,5,23291,21.467519642780474
2905206,5,51081,9.78837532546348
2905503,2,13391,14.935404376073482
2905701,8,304302,2.628967275929833
2905909,2,28820,6.939625260235947
2906006,2,71487,2.797711472015891
2906303,1,30906,3.2356176794150002
2906402,2,8181,24.44688913335778
2906501,3,87458,3.4302179331793545
2906709,4,25053,15.966151758272462
2906808,2,34882,5.733616191732126
2906857,1,11616,8.608815426997245
2906873,4,30862,12.96092281770462
2906899,1,8801,11.362345188046813
2907004,2,9346,21.39952921035737
2907301,1,26318,3.799680826810548
2907806,2,32576,6.139489194499018
2908002,3,16549,18.127983563961568
2908101,1,18807,5.317169139150316
2908408,1,67013,1.492247772820199
2908507,2,33398,5.98838253787652
2909000,2,8642,23.142791020597084
2909901,1,34886,2.8664793900131857
2910008,2,10525,19.002375296912113
2910107,2,12240,16.33986928104575
2910206,2,4065,49.20049200492005
2910503,1,41901,2.3865778859693085
2910602,2,37578,5.3222630262387565
2910727,7,114396,6.11909507325431
2910800,88,619609,14.202505128234096
2910859,1,16345,6.11807892321811
2911600,1,20762,4.816491667469415
2911709,10,84928,11.774679728711378
2911907,5,24121,20.7288255047469
2912004,3,9031,33.21891263425977
2912301,1,16230,6.161429451632779
2912400,3,18319,16.37643976199574
2912509,2,14947,13.380611493945274
2912806,1,8690,11.507479861910241
2913002,1,16403,6.096445772114857
2913101,2,17080,11.7096018735363
2913606,11,159923,6.878310186777386
2913705,2,40333,4.958718667096423
2913804,2,14354,13.933398355858994
2914000,1,59435,1.6825103053756205
2914505,2,29173,6.855654200802111
2914604,8,73524,10.880800826940863
2914703,3,64646,4.640658354731925
2914802,50,213685,23.398928329082526
2915502,2,20398,9.804882831650161
2916005,2,19316,10.354110581901015
2916104,1,22337,4.476876930653177
2916401,7,76795,9.11517676932092
2916500,1,35883,2.7868349915001533
2916708,1,8347,11.980352222355338
2917102,2,20388,9.809691975671964
2917201,2,19030,10.509721492380452
2917334,1,11016,9.07770515613653
2917359,2,8277,24.163344206838225
2917508,6,80635,7.440937558132324
2917607,3,54673,5.487169169425494
2918001,12,156126,7.686099688712963
2918357,2,25402,7.873395795606645
2918407,29,218162,13.292874102730998
2918506,1,15262,6.552221202987813
2918803,2,24032,8.322237017310252
2919009,2,3758,53.219797764768494
2919157,2,27274,7.332991127080736
2919207,9,201635,4.463510799216406
2919504,4,46062,8.68394772263471
2919801,1,50161,1.9935806702418213
2919926,1,21432,4.665920119447555
2920502,1,20393,4.903643407051439
2920601,2,44793,4.464983367936955
2921054,2,12283,16.282667100871123
2921104,2,22716,8.804366966015143
2921500,1,49278,2.02930313730265
2921708,2,35440,5.643340857787811
2921807,1,12052,8.29737802854298
2922052,1,10673,9.3694368968425
2922409,1,22282,4.487927475092002
2922508,2,28594,6.994474365251452
2922755,1,6554,15.257857796765334
2922854,2,9123,21.92261317549052
2923035,2,12522,15.971889474524836
2923357,3,17511,17.13208840157615
2923407,1,21796,4.587997797761057
2923605,2,21695,9.218713989398479
2924009,7,118516,5.906375510479598
2924058,2,13556,14.753614635585718
2924306,1,16984,5.887894488930758
2924405,4,35175,11.371712864250178
2924603,1,20098,4.975619464623346
2924801,1,24964,4.00576830636116
2925105,7,46879,14.932059130954158
2925303,7,150658,4.646284963294349
2925709,1,12179,8.210854749979474
2926004,2,41170,4.857906242409522
2926301,2,33468,5.975857535556353
2926400,1,35593,2.8095412019217263
2926608,3,53956,5.560085995996738
2926707,2,12932,15.465511908444169
2927002,3,40976,7.321358844201484
2927408,633,2886698,21.92816844713233
2927606,3,14063,21.332574841783405
2928406,1,28481,3.511112671605632
2928703,15,102380,14.651299081851924
2928802,2,53269,3.7545289004862115
2928950,1,9072,11.022927689594356
2929206,1,40245,2.4847807181016277
2929255,1,18789,5.3222630262387565
2929370,1,10505,9.51927653498334
2929503,1,44430,2.2507314877335136
2929602,2,17409,11.488310643919812
2929750,1,12105,8.261049153242462
2929909,1,44234,2.2607044355021024
2930105,2,79424,2.5181305398871876
2930154,1,31416,3.183091418385536
2930402,1,14699,6.803183890060549
2930501,2,81286,2.460448293679108
2930709,2,135783,1.4729384385379614
2930766,1,9701,10.308215647871354
2930774,2,23233,8.608444884431627
2930808,1,17050,5.865102639296188
2930907,2,12516,15.979546180888462
2931053,1,17443,5.7329587800263715
2931350,24,162438,14.7748679496177
2932507,2,18544,10.785159620362382
2932606,1,16665,6.0006000600060005
2932705,2,20413,9.797677950325772
2933059,2,14121,14.163302882232136
2933174,1,8785,11.383039271485487
2933208,1,43716,2.287491993778022
2933307,60,341128,17.588705705776132
2933406,2,9344,21.404109589041095
2933455,1,12180,8.210180623973727
3100203,2,23250,8.602150537634408
3101508,1,35401,2.8247789610462983
3101607,37,80494,45.966158968370316
3101706,4,42143,9.491493249175427
3101805,2,7436,26.89618074233459
3101904,2,19958,10.02104419280489
3102407,1,3605,27.739251040221912
3103405,1,36712,2.723904990193942
3103504,6,117825,5.092297899427116
3104007,3,107337,2.7949355767349564
3104106,2,10883,18.377285674905817
3104205,3,40380,7.429420505200595
3104908,2,19199,10.417209229647378
3105103,1,23898,4.184450581638631
3105400,1,32866,3.042658066086533
3105608,23,138204,16.64206535266707
3105905,1,20897,4.78537589127626
3106002,1,10262,9.744689144416293
3106200,740,2521564,29.34686567543001
3106705,18,444784,4.046908162164106
3107109,1,40219,2.4863870310052465
3107307,2,50256,3.979624323463865
3107406,2,51028,3.919416790781532
3108602,2,32405,6.171887054466903
3108909,1,14410,6.939625260235947
3109105,1,10991,9.098353198071148
3110004,2,45047,4.439807312362643
3110707,2,12812,15.610365282547612
3110905,1,16762,5.965875193890944
3111101,3,19752,15.188335358444714
3111200,5,54186,9.227475731738826
3112000,1,14888,6.716818914562063
3112604,1,16234,6.159911297277319
3113305,1,33011,3.02929326588107
3113404,4,92603,4.319514486571709
3113701,3,18674,16.06511727535611
3114501,2,19559,10.22547164987985
3115102,1,17740,5.636978579481398
3115508,2,21610,9.254974548819991
3115706,1,7046,14.192449616803861
3115805,1,10346,9.665571235260003
3116605,2,28859,6.930247063307807
3116803,2,8841,22.621875353466802
3118205,1,6969,14.349261013057827
3118304,13,129606,10.030399827168495
3118601,21,668949,3.1392527681482445
3118809,2,26611,7.5156890007891475
3118908,2,8897,22.479487467685736
3119104,3,23668,12.675342234240324
3119401,6,110290,5.440203100915768
3120201,3,12931,23.200061866831646
3120508,2,10226,19.557989438685702
3120805,3,15474,19.387359441644048
3120904,11,80616,13.644934008137342
3121605,8,47825,16.7276529012023
3122306,76,240408,31.612924694685702
3122405,1,6025,16.597510373443985
3123205,4,13427,29.790720190660608
3123908,1,15380,6.501950585175552
3124104,2,71551,2.7952090117538537
3124203,2,25122,7.9611495900007965
3124302,2,31610,6.3271116735210375
3124500,1,11386,8.782715615668364
3124906,1,11330,8.8261253309797
3125101,2,36951,5.412573408026846
3125606,4,7504,53.304904051172706
3125705,1,15433,6.479621590099138
3126109,9,67822,13.270030373625078
3127107,5,60012,8.331666999933347
3127602,1,11818,8.461668641056017
3127701,43,281046,15.299986479081715
3128006,4,34573,11.56972203742805
3128303,2,19017,10.51690592627649
3128709,5,52078,9.600983140673605
3129103,1,5577,17.930787161556392
3129509,1,25358,3.943528669453427
3129707,2,13986,14.3000143000143
3130101,1,43817,2.2822192299792317
3130507,2,12444,16.07200257152041
3131000,1,6312,15.842839036755386
3131208,3,20000,15.0
3131307,82,265409,30.89571190125429
3131703,11,120904,9.098127439952359
3131802,1,11576,8.638562543192812
3131901,1,52446,1.9067231056705944
3132107,2,18164,11.010790574763268
3132404,9,97334,9.246512010191712
3132503,6,34936,17.174261506755208
3132701,5,23209,21.543366797363092
3132909,1,10157,9.845426799251747
3133105,1,15423,6.483822861959411
3133303,1,21029,4.755337866755433
3133501,3,21761,13.786131152061026
3133808,6,93847,6.393384977676431
3134202,9,105255,8.550662676357417
3134608,1,20418,4.897639337839162
3134707,2,12323,16.22981416862777
3134905,4,26264,15.229972586049344
3135050,2,39388,5.077688636132832
3135100,4,72018,5.554167013802105
3135209,3,67852,4.421387726227672
3135308,1,4384,22.81021897810219
3135803,4,25474,15.702284682421292
3136207,4,80416,4.974134500596896
3136306,2,47726,4.19058793948791
3136702,117,573285,20.408697244825873
3137106,2,7600,26.31578947368421
3137205,5,52711,9.48568609967559
3137601,4,65657,6.09226738961573
3137809,1,20907,4.783087004352609
3138203,16,104783,15.269652519969842
3138401,4,52640,7.598784194528875
3138609,1,16724,5.97943075819182
3138674,2,6258,31.959092361776925
3138906,1,7111,14.06271972999578
3139003,2,42413,4.715535331148469
3139300,2,18226,10.97333479644464
3139409,6,91169,6.5811843938180745
3139607,1,27647,3.617028972402069
3140001,2,61288,3.263281555932646
3140555,1,8644,11.568718186024988
3140852,1,11260,8.880994671403197
3141009,1,12412,8.056719303899452
3141702,1,5546,18.031013342949873
3142007,2,13620,14.684287812041116
3142809,2,21236,9.417969485778865
3143104,9,47931,18.776991925893473
3143203,1,21513,4.648352159159578
3143302,125,413487,30.2306964910626
3143906,103,109392,94.15679391546
3144359,2,7051,28.364770954474544
3144607,2,26826,7.455453664355476
3144706,3,17551,17.0930431314455
3144805,59,96157,61.35798745801138
3145307,3,31335,9.573958831977022
3145604,5,41840,11.950286806883366
3145901,3,39867,7.525020693806908
3146008,4,33791,11.837471516084165
3146107,4,74558,5.364950776576625
3146701,1,6611,15.126304643775526
3147006,6,93862,6.392363256696001
3147105,11,94808,11.60239642224285
3147204,2,21605,9.257116408238833
3147303,1,21221,4.712313274586495
3147600,4,16393,24.40065881778808
3147709,1,8057,12.411567580985478
3147907,30,115337,26.010733762799447
3148004,24,153585,15.626526027932416
3148103,5,91449,5.46752834913449
3149309,3,64712,4.635925330696007
3151107,1,10772,9.28332714444857
3151206,5,56640,8.82768361581921
3151404,1,28215,3.54421407052986
3151503,7,34918,20.046967180250874
3151602,1,12292,8.135372600065082
3151701,2,16846,11.872254541137362
3151800,39,168641,23.126048825611804
3152006,1,32035,3.121585765568909
3152105,12,59875,20.041753653444676
3152204,2,37864,5.282062117050496
3152501,45,152549,29.498718444565352
3152600,1,5900,16.949152542372882
3152808,3,28017,10.707784559374666
3154002,2,23711,8.434903631226014
3154309,2,17396,11.496895838123706
3154606,1,338197,0.29568565067105856
3156700,1,137125,0.7292616226071102
3156908,4,26374,15.166451808599378
3157104,1,7012,14.26126640045636
3157609,2,3826,52.27391531625719
3157807,5,220444,2.268149734172851
3158201,2,14611,13.688317021422217
3159605,3,43753,6.85667268530158
3159902,2,18613,10.74517810132703
3160702,3,46421,6.462592361215829
3161106,3,56477,5.311896878375268
3161502,2,12562,15.921031682853048
3162104,1,35782,2.7947012464367558
3162500,7,90497,7.735063040763782
3162609,2,7444,26.867275658248253
3163706,15,46202,32.46612700748885
3163904,1,4610,21.691973969631235
3164209,2,12529,15.962965919067763
3164605,2,6863,29.141774734081306
3164704,6,71445,8.39806844425782
3165008,1,10960,9.124087591240876
3165537,2,33413,5.9856941908837875
3166709,2,8713,22.95420635831516
3166808,1,11668,8.570449091532396
3167202,19,241835,7.856596439721297
3168002,1,34397,2.907230281710614
3168408,2,14302,13.984058173682003
3168606,7,140937,4.966758196924867
3169059,1,4109,24.33682161109759
3169208,1,7850,12.738853503184714
3169307,3,80032,3.7485005997600958
3169356,2,32716,6.11321677466683
3169406,6,56940,10.53740779768177
3169604,1,25398,3.937317899047169
3169703,2,20125,9.937888198757763
3169901,16,116797,13.69898199440054
3170057,3,12493,24.013447530617146
3170107,89,337092,26.402287802736346
3170206,130,699097,18.595416658918577
3170404,6,84930,7.064641469445426
3170701,33,136602,24.157772214169633
3170800,1,39803,2.512373439188001
3171006,1,20642,4.844491812808837
3171204,2,129765,1.5412476399645514
3171303,7,79388,8.81745351942359
3171808,1,10484,9.538344143456696
3172004,4,42965,9.309903409752124
3200102,2,30455,6.567066163191594
3200169,2,10909,18.33348611238427
3200300,2,14636,13.664935774801858
3200805,4,31132,12.848515996402416
3200904,1,44979,2.2232597434358254
3201209,52,210589,24.692647764128232
3201308,22,383917,5.730405269889064
3201506,19,123400,15.39708265802269
3201605,2,31273,6.3952930643046715
3202108,2,22835,8.75848478213269
3202306,5,31122,16.06580553948975
3202405,1,126701,0.7892597532774012
3202454,1,26426,3.784151971543177
3202603,1,13973,7.156659271452086
3202801,3,34656,8.65650969529086
3203007,1,29290,3.4141345168999657
3203163,1,10933,9.14662032379036
3203205,23,176688,13.017296024630989
3203304,1,15503,6.450364445591176
3203320,2,38883,5.143636036314071
3203403,1,26115,3.8292169251388093
3203502,2,18894,10.585371017254154
3203908,1,50434,1.9827893881111949
3204104,1,27327,3.6593844915285247
3204351,2,19271,10.378288620206527
3204559,4,41015,9.752529562355235
3204609,2,23724,8.430281571404485
3204708,2,38522,5.191838429988059
3204807,2,10546,18.96453631708705
3204906,11,132642,8.29299920085644
3205002,28,527240,5.310674455655868
3205069,3,25745,11.652748106428433
3205200,104,501325,20.745025681942852
3205309,169,365855,46.19316395839882
3300100,12,207044,5.7958694770193775
3300209,7,134293,5.212483152509811
3300225,1,12669,7.893282816323309
3300233,1,34477,2.900484380891609
3300258,3,30593,9.806164808943223
3300308,4,100764,3.969671708149736
3300407,34,184833,18.39498357977201
3300456,6,513118,1.169321676495465
3300506,1,27616,3.6210892236384704
3300605,7,37203,18.81568690696987
3300704,14,230378,6.076969155040846
3301009,74,511168,14.476649555527732
3301157,1,12821,7.799703611262772
3301207,2,19030,10.509721492380452
3301306,2,45041,4.440398747807553
3301702,31,924624,3.3527141843603454
3301850,3,61388,4.88694858930084
3301876,1,28837,3.4677671047612444
3301900,3,242543,1.2368940765142675
3302007,6,134819,4.450411292176919
3302106,5,23222,21.531306519679614
3302205,24,103800,23.121387283236995
3302254,3,32064,9.3562874251497
3302304,2,7326,27.3000273000273
3302403,23,261501,8.795377455535544
3302502,6,246433,2.4347388539684216
3302601,5,45220,11.057054400707651
3302700,4,164504,2.4315518163692067
3302809,1,18648,5.362505362505362
3302858,1,176569,0.5663508316861964
3302908,3,25581,11.727453969743168
3303203,4,162693,2.4586183794016954
3303302,211,515317,40.94567033495887
3303401,21,191158,10.98567677000178
3303500,24,823302,2.9150906957592717
3303708,1,44518,2.246282402623658
3303807,2,43680,4.5787545787545785
3303906,31,306678,10.108322083749078
3303955,2,25364,7.885191610156126
3304003,5,29545,16.923337282112033
3304144,3,151335,1.9823570224997522
3304201,14,132312,10.581050849507225
3304524,6,155193,3.866153756934913
3304557,1299,6747815,19.25067595955135
3304706,2,42594,4.695497018359394
3304805,1,38710,2.5833118057349522
3304904,27,1091737,2.473123105656399
3305000,3,36423,8.236553825879252
3305109,5,472906,1.0572925697707367
3305133,1,7206,13.877324451845684
3305158,4,21916,18.25150574922431
3305307,1,9387,10.653030787258976
3305505,7,90583,7.727719329233962
3305554,1,83092,1.2034852934097144
3305604,3,21774,13.777900248002204
3305752,1,34610,2.889338341519792
3305802,18,184240,9.769865392965697
3306008,5,82142,6.087020038469967
3306107,5,76869,6.5045727146183765
3306156,2,11106,18.008283810552854
3306206,10,37083,26.966534530647465
3306305,37,273988,13.504241061652335
3500105,2,35111,5.696220557659992
3500501,3,18808,15.950659293917482
3500600,2,3521,56.80204487361545
3500709,2,37401,5.347450602925056
3501004,2,16203,12.343393198790347
3501202,2,3647,54.839594187003016
3501301,3,24998,12.000960076806145
3501608,35,242018,14.4617342511714
3501707,4,41032,9.748488984207448
3501905,11,72677,15.135462388375965
3502101,8,57202,13.985524981643998
3502200,3,25479,11.77440244907571
3502507,1,36185,2.763576067431256
3502804,45,198129,22.7124752055479
3503208,48,238339,20.1393813014236
3503307,17,135506,12.54556993786253
3504008,5,105087,4.757962450160344
3504107,26,144088,18.044528343789906
3504206,1,15253,6.556087327083197
3504503,4,91232,4.384426517011575
3504602,2,17761,11.260627216935983
3505203,2,35558,5.624613307835086
3505302,3,36126,8.304268393954493
3505500,153,122833,124.55936108374786
3505708,26,276982,9.38689156696103
3505906,8,62980,12.702445220704986
3506003,79,379297,20.82800549437512
3506102,4,77555,5.157630068983302
3506508,10,124883,8.007495015334353
3506607,1,32936,3.036191401505951
3507506,75,148130,50.63120232228448
3507605,38,170533,22.283077175678606
3507803,1,25277,3.9561656842188553
3507902,2,24636,8.118201006656925
3508108,4,17281,23.14680863375962
3508405,1,50429,1.9829859802891194
3508603,3,33581,8.933623179774278
3508702,1,19009,5.26066600031564
3509007,2,102775,1.9459985405010947
3509205,1,77934,1.2831370133702877
3509254,2,28494,7.019021548396154
3509304,3,10596,28.312570781426952
3509502,321,1213792,26.446046769133428
3509601,1,85541,1.1690300557627336
3510203,5,47118,10.611655842777708
3510302,1,20985,4.765308553728854
3510500,9,123389,7.294005138221397
3510609,9,403183,2.2322369742771895
3510807,1,30520,3.2765399737876804
3511003,1,21267,4.702120656416044
3511102,35,122497,28.572128297019518
3511508,8,49802,16.06361190313642
3511607,2,18375,10.884353741496598
3511904,2,8757,22.83887175973507
3512001,1,18535,5.395198273536552
3512209,1,28273,3.5369433735365896
3512803,4,73474,5.444102675776465
3513009,27,253608,10.646351850099366
3513108,2,35579,5.621293459625059
3513405,7,82571,8.477552651657362
3513504,3,131626,2.279184963457068
3513603,1,21459,4.660049396523603
3513801,7,426757,1.64027772245095
3513900,1,11086,9.020386072523904
3514106,1,27512,3.6347775516138414
3514403,5,47043,10.628573857959738
3514809,1,15544,6.433350488934638
3514908,2,17936,11.150758251561106
3515004,1,276535,0.3616178783879075
3515186,1,44471,2.248656427784399
3515400,1,16070,6.222775357809583
3515509,5,69402,7.2044033313161
3515608,2,5794,34.51846738004833
3515707,2,196500,1.0178117048346056
3516200,59,355901,16.577643782962117
3516309,5,177633,2.814792296476443
3516408,4,156492,2.5560412033841984
3516705,7,44409,15.76257065009345
3517604,2,17025,11.747430249632894
3517703,2,21308,9.386146048432513
3517802,3,8290,36.18817852834741
3517901,1,11287,8.859750155045628
3518206,1,33100,3.0211480362537766
3518305,2,30136,6.636580833554553
3518404,10,122505,8.16293212521938
3518503,2,18887,10.589294223540001
3518701,7,322750,2.168861347792409
3518800,61,1392121,4.38180301855945
3519006,4,9588,41.71881518564873
3519071,6,234259,2.5612676567389085
3519402,1,12518,7.988496564946477
3519501,2,7841,25.506950644050505
3519600,1,60600,1.6501650165016502
3520103,4,30614,13.065917554060233
3520400,1,35591,2.8096990812284006
3520509,11,256223,4.293135276692569
3521200,2,4199,47.630388187663726
3521705,1,17480,5.720823798627002
3521804,2,27382,7.304068366079907
3522109,6,103102,5.819479738511377
3522208,6,177662,3.377199401109973
3522307,7,165526,4.228942885105663
3522406,9,94804,9.493270326146575
3522505,2,240961,0.8300098356165521
3522604,2,75234,2.6583725443283623
3522703,2,43331,4.615633149477279
3522802,2,15173,13.181308903974164
3522901,1,14147,7.068636460026861
3523107,5,375011,1.3332942233694478
3523206,3,50642,5.92393665337072
3523404,6,122581,4.894722673171209
3523701,2,6543,30.567018187375822
3523909,10,175568,5.695798778820742
3524006,1,62813,1.5920271281422635
3524105,6,42045,14.270424545130217
3524303,3,77652,3.863390511512904
3524402,12,235416,5.097359567743909
3524709,1,58722,1.7029392731855182
3524808,8,49201,16.25983211723339
3525102,2,44970,4.447409384033801
3525201,2,30617,6.532318646503576
3525300,126,151881,82.95968554328718
3525508,1,13338,7.49737591842855
3525706,5,37366,13.381148637799068
3525904,102,423006,24.11313314704756
3526001,2,20831,9.60107532043589
3526100,1,18718,5.342451116572283
3526308,3,4889,61.36224176723256
3526407,1,28785,3.4740316136876848
3526803,5,68990,7.247427163357008
3526902,60,308482,19.450081366173716
3527108,7,78503,8.916856680636409
3527207,4,89125,4.488078541374474
3527306,2,49993,4.000560078410977
3527405,2,21886,9.138261902586128
3528502,3,101937,2.9429942023014215
3528809,1,14036,7.124536905101168
3529005,98,240590,40.73319755600814
3529302,8,83626,9.566402793389615
3529401,9,477552,1.8846115187456025
3529708,1,22355,4.4732721986132855
3529906,1,19643,5.090872066384971
3530102,2,29706,6.732646603379789
3530300,2,60303,3.316584581198282
3530508,5,68980,7.248477819657872
3530607,44,450785,9.760750690462194
3530706,21,153033,13.722530434612143
3530805,12,93650,12.813667912439936
3531100,3,57648,5.203996669442131
3531308,5,50772,9.847947687701883
3531407,6,25373,23.647184014503605
3531803,1,60754,1.6459821575534122
3531902,3,33288,9.012256669069934
3532306,1,6642,15.055706112616681
3532405,1,18698,5.3481655792063325
3533254,1,5945,16.82085786375105
3533502,5,41414,12.073211957309123
3533908,7,55130,12.697261019408671
3534302,1,44360,2.254283137962128
3534401,25,699944,3.5717143085732572
3534708,8,114352,6.995942353435008
3535002,1,13123,7.620208793720948
3535200,1,9227,10.837758751490192
3535309,2,22272,8.979885057471265
3535408,1,15862,6.304375236414072
3535507,3,45945,6.52954619653934
3535606,1,18263,5.47555166182993
3535804,2,20395,9.806325079676391
3536000,2,10949,18.266508356927574
3536208,6,19723,30.421335496628302
3536406,2,7454,26.83123155352831
3536505,8,112003,7.142665821451211
3536703,3,47111,6.367939547027234
3537107,1,48463,2.0634298330685263
3537305,4,63757,6.273820913782016
3537404,2,25677,7.789071932079293
3537602,4,69001,5.797017434529934
3537800,2,55542,3.600878614381909
3537909,1,29402,3.401129174886062
3538006,10,170132,5.877789010885666
3538709,102,407252,25.045917515444984
3538808,4,29869,13.391810907629985
3539301,2,76877,2.601558333441732
3539806,1,118349,0.844958554782888
3540002,2,22172,9.020386072523904
3540507,1,10067,9.933445912387008
3540606,3,53402,5.617767124826785
3540705,3,56504,5.309358629477559
3541000,6,330845,1.8135380616300685
3541406,88,230371,38.199252510081564
3541505,1,39583,2.5263370638910643
3541604,1,40828,2.449299500342902
3541901,1,13606,7.349698662354843
3542206,2,29726,6.7281168001076495
3542404,1,20394,4.903402961655389
3542602,3,56393,5.319809196176831
3543006,1,16211,6.168650916044661
3543303,4,124159,3.221675432308572
3543402,236,711825,33.15421627506761
3543808,2,9961,20.078305391024998
3543907,17,208008,8.172762586054382
3544103,1,51436,1.9441636208103275
3544202,1,12689,7.880841673890772
3545209,12,119736,10.022048506714773
3545308,1,45860,2.1805494984736153
3545803,4,194390,2.057719018468028
3546306,3,34737,8.636324380343726
3546405,5,47943,10.429051164925015
3546603,2,32563,6.1419402389214754
3546702,1,27381,3.6521675614477194
3546801,1,57966,1.7251492254079979
3547106,1,2943,33.97893306150187
3547304,2,142301,1.4054715005516476
3547502,1,27600,3.6231884057971016
3547809,171,721368,23.704960574907677
3548500,130,433656,29.97767815964728
3548708,39,844483,4.618210194876629
3548807,13,161957,8.026821934217107
3548906,17,254484,6.680184215903554
3549102,14,91771,15.255363894912335
3549409,10,52319,19.113515166574285
3549706,6,55124,10.884551193672447
3549805,192,464983,41.29183217450961
3549904,157,729737,21.514600465647213
3549953,1,15978,6.2586055826761795
3550001,3,10690,28.06361085126286
3550308,2019,12325232,16.3810303935861
3550407,5,35980,13.896609227348527
3550506,2,7696,25.987525987525988
3550605,6,92060,6.51748859439496
3550704,4,90328,4.428305730227615
3550902,2,15385,12.999675008124797
3551009,6,368355,1.628863460520422
3551504,2,45644,4.3817369205152925
3551603,1,29452,3.395355154149124
3551702,6,127142,4.719132937974862
3552106,2,41352,4.836525440123815
3552205,191,687357,27.78759800220264
3552403,10,286211,3.493925809979351
3552502,2,300559,0.6654267548135308
3552601,1,12485,8.009611533840609
3552700,1,16644,6.00817111271329
3552809,9,293652,3.0648522741203874
3553302,3,23232,12.913223140495868
3553708,3,57364,5.229760825604909
3553807,3,23256,12.899896800825593
3554003,11,122967,8.94548944025633
3554102,70,317915,22.018464054857432
3554300,2,23273,8.593649293172346
3554508,4,42517,9.408001505280241
3554805,3,47714,6.287462799178438
3555000,2,65570,3.0501753850846423
3555406,1,91824,1.0890399024220248
3556107,3,13532,22.169671888856044
3556206,26,131210,19.815562838198307
3556305,1,26822,3.7282827529639846
3556453,1,53468,1.8702775491882995
3556503,1,123071,0.8125391034443532
3556701,3,80111,3.744804084332988
3556800,2,19017,10.51690592627649
3557006,5,123599,4.045340172655118
3557105,7,95338,7.342297929471984
4100301,2,9470,21.119324181626187
4100400,1,120041,0.8330487083579777
4100608,2,14859,13.459855979541018
4101408,25,136234,18.35077880705257
4101507,23,124810,18.428010576075636
4101804,6,146214,4.103574213139645
4102000,6,33340,17.99640071985603
4102406,1,31211,3.2039985902406203
4102505,1,11426,8.75196919306844
4102802,2,15399,12.987856354308722
4103305,1,6439,15.530361857431279
4103503,1,8606,11.619800139437602
4103701,1,107341,0.9316104750281812
4103909,1,14043,7.120985544399345
4104006,58,43685,132.76868490328488
4104204,12,133865,8.964255033055691
4104303,12,95488,12.567024128686327
4104428,1,16053,6.229365227683299
4104600,1,15834,6.315523556902868
4104709,2,14356,13.931457230426302
4104808,142,332333,42.728227410458786
4104907,5,71809,6.962915511983177
4105003,1,10167,9.835743090390478
4105409,6,19167,31.303803412114572
4105508,7,83816,8.351627374248354
4105805,5,246540,2.0280684675914658
4105904,3,24145,12.424932698281218
4106209,2,18837,10.617401921749748
4106407,9,47842,18.811922578487522
4106506,3,20580,14.577259475218659
4106555,2,3127,63.95906619763351
4106902,560,1948626,28.738198094452194
4107009,1,15196,6.580679126085812
4107108,2,5030,39.761431411530815
4107207,1,41038,2.4367659242653152
4107652,1,102004,0.9803537116191522
4107702,2,4748,42.122999157540015
4107736,2,5602,35.701535166012135
4108007,1,10453,9.566631589017508
4108205,2,6460,30.959752321981423
4108304,26,258248,10.067841764505436
4108320,2,5993,33.37226764558652
4108403,16,92216,17.35056823110957
4108601,2,28808,6.942515967786726
4108809,1,33310,3.0021014710297207
4109005,1,3784,26.427061310782243
4109302,4,12217,32.74126217565687
4109401,25,182644,13.687829876700029
4109708,1,31644,3.160156743774491
4110102,3,32940,9.107468123861567
4110201,2,11121,17.983994245121842
4110508,3,15251,19.67084125631106
4110706,4,61088,6.5479308538501835
4110953,1,11385,8.78348704435661
4111209,1,12094,8.26856292376385
4111258,4,29070,13.759889920880633
4111506,11,31935,34.44496633787381
4111803,4,39322,10.172422562433244
4111902,2,13742,14.553922282055014
4112009,4,35027,11.419761897964428
4112405,1,9500,10.526315789473685
4112603,2,1320,151.5151515151515
4112702,2,12638,15.82528881152081
4112751,3,8330,36.014405762304925
4112801,1,12009,8.327088017320342
4113106,1,4047,24.709661477637756
4113205,4,48410,8.262755629002273
4113304,3,32139,9.334453467749464
4113452,1,4592,21.777003484320556
4113502,1,23242,4.302555718096549
4113700,235,575377,40.84278655559746
4114203,1,34515,2.897291032884253
4114401,2,16642,12.017786323759164
4114609,8,53495,14.954668660622488
4114708,2,5634,35.49875754348598
4114906,2,8814,22.69117313365101
4115002,1,7084,14.116318464144552
4115200,129,430157,29.989050509465148
4115606,1,18107,5.5227260175622686
4115705,2,35219,5.67875294585309
4115804,6,46574,12.882724266758277
4116059,2,10704,18.684603886397607
4116901,1,27984,3.57347055460263
4117255,1,10544,9.484066767830045
4117305,2,21960,9.107468123861567
4117453,1,6016,16.622340425531913
4117602,2,51755,3.8643609313109843
4117909,2,32121,6.226456212446686
4118204,5,156174,3.2015572374402907
4118303,2,3241,61.7093489663684
4118402,6,88922,6.747486561255932
4118501,11,83843,13.1197595505886
4118808,3,14007,21.417862497322766
4119103,4,12882,31.05107902499612
4119152,2,133490,1.4982395685070042
4119202,2,6324,31.625553447185325
4119400,4,25617,15.614630909161885
4119509,2,114970,1.7395842393667913
4119608,3,29994,10.002000400080016
4119806,1,13431,7.445461990916536
4119905,41,355336,11.538374946529482
4120150,1,3184,31.407035175879397
4120606,3,52513,5.712871098585112
4120705,2,7477,26.74869600106995
4121109,2,4508,44.36557231588287
4121406,2,16950,11.799410029498524
4122305,3,34411,8.718142454447706
4122503,2,9645,20.73613271124935
4122701,2,6891,29.02336380786533
4122800,4,3483,114.84352569623887
4122909,1,4898,20.41649652919559
4123402,1,12186,8.206138191367142
4123709,5,8523,58.664789393406075
4123808,1,14794,6.7594970934162495
4123907,2,11622,17.208742040956807
4124103,4,46251,8.648461654883137
4124301,1,2068,48.355899419729205
4124905,1,5837,17.13208840157615
4125506,8,329058,2.4311823447538123
4125605,2,46705,4.282196766941441
4125704,4,27576,14.50536698578474
4126256,8,97803,8.179708188910361
4126306,1,19385,5.158627805003869
4126355,1,4477,22.33638597274961
4126678,1,15040,6.648936170212766
4126801,1,16345,6.11807892321811
4127205,2,17200,11.627906976744185
4127304,1,16924,5.90876861262113
4127700,10,142645,7.010410459532405
4128005,2,20909,9.565258979386867
4128104,42,112500,37.333333333333336
4128203,6,57913,10.360368138414518
4200200,2,11013,18.160355942976484
4201406,1,68867,1.4520742881205801
4201505,3,8759,34.25048521520721
4202008,34,145796,23.32025569974485
4202206,2,11775,16.985138004246284
4202404,110,361855,30.39891669315057
4202537,1,3057,32.71180896303566
4202800,5,33876,14.7597118904239
4202909,13,137689,9.441567590729834
4203006,3,79313,3.7824820647308766
4203105,1,6130,16.31321370309951
4203501,4,8418,47.51722499406035
4203600,2,36556,5.47105810263705
4203709,3,12398,24.197451201806743
4203808,2,54480,3.671071953010279
4204202,40,224013,17.85610656524398
4204301,15,75167,19.955565607247863
4204400,2,9940,20.120724346076457
4204509,2,16107,12.416961569503943
4204608,71,217311,32.67206906231162
4204806,4,39893,10.026821748176372
4205001,1,15545,6.43293663557414
4205407,170,508826,33.410242401135164
4205506,1,36584,2.7334353815875794
4205704,1,23579,4.241061961915263
4206900,4,19096,20.94679514034353
4207007,1,57247,1.7468164270616802
4207106,2,14359,13.928546556166864
4207304,1,45286,2.2081879609592368
4207502,1,70900,1.4104372355430184
4207650,4,9045,44.223327805417355
4207684,1,7579,13.194352816994327
4208203,31,223112,13.894366954713329
4208302,5,67338,7.425227954498203
4208500,4,25355,15.775981068822718
4208906,29,181173,16.006800130262235
4209003,29,30404,95.38218655440073
4209102,131,597658,21.918890067563723
4209300,29,157349,18.430368162492293
4209409,1,46122,2.1681626989289278
4209706,1,12115,8.254230293025175
4209904,2,12315,16.240357287860334
4210100,5,56561,8.840013436820424
4210506,2,26116,7.658140603461479
4210555,1,1750,57.142857142857146
4210605,1,17125,5.839416058394161
4210803,2,7001,28.5673475217826
4211306,3,83626,3.587401047521106
4211702,2,23038,8.681309141418525
4211751,1,18975,5.270092226613966
4211900,1,175272,0.5705417864804418
4212106,2,16157,12.378535619236244
4212403,2,3953,50.59448520111308
4212908,4,20712,19.312475859405176
4213401,1,11634,8.5954959601169
4213609,8,35543,22.507948119179584
4213807,3,7312,41.028446389496715
4214706,2,11808,16.937669376693766
4214805,15,72006,20.831597366886093
4214904,3,4620,64.93506493506493
4215000,1,42495,2.3532180256500763
4215109,2,11600,17.24137931034483
4215356,1,3754,26.63825253063399
4215505,1,16918,5.910864168341411
4215703,2,23579,8.482123923830526
4215802,1,85421,1.1706723171117173
4216206,1,53746,1.8606035798012874
4216305,3,38583,7.775445144234507
4216503,3,27139,11.054202439294006
4216602,16,250181,6.395369752299335
4216701,1,13820,7.23589001447178
4217105,1,3171,31.5357931251971
4217204,3,40868,7.340706665361652
4217402,1,21991,4.547314810604338
4217501,1,17576,5.689576695493855
4217709,3,30733,9.761494159372662
4218004,1,39155,2.5539522410930915
4218103,2,5343,37.43215422047539
4218202,5,44977,11.116793027547413
4218301,2,19366,10.327377878756584
4218400,2,7093,28.196813760045114
4218707,25,106422,23.491383360583338
4219309,4,53610,7.461294534601754
4219507,11,51642,21.30049184772085
4219705,2,28983,6.9005969016319915
4300307,2,5827,34.32297923459756
4300406,8,73028,10.954702305964835
4300455,1,3374,29.63841138114997
4300604,4,211352,1.8925773117831863
4300802,3,13045,22.997316979685703
4301008,2,20967,9.538799065197692
4301057,1,10279,9.728572818367546
4301305,2,18238,10.96611470555982
4301602,9,121335,7.417480529113611
4302006,2,11182,17.885888034340905
4302105,38,121803,31.197917949475794
4302402,4,12390,32.28410008071025
4302808,7,33548,20.86562537260045
4303004,7,81869,8.550244903443305
4303103,4,131240,3.047851264858275
4303301,3,4823,62.201948994401825
4303509,4,66478,6.017028189777069
4303707,1,5398,18.52537977028529
4303905,5,69458,7.198594834288347
4304200,2,31421,6.365169790904172
4304507,6,56211,10.674067353365
4304606,26,348208,7.466801452005698
4304630,10,54051,18.50104530905996
4304705,11,62265,17.666425760860836
4305009,1,8701,11.492931846914148
4305108,101,517451,19.51875636533701
4305124,1,6047,16.5371258475277
4305207,3,14189,21.143139051377826
4305306,2,9239,21.647364433380236
4305355,1,41258,2.4237723593000147
4306106,15,59922,25.032542304996497
4306403,2,33119,6.038829674809022
4306452,1,3405,29.368575624082233
4306601,3,38339,7.82493022770547
4306809,6,22880,26.223776223776223
4306908,2,25960,7.704160246533128
4306932,1,8411,11.889192723814054
4307005,39,106633,36.5740436825373
4307203,1,4819,20.751193193608632
4307302,2,6802,29.40311673037342
4307500,3,15591,19.241870309794113
4307708,5,83279,6.003914552288092
4307807,5,34399,14.535306258902875
4307906,4,73061,5.47487715744378
4308409,1,6616,15.114873035066505
4308508,6,31498,19.04882849704743
4308607,1,35440,2.8216704288939054
4308904,2,16184,12.357884330202669
4309100,5,36555,13.67801942278758
4309126,1,2058,48.59086491739553
4309209,9,283620,3.1732599957689867
4309308,1,98239,1.0179256710674986
4309407,2,25968,7.701786814540974
4309704,2,4736,42.229729729729726
4310108,3,37340,8.034279592929835
4310207,41,83764,48.947041688553554
4310306,2,4066,49.18839153959666
4310330,2,23271,8.594387864724334
4310603,1,37489,2.6674491184080664
4310801,2,24690,8.100445524503847
4311007,6,26500,22.641509433962263
4311205,2,19224,10.403662089055347
4311304,2,27778,7.199942400460796
4311403,40,85033,47.04056072348382
4311601,1,5152,19.40993788819876
4311809,1,44858,2.2292567657942843
4312005,1,2009,49.77600796416127
4312054,1,3995,25.031289111389235
4312401,10,65721,15.215836642777804
4312906,1,10005,9.995002498750624
4313201,3,21536,13.930163447251115
4313300,2,27648,7.233796296296297
4313409,57,247032,23.073933741377637
4313466,1,1712,58.41121495327103
4313508,5,46414,10.772611711983453
4313706,7,33131,21.128248468201985
4313904,3,44128,6.798404641044235
4314001,1,7727,12.941633234114144
4314100,109,204722,53.24293432068854
4314407,54,343132,15.737383863935746
4314605,5,20704,24.149922720247297
4314704,1,10019,9.981036031540073
4314803,1,37561,2.662335933548095
4314902,749,1488252,50.32749830001908
4315305,5,22607,22.11704339363914
4315503,1,15744,6.3516260162601625
4315602,30,211965,14.153280022645248
4315701,2,38265,5.226708480334509
4315800,2,11471,17.435271554354458
4315909,3,5868,51.124744376278116
4316006,1,21453,4.661352724560667
4316204,1,5080,19.68503937007874
4316402,3,39314,7.630869410388157
4316600,1,16328,6.124448799608035
4316808,41,131365,31.21074867734937
4316907,102,283677,35.956387017629204
4317103,13,76321,17.033319794027857
4317202,20,73575,27.183146449201494
4317301,2,29483,6.783570192992572
4317400,7,49360,14.181523500810373
4317509,15,77568,19.337871287128714
4317608,1,43171,2.3163697852725207
4317806,1,13848,7.221259387637204
4317905,4,14216,28.137310073157007
4318002,10,60019,16.66139055965611
4318200,2,21801,9.173891105912572
4318309,2,62147,3.2181762595137338
4318507,1,27721,3.6073734713754915
4318705,8,238648,3.3522174918708725
4318903,10,33293,30.036343976211217
4319000,4,21658,18.46892603195124
4319158,1,7683,13.015749056358194
4319307,5,5720,87.41258741258741
4319406,3,16148,18.57815209313847
4319505,3,25959,11.556685542586386
4319604,1,23555,4.245383145828911
4319901,11,80037,13.743643564851256
4320008,8,141808,5.641430666817105
4320107,2,24763,8.076565844203046
4320305,2,5107,39.16193459956922
4320503,2,5315,37.62935089369709
4320552,2,6537,30.59507419305492
4320602,1,3631,27.540622418066647
4320701,4,15005,26.657780739753417
4320800,3,31035,9.666505558240695
4320909,1,24552,4.0729879439556855
4321006,2,10577,18.908953389429897
4321105,3,17332,17.309023771059312
4321204,2,57584,3.4731869963878856
4321402,3,13434,22.331397945511387
4321451,1,33766,2.961558964638986
4321501,5,39064,12.799508498873644
4321600,7,52632,13.299893600851194
4321634,1,2643,37.835792659856224
4321709,1,28581,3.49882789265596
4321808,9,23876,37.69475624057631
4321907,2,23852,8.385041086701325
4322004,2,29856,6.69882100750268
4322103,3,5644,53.153791637136784
4322202,2,24068,8.309788931361144
4322301,4,7810,51.21638924455826
4322400,12,126866,9.45879904781423
4322509,14,66575,21.028914757791963
4322533,5,11828,42.27257355427798
4322608,6,71973,8.336459505647952
4322707,2,27099,7.380346138233883
4322806,3,26533,11.30667470696868
4323002,6,256302,2.3409883652878247
5000609,2,39826,5.021845025862502
5000856,2,10932,18.294914013904133
5000906,2,9020,22.172949002217294
5001243,1,12332,8.10898475510866
5002209,4,22190,18.026137899954936
5002308,2,11853,16.873365392727578
5002704,175,906092,19.31371207338769
5002902,2,22002,9.09008271975275
5003207,11,112058,9.816345106998162
5003702,47,225495,20.843034213618928
5004601,4,21376,18.7125748502994
5005400,3,48022,6.247136728999209
5006275,2,5654,35.373187124159884
5006309,2,42276,4.73081653893462
5006606,3,93937,3.193629773145832
5007208,2,38186,5.23752160477662
5007901,2,59245,3.375812304835851
5008305,6,123281,4.866930021657838
5100201,1,26204,3.8162112654556557
5100300,2,19385,10.317255610007738
5100805,2,10283,19.449576971700864
5101258,2,16951,11.79871394018052
5101407,1,22714,4.402571101523289
5101704,2,35307,5.664599087999547
5101803,3,61135,4.907172650691093
5101902,3,20140,14.895729890764647
5102504,14,94861,14.75843602745069
5102678,2,45740,4.3725404459991255
5103205,8,33649,23.77485215013819
5103254,2,39861,5.01743558867063
5103403,144,618124,23.29629653597013
5105101,1,35121,2.8472993365792547
5105150,5,41101,12.16515413250286
5105259,4,67620,5.915409642117717
5105622,1,27941,3.5789699724419313
5106232,1,20563,4.863103632738413
5106257,3,20944,14.323911382734913
5106372,6,17446,34.39183767052619
5106422,2,35338,5.659629860207143
5106505,4,33315,12.0066036319976
5106752,2,45774,4.369292611526194
5106778,2,12685,15.766653527788726
5107040,4,63092,6.339948012426298
5107206,1,5150,19.41747572815534
5107602,9,236042,3.812880758509079
5107800,1,16999,5.882698982293076
5107909,10,146005,6.849080510941406
5107925,5,92769,5.3897314835774885
5107958,3,105711,2.8379260436473026
5108402,9,287526,3.1301517080194485
5108600,1,26496,3.774154589371981
5200258,5,217698,2.2967597313709818
5201108,67,391772,17.10178369051387
5201306,2,21981,9.098767117055639
5201405,19,590146,3.219542282757148
5203302,4,30492,13.118194936376755
5203401,1,8869,11.275228323373549
5203500,1,25648,3.8989394884591393
5204300,6,16270,36.87768899815612
5204508,2,93196,2.1460148504227647
5204706,2,12764,15.669069257286116
5205109,12,110983,10.812466774190641
5205406,6,22306,26.898592307002602
5205455,2,8703,22.98058140870964
5205513,2,20504,9.754194303550527
5206206,3,60210,4.9825610363726955
5207253,1,7247,13.798813302056024
5207501,1,3264,30.637254901960784
5207535,2,6576,30.413625304136254
5207600,1,5553,18.008283810552854
5208004,3,123684,2.425536043465606
5208608,1,71075,1.4069644741470277
5208707,428,1536097,27.862823766988672
5208806,4,45296,8.830801836806781
5209101,2,34202,5.8476112508040465
5209705,2,22124,9.03995660820828
5209952,2,15787,12.668651422056122
5210000,7,53259,13.143318500159598
5210208,1,31499,3.1747039588558366
5211206,3,25681,11.681788092364005
5211404,1,8960,11.160714285714286
5211909,8,102065,7.838142360260618
5212204,2,18371,10.886723640520385
5212501,9,211508,4.255158197325869
5213087,2,28793,6.946132740596672
5213103,6,68154,8.803591865481117
5213707,1,8047,12.426991425375917
5213806,1,46548,2.148320013749248
5214002,2,15870,12.60239445494644
5214507,2,30395,6.580029610133246
5214606,1,46730,2.139952921035737
5214838,1,12945,7.72499034376207
5215306,2,15725,12.718600953895072
5215652,1,3467,28.84338044418806
5215702,5,29392,17.011431682090365
5216007,2,2603,76.83442182097579
5216304,3,10140,29.585798816568047
5217104,1,24548,4.073651621313346
5217203,1,10272,9.735202492211839
5217302,2,25064,7.979572294924992
5217708,2,17860,11.198208286674133
5218003,3,45633,6.57418973111564
5218508,4,50701,7.889390741799964
5218805,12,241518,4.968573770899064
5218904,1,19947,5.013285205795357
5219209,3,2819,106.4207165661582
5219308,4,38808,10.307153164296022
5219704,2,8562,23.3590282644242
5220108,1,34157,2.9276575811693064
5220405,1,20985,4.765308553728854
5220454,1,118451,0.8442309478180852
5220603,1,20816,4.803996925441968
5221403,4,129823,3.0811181377721977
5221601,2,40840,4.897159647404505
5300108,406,3055149,13.289040894568481
