ano,cod_municipio,reprovacao_ef
2022,1100015,7.4
2022,1100023,6.1
2022,1100031,2.8
2022,1100049,0.9
2022,1100056,6.3
2022,1100064,3.6
2022,1100072,7.2
2022,1100080,13.1
2022,1100098,2.8
2022,1100106,3.2
2022,1100114,0.7
2022,1100122,3.2
2022,1100130,7.2
2022,1100148,1.8
2022,1100155,6.2
2022,1100189,4.2
2022,1100205,2.4
2022,1100254,7.9
2022,1100262,2.5
2022,1100288,3.0
2022,1100296,3.3
2022,1100304,5.8
2022,1100320,0.7
2022,1100338,7.9
2022,1100346,3.3
2022,1100379,9.8
2022,1100403,10.1
2022,1100452,2.5
2022,1100502,1.7
2022,1100601,8.5
2022,1100700,11.3
2022,1100809,7.3
2022,1100908,3.8
2022,1100924,3.1
2022,1100940,6.9
2022,1101005,3.1
2022,1101104,2.3
2022,1101203,3.2
2022,1101302,9.6
2022,1101401,4.5
2022,1101435,17.5
2022,1101450,2.0
2022,1101468,3.3
2022,1101476,3.5
2022,1101484,6.0
2022,1101492,1.1
2022,1101500,0.4
2022,1101559,7.9
2022,1101609,4.4
2022,1101708,2.8
2022,1101757,7.1
2022,1101807,7.4
2022,1200013,5.7
2022,1200054,2.6
2022,1200104,1.8
2022,1200138,4.4
2022,1200179,7.0
2022,1200203,3.8
2022,1200252,6.0
2022,1200302,7.8
2022,1200328,3.8
2022,1200336,3.5
2022,1200344,7.5
2022,1200351,8.0
2022,1200385,5.0
2022,1200393,4.9
2022,1200401,3.9
2022,1200427,4.3
2022,1200435,2.5
2022,1200450,3.6
2022,1200500,4.3
2022,1200609,4.9
2022,1200708,6.1
2022,1200807,7.9
2022,1300029,9.1
2022,1300060,11.3
2022,1300086,0.7
2022,1300102,3.6
2022,1300144,6.6
2022,1300201,2.7
2022,1300300,8.8
2022,1300409,3.4
2022,1300508,4.5
2022,1300607,2.9
2022,1300631,6.2
2022,1300680,5.7
2022,1300706,1.8
2022,1300805,3.4
2022,1300839,3.6
2022,1300904,10.8
2022,1301001,6.3
2022,1301100,7.4
2022,1301159,9.5
2022,1301209,6.0
2022,1301308,6.9
2022,1301407,6.5
2022,1301506,4.3
2022,1301605,8.0
2022,1301654,6.0
2022,1301704,4.2
2022,1301803,9.4
2022,1301852,4.4
2022,1301902,2.0
2022,1301951,8.8
2022,1302009,4.2
2022,1302108,7.0
2022,1302207,16.2
2022,1302306,7.0
2022,1302405,6.4
2022,1302504,2.5
2022,1302553,3.4
2022,1302603,3.2
2022,1302702,4.8
2022,1302801,12.3
2022,1302900,7.8
2022,1303007,4.6
2022,1303106,3.2
2022,1303205,4.3
2022,1303304,2.5
2022,1303403,4.2
2022,1303502,18.9
2022,1303536,12.8
2022,1303569,2.6
2022,1303601,0.5
2022,1303700,6.9
2022,1303809,5.7
2022,1303908,5.0
2022,1303957,2.1
2022,1304005,1.3
2022,1304062,3.3
2022,1304104,6.9
2022,1304203,5.7
2022,1304237,3.3
2022,1304260,9.5
2022,1304302,2.4
2022,1304401,5.5
2022,1400027,2.5
2022,1400050,3.2
2022,1400100,3.6
2022,1400159,5.7
2022,1400175,3.3
2022,1400209,9.1
2022,1400233,8.8
2022,1400282,8.5
2022,1400308,6.3
2022,1400407,4.7
2022,1400456,3.3
2022,1400472,6.1
2022,1400506,3.7
2022,1400605,2.1
2022,1400704,5.9
2022,1500107,10.4
2022,1500131,11.9
2022,1500206,16.9
2022,1500305,25.6
2022,1500347,17.9
2022,1500404,14.9
2022,1500503,20.8
2022,1500602,5.0
2022,1500701,23.6
2022,1500800,3.6
2022,1500859,8.9
2022,1500909,14.0
2022,1500958,10.2
2022,1501006,8.9
2022,1501105,15.8
2022,1501204,15.2
2022,1501253,13.3
2022,1501303,14.4
2022,1501402,6.5
2022,1501451,10.6
2022,1501501,3.9
2022,1501576,14.7
2022,1501600,13.7
2022,1501709,13.2
2022,1501725,6.0
2022,1501758,6.0
2022,1501782,13.9
2022,1501808,23.5
2022,1501907,9.6
2022,1501956,13.8
2022,1502004,15.8
2022,1502103,19.8
2022,1502152,6.7
2022,1502202,8.6
2022,1502301,11.3
2022,1502400,8.1
2022,1502509,17.5
2022,1502608,10.6
2022,1502707,5.9
2022,1502756,20.5
2022,1502764,1.2
2022,1502772,3.6
2022,1502806,20.2
2022,1502855,9.1
2022,1502905,11.7
2022,1502939,9.8
2022,1502954,14.3
2022,1503002,9.2
2022,1503044,7.0
2022,1503077,21.2
2022,1503093,20.0
2022,1503101,16.4
2022,1503200,9.1
2022,1503309,22.5
2022,1503408,17.5
2022,1503457,14.6
2022,1503507,15.2
2022,1503606,8.2
2022,1503705,10.6
2022,1503754,13.6
2022,1503804,8.4
2022,1503903,5.7
2022,1504000,13.6
2022,1504059,9.1
2022,1504109,11.0
2022,1504208,4.5
2022,1504307,8.9
2022,1504406,7.7
2022,1504422,10.0
2022,1504455,16.2
2022,1504505,19.3
2022,1504604,16.6
2022,1504703,0.0
2022,1504752,3.3
2022,1504802,11.4
2022,1504901,14.4
2022,1504950,12.3
2022,1504976,19.6
2022,1505007,4.4
2022,1505031,3.6
2022,1505064,11.2
2022,1505106,14.9
2022,1505205,28.5
2022,1505304,6.5
2022,1505403,13.4
2022,1505437,6.1
2022,1505486,15.9
2022,1505494,9.7
2022,1505502,10.6
2022,1505536,3.2
2022,1505551,3.4
2022,1505601,11.2
2022,1505635,11.4
2022,1505650,3.9
2022,1505700,6.2
2022,1505809,25.3
2022,1505908,7.5
2022,1506005,9.7
2022,1506104,20.6
2022,1506112,16.1
2022,1506138,4.2
2022,1506161,2.1
2022,1506187,14.2
2022,1506195,9.2
2022,1506203,2.8
2022,1506302,10.9
2022,1506351,9.5
2022,1506401,13.3
2022,1506500,1.1
2022,1506559,12.2
2022,1506583,10.1
2022,1506609,14.8
2022,1506708,16.4
2022,1506807,5.9
2022,1506906,8.2
2022,1507003,9.3
2022,1507102,14.2
2022,1507151,14.4
2022,1507201,20.1
2022,1507300,10.6
2022,1507409,14.6
2022,1507458,4.1
2022,1507466,6.0
2022,1507474,1.1
2022,1507508,13.5
2022,1507607,16.8
2022,1507706,8.1
2022,1507755,18.9
2022,1507805,15.6
2022,1507904,12.2
2022,1507953,13.9
2022,1507961,7.1
2022,1507979,0.6
2022,1508001,0.7
2022,1508035,18.1
2022,1508050,11.8
2022,1508084,11.5
2022,1508100,13.8
2022,1508126,2.1
2022,1508159,5.1
2022,1508209,10.8
2022,1508308,12.1
2022,1508357,8.2
2022,1508407,11.7
2022,1600055,9.5
2022,1600105,6.8
2022,1600154,3.1
2022,1600204,15.9
2022,1600212,12.1
2022,1600238,16.8
2022,1600253,17.7
2022,1600279,8.0
2022,1600303,8.9
2022,1600402,17.1
2022,1600501,12.8
2022,1600535,9.1
2022,1600550,17.6
2022,1600600,8.0
2022,1600709,11.1
2022,1600808,8.5
2022,1700251,4.0
2022,1700301,8.1
2022,1700350,3.0
2022,1700400,1.8
2022,1700707,2.6
2022,1701002,3.2
2022,1701051,4.2
2022,1701101,0.5
2022,1701309,3.9
2022,1701903,1.0
2022,1702000,5.7
2022,1702109,2.0
2022,1702158,7.3
2022,1702208,4.7
2022,1702307,4.0
2022,1702406,1.7
2022,1702554,6.5
2022,1702703,1.8
2022,1702901,6.1
2022,1703008,5.8
2022,1703057,1.1
2022,1703073,11.8
2022,1703107,2.3
2022,1703206,0.0
2022,1703305,0.6
2022,1703602,1.6
2022,1703701,6.4
2022,1703800,5.1
2022,1703826,1.0
2022,1703842,8.8
2022,1703867,1.4
2022,1703883,13.2
2022,1703891,9.4
2022,1703909,3.4
2022,1704105,0.8
2022,1704600,0.5
2022,1705102,6.9
2022,1705508,4.9
2022,1705557,2.2
2022,1705607,13.7
2022,1706001,8.8
2022,1706100,4.9
2022,1706258,2.8
2022,1706506,8.0
2022,1707009,5.3
2022,1707108,2.5
2022,1707207,9.1
2022,1707306,3.2
2022,1707405,10.7
2022,1707553,7.5
2022,1707652,10.2
2022,1707702,6.2
2022,1708205,2.5
2022,1708254,0.5
2022,1708304,0.7
2022,1709005,7.1
2022,1709302,3.5
2022,1709500,2.7
2022,1709807,14.0
2022,1710508,2.0
2022,1710706,2.1
2022,1710904,4.5
2022,1711100,0.9
2022,1711506,4.8
2022,1711803,14.2
2022,1711902,5.0
2022,1711951,0.7
2022,1712009,3.5
2022,1712157,1.6
2022,1712405,6.0
2022,1712454,3.4
2022,1712504,8.5
2022,1712702,8.2
2022,1712801,6.5
2022,1713205,4.8
2022,1713304,1.9
2022,1713601,4.7
2022,1713700,1.4
2022,1713809,0.9
2022,1713957,0.9
2022,1714203,1.8
2022,1714302,8.2
2022,1714880,9.3
2022,1715002,0.8
2022,1715101,1.9
2022,1715150,1.5
2022,1715259,5.6
2022,1715507,3.0
2022,1715705,6.4
2022,1715754,0.5
2022,1716109,1.2
2022,1716208,6.7
2022,1716307,11.4
2022,1716505,0.5
2022,1716604,7.6
2022,1716653,4.2
2022,1716703,2.8
2022,1717008,6.9
2022,1717206,4.3
2022,1717503,3.0
2022,1717800,6.5
2022,1717909,2.3
2022,1718006,6.1
2022,1718204,1.8
2022,1718303,10.1
2022,1718402,3.7
2022,1718451,7.3
2022,1718501,4.2
2022,1718550,7.8
2022,1718659,10.8
2022,1718709,9.6
2022,1718758,2.3
2022,1718808,10.3
2022,1718840,3.6
2022,1718865,9.8
2022,1718881,3.6
2022,1718899,0.9
2022,1718907,4.0
2022,1719004,3.3
2022,1720002,7.0
2022,1720101,4.3
2022,1720150,6.9
2022,1720200,8.6
2022,1720259,1.8
2022,1720309,5.8
2022,1720499,2.7
2022,1720655,4.3
2022,1720804,6.6
2022,1720853,9.4
2022,1720903,10.5
2022,1720937,19.9
2022,1720978,2.8
2022,1721000,0.9
2022,1721109,7.2
2022,1721208,5.2
2022,1721257,0.7
2022,1721307,3.5
2022,1722081,1.3
2022,1722107,4.8
2022,2100055,3.5
2022,2100105,6.7
2022,2100154,4.8
2022,2100204,6.0
2022,2100303,13.5
2022,2100402,4.9
2022,2100436,3.9
2022,2100477,1.7
2022,2100501,4.0
2022,2100550,9.0
2022,2100600,8.8
2022,2100709,8.5
2022,2100808,8.1
2022,2100832,5.7
2022,2100873,1.1
2022,2100907,8.8
2022,2100956,3.0
2022,2101004,4.4
2022,2101103,6.2
2022,2101202,1.4
2022,2101251,4.7
2022,2101301,3.1
2022,2101350,0.8
2022,2101400,6.3
2022,2101509,1.9
2022,2101608,5.7
2022,2101707,4.0
2022,2101731,3.0
2022,2101772,2.1
2022,2101806,10.5
2022,2101905,5.0
2022,2101939,0.1
2022,2101970,5.3
2022,2102002,7.8
2022,2102036,1.4
2022,2102077,1.7
2022,2102101,6.1
2022,2102150,6.3
2022,2102200,5.3
2022,2102309,1.8
2022,2102325,1.4
2022,2102358,7.0
2022,2102374,3.4
2022,2102408,4.0
2022,2102507,10.6
2022,2102556,2.6
2022,2102606,3.5
2022,2102705,10.8
2022,2102754,6.3
2022,2102804,6.5
2022,2102903,4.4
2022,2103000,7.2
2022,2103109,4.3
2022,2103125,9.3
2022,2103158,2.7
2022,2103174,2.3
2022,2103208,0.9
2022,2103257,2.2
2022,2103307,7.7
2022,2103406,10.5
2022,2103505,0.2
2022,2103554,3.3
2022,2103604,1.6
2022,2103703,5.6
2022,2103752,9.7
2022,2103802,3.0
2022,2103901,10.7
2022,2104008,5.4
2022,2104057,5.5
2022,2104073,5.3
2022,2104081,7.5
2022,2104099,0.8
2022,2104107,4.1
2022,2104206,1.0
2022,2104305,0.9
2022,2104404,1.3
2022,2104503,3.4
2022,2104552,5.4
2022,2104602,8.1
2022,2104628,8.5
2022,2104651,10.5
2022,2104677,6.9
2022,2104701,14.4
2022,2104800,6.1
2022,2104909,8.7
2022,2105005,7.2
2022,2105104,8.8
2022,2105153,6.5
2022,2105203,6.3
2022,2105302,4.5
2022,2105351,6.5
2022,2105401,2.4
2022,2105427,4.6
2022,2105450,8.6
2022,2105476,8.8
2022,2105500,2.9
2022,2105609,3.6
2022,2105658,3.7
2022,2105708,1.8
2022,2105807,0.0
2022,2105906,5.5
2022,2105922,0.3
2022,2105948,1.0
2022,2105963,6.4
2022,2105989,4.4
2022,2106003,1.3
2022,2106102,4.8
2022,2106201,5.8
2022,2106300,4.5
2022,2106326,1.3
2022,2106359,6.4
2022,2106375,3.3
2022,2106409,6.2
2022,2106508,4.9
2022,2106607,5.0
2022,2106631,8.3
2022,2106672,1.0
2022,2106706,2.9
2022,2106755,1.3
2022,2106805,5.0
2022,2106904,11.0
2022,2107001,10.5
2022,2107100,6.7
2022,2107209,2.3
2022,2107258,12.4
2022,2107308,11.1
2022,2107357,4.0
2022,2107407,7.8
2022,2107456,7.6
2022,2107506,2.9
2022,2107605,3.9
2022,2107704,10.9
2022,2107803,10.2
2022,2107902,8.9
2022,2108009,2.5
2022,2108058,6.2
2022,2108108,4.1
2022,2108207,4.1
2022,2108256,1.7
2022,2108306,6.3
2022,2108405,1.5
2022,2108454,2.2
2022,2108504,4.9
2022,2108603,2.5
2022,2108702,2.2
2022,2108801,4.1
2022,2108900,0.0
2022,2109007,1.4
2022,2109056,7.3
2022,2109106,5.1
2022,2109205,5.7
2022,2109239,6.8
2022,2109270,0.0
2022,2109304,5.7
2022,2109403,6.0
2022,2109452,3.1
2022,2109502,4.2
2022,2109551,6.8
2022,2109601,4.4
2022,2109700,0.6
2022,2109759,7.9
2022,2109809,5.6
2022,2109908,4.2
2022,2110005,3.3
2022,2110039,2.2
2022,2110104,2.1
2022,2110203,1.6
2022,2110237,7.1
2022,2110278,7.2
2022,2110302,3.7
2022,2110401,2.4
2022,2110500,4.7
2022,2110609,2.1
2022,2110658,16.7
2022,2110708,2.8
2022,2110807,16.6
2022,2110856,8.6
2022,2110906,10.5
2022,2111003,5.7
2022,2111029,3.0
2022,2111052,3.0
2022,2111078,6.2
2022,2111102,5.3
2022,2111201,1.6
2022,2111250,9.4
2022,2111300,3.2
2022,2111409,9.7
2022,2111508,3.6
2022,2111532,6.4
2022,2111573,2.6
2022,2111607,3.3
2022,2111631,14.2
2022,2111672,10.3
2022,2111706,3.6
2022,2111722,5.6
2022,2111748,5.6
2022,2111763,7.4
2022,2111789,2.4
2022,2111805,5.4
2022,2111904,7.9
2022,2111953,8.6
2022,2112001,9.6
2022,2112100,5.4
2022,2112209,1.3
2022,2112233,3.1
2022,2112274,4.2
2022,2112308,2.6
2022,2112407,3.4
2022,2112456,4.9
2022,2112506,8.1
2022,2112605,1.3
2022,2112704,0.5
2022,2112803,3.9
2022,2112852,5.7
2022,2112902,2.9
2022,2113009,4.5
2022,2114007,4.1
2022,2200053,1.3
2022,2200103,7.9
2022,2200202,1.7
2022,2200251,7.2
2022,2200277,0.5
2022,2200301,5.7
2022,2200400,0.6
2022,2200459,3.5
2022,2200509,7.0
2022,2200608,1.7
2022,2200707,1.6
2022,2200806,0.2
2022,2200905,6.3
2022,2200954,0.0
2022,2201002,11.3
2022,2201051,8.5
2022,2201101,11.8
2022,2201150,6.3
2022,2201176,4.9
2022,2201200,3.6
2022,2201309,18.4
2022,2201408,3.5
2022,2201507,11.0
2022,2201556,4.5
2022,2201572,0.0
2022,2201606,1.5
2022,2201705,5.2
2022,2201739,8.3
2022,2201770,6.2
2022,2201804,1.2
2022,2201903,1.4
2022,2201919,5.1
2022,2201929,5.1
2022,2201945,7.6
2022,2201960,1.9
2022,2201988,10.0
2022,2202000,6.8
2022,2202026,0.9
2022,2202059,0.3
2022,2202075,1.8
2022,2202083,4.8
2022,2202091,1.1
2022,2202109,7.2
2022,2202117,18.2
2022,2202133,0.1
2022,2202174,0.8
2022,2202208,0.9
2022,2202251,8.8
2022,2202307,5.4
2022,2202406,4.7
2022,2202455,8.0
2022,2202505,27.5
2022,2202539,7.5
2022,2202554,2.4
2022,2202604,5.1
2022,2202653,15.3
2022,2202703,4.7
2022,2202711,9.1
2022,2202729,3.6
2022,2202737,6.5
2022,2202752,9.4
2022,2202778,0.0
2022,2202802,8.2
2022,2202851,5.4
2022,2202901,2.1
2022,2203008,5.9
2022,2203107,19.4
2022,2203206,0.3
2022,2203230,8.7
2022,2203255,6.5
2022,2203271,2.3
2022,2203305,0.9
2022,2203354,4.3
2022,2203404,3.5
2022,2203420,0.0
2022,2203453,0.0
2022,2203503,5.9
2022,2203602,12.8
2022,2203701,4.0
2022,2203750,13.2
2022,2203800,16.8
2022,2203859,7.1
2022,2203909,5.5
2022,2204006,4.1
2022,2204105,7.7
2022,2204154,1.6
2022,2204204,3.5
2022,2204303,3.1
2022,2204352,3.1
2022,2204402,16.8
2022,2204501,5.5
2022,2204550,3.8
2022,2204600,1.7
2022,2204659,5.4
2022,2204709,0.2
2022,2204808,0.0
2022,2204907,12.9
2022,2205003,2.1
2022,2205102,5.7
2022,2205151,4.2
2022,2205201,2.8
2022,2205250,2.4
2022,2205276,6.1
2022,2205300,5.2
2022,2205359,9.2
2022,2205409,7.2
2022,2205458,7.8
2022,2205508,8.0
2022,2205516,3.7
2022,2205524,4.8
2022,2205532,21.1
2022,2205540,7.7
2022,2205557,1.0
2022,2205565,7.0
2022,2205573,4.8
2022,2205581,22.8
2022,2205599,0.0
2022,2205607,1.1
2022,2205706,15.2
2022,2205805,7.2
2022,2205854,0.8
2022,2205904,4.7
2022,2205953,3.4
2022,2206001,7.2
2022,2206050,9.3
2022,2206100,5.2
2022,2206209,17.1
2022,2206308,6.6
2022,2206357,13.8
2022,2206407,9.7
2022,2206506,0.0
2022,2206605,6.3
2022,2206654,7.3
2022,2206670,11.6
2022,2206696,18.4
2022,2206704,1.3
2022,2206720,4.7
2022,2206753,1.2
2022,2206803,8.5
2022,2206902,9.1
2022,2206951,4.5
2022,2207009,0.3
2022,2207108,1.8
2022,2207207,0.4
2022,2207306,10.3
2022,2207355,0.0
2022,2207405,10.2
2022,2207504,5.0
2022,2207553,15.4
2022,2207603,8.9
2022,2207702,8.1
2022,2207751,8.6
2022,2207777,2.4
2022,2207793,5.3
2022,2207801,7.2
2022,2207850,15.1
2022,2207900,8.2
2022,2207934,6.7
2022,2207959,5.1
2022,2208007,3.9
2022,2208106,5.9
2022,2208205,1.6
2022,2208304,0.2
2022,2208403,6.2
2022,2208502,1.6
2022,2208551,4.4
2022,2208601,7.2
2022,2208650,1.0
2022,2208700,9.7
2022,2208809,3.4
2022,2208858,7.5
2022,2208874,1.1
2022,2208908,2.5
2022,2209005,9.1
2022,2209104,0.3
2022,2209153,6.9
2022,2209203,6.8
2022,2209302,5.2
2022,2209351,3.6
2022,2209377,0.0
2022,2209401,6.0
2022,2209450,2.7
2022,2209500,0.0
2022,2209559,4.1
2022,2209609,4.8
2022,2209658,11.8
2022,2209708,4.7
2022,2209757,7.3
2022,2209807,5.3
2022,2209856,0.0
2022,2209872,3.1
2022,2209906,0.4
2022,2209955,5.6
2022,2209971,2.8
2022,2210003,4.6
2022,2210052,0.1
2022,2210102,8.3
2022,2210201,0.0
2022,2210300,1.5
2022,2210359,2.8
2022,2210375,0.3
2022,2210383,1.6
2022,2210391,22.5
2022,2210409,0.0
2022,2210508,5.5
2022,2210607,1.1
2022,2210623,11.6
2022,2210631,12.0
2022,2210656,0.7
2022,2210706,0.0
2022,2210805,0.5
2022,2210904,12.2
2022,2210938,8.9
2022,2210953,3.7
2022,2210979,22.1
2022,2211001,2.3
2022,2211100,7.0
2022,2211209,7.3
2022,2211308,4.6
2022,2211357,13.8
2022,2211407,3.8
2022,2211506,2.9
2022,2211605,0.0
2022,2211704,8.5
2022,2300101,0.7
2022,2300150,0.1
2022,2300200,0.5
2022,2300309,0.3
2022,2300408,0.0
2022,2300507,2.4
2022,2300606,0.0
2022,2300705,0.0
2022,2300754,2.2
2022,2300804,0.0
2022,2300903,1.1
2022,2301000,0.1
2022,2301109,0.3
2022,2301208,0.0
2022,2301257,0.0
2022,2301307,0.0
2022,2301406,0.0
2022,2301505,0.1
2022,2301604,0.1
2022,2301703,0.4
2022,2301802,0.1
2022,2301851,1.4
2022,2301901,0.0
2022,2301950,0.0
2022,2302008,0.8
2022,2302057,0.8
2022,2302107,0.1
2022,2302206,3.8
2022,2302305,0.4
2022,2302404,0.2
2022,2302503,0.4
2022,2302602,0.2
2022,2302701,1.1
2022,2302800,0.1
2022,2302909,0.3
2022,2303006,0.2
2022,2303105,0.0
2022,2303204,0.0
2022,2303303,0.0
2022,2303402,0.0
2022,2303501,0.2
2022,2303600,0.1
2022,2303659,0.1
2022,2303709,1.1
2022,2303808,0.1
2022,2303907,4.0
2022,2303931,0.6
2022,2303956,1.7
2022,2304004,0.0
2022,2304103,0.1
2022,2304202,0.0
2022,2304236,0.5
2022,2304251,0.0
2022,2304269,0.9
2022,2304277,0.0
2022,2304285,0.1
2022,2304301,0.0
2022,2304350,0.0
2022,2304400,0.6
2022,2304459,0.0
2022,2304509,0.2
2022,2304608,0.0
2022,2304657,1.1
2022,2304707,2.0
2022,2304806,4.2
2022,2304905,0.6
2022,2304954,1.2
2022,2305001,0.0
2022,2305100,0.0
2022,2305209,0.0
2022,2305233,0.1
2022,2305266,2.3
2022,2305308,0.1
2022,2305332,0.5
2022,2305357,0.1
2022,2305407,1.1
2022,2305506,0.4
2022,2305605,0.0
2022,2305654,0.0
2022,2305704,0.0
2022,2305803,1.9
2022,2305902,0.0
2022,2306009,0.0
2022,2306108,0.0
2022,2306207,0.6
2022,2306256,0.7
2022,2306306,0.1
2022,2306405,0.1
2022,2306504,0.0
2022,2306553,1.4
2022,2306603,0.4
2022,2306702,0.8
2022,2306801,0.2
2022,2306900,0.0
2022,2307007,0.2
2022,2307106,0.3
2022,2307205,0.4
2022,2307254,0.8
2022,2307304,0.9
2022,2307403,0.1
2022,2307502,4.0
2022,2307601,0.0
2022,2307635,0.0
2022,2307650,0.4
2022,2307700,0.1
2022,2307809,0.5
2022,2307908,1.9
2022,2308005,0.0
2022,2308104,0.3
2022,2308203,0.0
2022,2308302,0.2
2022,2308351,0.5
2022,2308377,0.0
2022,2308401,1.4
2022,2308500,3.5
2022,2308609,0.0
2022,2308708,0.0
2022,2308807,2.7
2022,2308906,0.2
2022,2309003,0.2
2022,2309102,0.0
2022,2309201,0.2
2022,2309300,0.1
2022,2309409,0.1
2022,2309458,0.0
2022,2309508,2.7
2022,2309607,0.8
2022,2309706,0.8
2022,2309805,0.1
2022,2309904,0.0
2022,2310001,0.0
2022,2310100,0.1
2022,2310209,0.0
2022,2310258,0.1
2022,2310308,0.2
2022,2310407,3.1
2022,2310506,0.0
2022,2310605,0.2
2022,2310704,0.2
2022,2310803,1.0
2022,2310852,0.3
2022,2310902,0.0
2022,2310951,0.0
2022,2311009,0.5
2022,2311108,0.0
2022,2311207,0.1
2022,2311231,0.0
2022,2311264,0.0
2022,2311306,0.2
2022,2311355,0.0
2022,2311405,0.0
2022,2311504,0.0
2022,2311603,0.1
2022,2311702,1.5
2022,2311801,0.0
2022,2311900,0.0
2022,2311959,3.6
2022,2312007,1.7
2022,2312106,0.2
2022,2312205,0.0
2022,2312304,0.1
2022,2312403,0.3
2022,2312502,0.0
2022,2312601,0.1
2022,2312700,0.1
2022,2312809,0.0
2022,2312908,2.4
2022,2313005,0.0
2022,2313104,0.0
2022,2313203,0.0
2022,2313252,0.7
2022,2313302,0.2
2022,2313351,0.3
2022,2313401,0.0
2022,2313500,0.4
2022,2313559,0.0
2022,2313609,0.1
2022,2313708,0.0
2022,2313757,0.2
2022,2313807,0.0
2022,2313906,0.0
2022,2313955,0.0
2022,2314003,0.0
2022,2314102,1.0
2022,2400109,2.2
2022,2400208,12.5
2022,2400307,9.4
2022,2400406,5.7
2022,2400505,5.0
2022,2400604,13.3
2022,2400703,2.5
2022,2400802,11.4
2022,2400901,16.7
2022,2401008,8.4
2022,2401107,11.4
2022,2401206,17.3
2022,2401305,16.2
2022,2401404,12.1
2022,2401453,9.0
2022,2401503,21.3
2022,2401602,21.0
2022,2401651,20.3
2022,2401701,19.5
2022,2401800,2.3
2022,2401859,20.1
2022,2401909,11.7
2022,2402006,6.0
2022,2402105,5.4
2022,2402204,14.7
2022,2402303,8.0
2022,2402402,3.4
2022,2402501,12.6
2022,2402600,12.2
2022,2402709,10.2
2022,2402808,17.2
2022,2402907,19.3
2022,2403004,4.8
2022,2403103,5.4
2022,2403202,7.7
2022,2403251,8.9
2022,2403301,9.9
2022,2403400,8.2
2022,2403509,16.0
2022,2403608,9.8
2022,2403707,7.1
2022,2403756,18.2
2022,2403806,5.2
2022,2403905,9.8
2022,2404002,16.6
2022,2404101,14.7
2022,2404200,15.0
2022,2404309,17.2
2022,2404408,13.8
2022,2404507,10.6
2022,2404606,18.1
2022,2404705,15.3
2022,2404804,8.8
2022,2404853,8.2
2022,2404903,10.6
2022,2405009,12.5
2022,2405108,10.2
2022,2405207,7.9
2022,2405306,18.6
2022,2405405,15.0
2022,2405504,22.0
2022,2405603,12.2
2022,2405702,9.0
2022,2405801,9.7
2022,2405900,16.1
2022,2406007,8.0
2022,2406106,9.9
2022,2406155,17.0
2022,2406205,10.0
2022,2406304,13.1
2022,2406403,18.0
2022,2406502,15.0
2022,2406601,15.8
2022,2406700,10.0
2022,2406809,10.3
2022,2406908,9.5
2022,2407005,13.6
2022,2407104,11.2
2022,2407203,5.5
2022,2407252,35.7
2022,2407302,12.2
2022,2407401,6.9
2022,2407500,9.6
2022,2407609,12.2
2022,2407708,13.7
2022,2407807,16.0
2022,2407906,27.2
2022,2408003,9.7
2022,2408102,10.4
2022,2408201,17.2
2022,2408300,13.2
2022,2408409,17.6
2022,2408508,6.5
2022,2408607,8.6
2022,2408706,21.0
2022,2408805,11.1
2022,2408904,8.7
2022,2408953,24.6
2022,2409100,5.6
2022,2409209,15.1
2022,2409308,12.8
2022,2409332,5.1
2022,2409407,6.2
2022,2409506,16.7
2022,2409605,23.0
2022,2409704,17.2
2022,2409803,18.4
2022,2409902,5.6
2022,2410009,8.6
2022,2410108,16.2
2022,2410207,20.8
2022,2410256,15.8
2022,2410306,23.2
2022,2410405,10.8
2022,2410504,12.5
2022,2410603,7.8
2022,2410702,11.9
2022,2410801,17.3
2022,2410900,14.3
2022,2411007,12.9
2022,2411056,10.9
2022,2411106,5.7
2022,2411205,3.3
2022,2411403,17.5
2022,2411429,1.7
2022,2411502,18.9
2022,2411601,19.8
2022,2411700,9.4
2022,2411809,16.0
2022,2411908,10.9
2022,2412005,11.3
2022,2412104,5.8
2022,2412203,13.8
2022,2412302,10.8
2022,2412401,3.9
2022,2412500,7.4
2022,2412559,12.3
2022,2412609,13.1
2022,2412708,11.3
2022,2412807,19.2
2022,2412906,17.8
2022,2413003,11.0
2022,2413102,10.4
2022,2413201,19.2
2022,2413300,9.0
2022,2413359,16.7
2022,2413409,7.7
2022,2413508,3.9
2022,2413557,13.4
2022,2413607,5.0
2022,2413706,5.5
2022,2413805,9.7
2022,2413904,10.6
2022,2414001,11.2
2022,2414100,3.6
2022,2414159,4.5
2022,2414209,17.2
2022,2414308,18.2
2022,2414407,16.2
2022,2414456,12.1
2022,2414506,10.9
2022,2414605,9.0
2022,2414704,10.5
2022,2414753,13.2
2022,2414803,14.6
2022,2414902,7.4
2022,2415008,15.0
2022,2500106,0.2
2022,2500205,4.2
2022,2500304,13.5
2022,2500403,5.3
2022,2500502,3.4
2022,2500536,6.7
2022,2500577,3.9
2022,2500601,9.4
2022,2500700,4.1
2022,2500734,0.5
2022,2500775,8.0
2022,2500809,6.8
2022,2500908,1.2
2022,2501005,8.3
2022,2501104,2.8
2022,2501153,2.1
2022,2501203,4.9
2022,2501302,2.2
2022,2501351,13.0
2022,2501401,6.3
2022,2501500,6.4
2022,2501534,3.4
2022,2501575,7.1
2022,2501609,6.9
2022,2501708,1.6
2022,2501807,8.3
2022,2501906,3.0
2022,2502003,6.2
2022,2502052,1.0
2022,2502102,6.4
2022,2502151,7.6
2022,2502201,8.9
2022,2502300,2.0
2022,2502409,6.6
2022,2502508,9.9
2022,2502607,4.8
2022,2502706,6.4
2022,2502805,4.4
2022,2502904,11.4
2022,2503001,9.2
2022,2503100,3.9
2022,2503209,6.6
2022,2503308,2.5
2022,2503407,3.8
2022,2503506,8.9
2022,2503555,4.4
2022,2503605,11.4
2022,2503704,0.9
2022,2503753,15.8
2022,2503803,4.8
2022,2503902,2.6
2022,2504009,6.4
2022,2504033,8.8
2022,2504074,5.8
2022,2504108,5.6
2022,2504157,7.8
2022,2504207,13.5
2022,2504306,3.7
2022,2504355,3.5
2022,2504405,4.9
2022,2504504,18.0
2022,2504603,8.3
2022,2504702,0.3
2022,2504801,6.7
2022,2504850,1.0
2022,2504900,7.9
2022,2505006,2.1
2022,2505105,8.4
2022,2505204,5.3
2022,2505238,3.6
2022,2505279,9.1
2022,2505303,4.2
2022,2505352,6.0
2022,2505402,4.0
2022,2505501,2.0
2022,2505600,1.8
2022,2505709,0.2
2022,2505808,4.0
2022,2505907,7.4
2022,2506004,1.3
2022,2506103,7.3
2022,2506202,0.9
2022,2506251,0.0
2022,2506301,2.3
2022,2506400,4.7
2022,2506509,1.1
2022,2506608,3.8
2022,2506707,7.8
2022,2506806,2.8
2022,2506905,0.9
2022,2507002,4.7
2022,2507101,1.0
2022,2507200,1.3
2022,2507309,7.1
2022,2507408,13.0
2022,2507507,5.7
2022,2507606,5.6
2022,2507705,11.5
2022,2507804,5.0
2022,2507903,2.0
2022,2508000,4.3
2022,2508109,5.5
2022,2508208,9.1
2022,2508307,2.1
2022,2508406,0.2
2022,2508505,3.0
2022,2508554,6.2
2022,2508604,12.1
2022,2508703,0.4
2022,2508802,2.3
2022,2508901,6.8
2022,2509008,1.8
2022,2509057,9.8
2022,2509107,4.2
2022,2509156,0.0
2022,2509206,5.2
2022,2509305,9.6
2022,2509339,3.1
2022,2509370,9.6
2022,2509396,10.6
2022,2509404,0.1
2022,2509503,7.3
2022,2509602,1.7
2022,2509701,0.3
2022,2509800,0.2
2022,2509909,2.2
2022,2510006,3.8
2022,2510105,10.9
2022,2510204,2.1
2022,2510303,7.1
2022,2510402,6.6
2022,2510501,8.8
2022,2510600,0.0
2022,2510659,2.5
2022,2510709,7.6
2022,2510808,4.8
2022,2510907,6.2
2022,2511004,7.2
2022,2511103,8.0
2022,2511202,5.2
2022,2511301,5.4
2022,2511400,4.3
2022,2511509,6.2
2022,2511608,10.5
2022,2511707,6.0
2022,2511806,8.3
2022,2511905,3.0
2022,2512002,8.7
2022,2512036,10.5
2022,2512077,18.6
2022,2512101,2.8
2022,2512200,8.5
2022,2512309,1.3
2022,2512408,4.9
2022,2512507,1.8
2022,2512606,1.8
2022,2512705,3.3
2022,2512721,16.5
2022,2512747,0.2
2022,2512754,1.1
2022,2512762,10.9
2022,2512788,9.1
2022,2512804,14.5
2022,2512903,6.7
2022,2513000,1.8
2022,2513109,1.6
2022,2513158,11.4
2022,2513208,1.0
2022,2513307,0.3
2022,2513356,4.4
2022,2513406,0.7
2022,2513505,6.8
2022,2513604,0.0
2022,2513653,0.0
2022,2513703,6.2
2022,2513802,5.2
2022,2513851,3.4
2022,2513901,6.6
2022,2513927,6.8
2022,2513943,0.0
2022,2513968,9.7
2022,2513984,0.7
2022,2514008,4.5
2022,2514107,6.2
2022,2514206,15.4
2022,2514305,3.5
2022,2514404,0.6
2022,2514453,2.4
2022,2514503,7.3
2022,2514552,2.9
2022,2514602,3.0
2022,2514651,7.1
2022,2514701,0.4
2022,2514800,5.6
2022,2514909,12.6
2022,2515005,0.8
2022,2515104,11.6
2022,2515203,2.2
2022,2515302,10.5
2022,2515401,4.6
2022,2515500,3.6
2022,2515609,2.0
2022,2515708,10.2
2022,2515807,5.1
2022,2515906,15.4
2022,2515930,6.3
2022,2515971,13.1
2022,2516003,6.2
2022,2516102,3.6
2022,2516151,14.0
2022,2516201,3.6
2022,2516300,3.1
2022,2516409,7.8
2022,2516508,2.3
2022,2516607,5.3
2022,2516706,1.6
2022,2516755,9.3
2022,2516805,3.7
2022,2516904,7.1
2022,2517001,1.8
2022,2517100,1.7
2022,2517209,0.2
2022,2517407,1.9
2022,2600054,4.6
2022,2600104,4.8
2022,2600203,1.9
2022,2600302,5.8
2022,2600401,2.8
2022,2600500,7.6
2022,2600609,18.4
2022,2600708,6.1
2022,2600807,6.1
2022,2600906,3.2
2022,2601003,5.9
2022,2601052,3.3
2022,2601102,4.4
2022,2601201,1.8
2022,2601300,1.2
2022,2601409,1.8
2022,2601508,0.6
2022,2601607,1.1
2022,2601706,8.3
2022,2601805,2.1
2022,2601904,3.3
2022,2602001,12.5
2022,2602100,6.3
2022,2602209,2.0
2022,2602308,0.7
2022,2602407,8.6
2022,2602506,2.2
2022,2602605,11.6
2022,2602704,8.8
2022,2602803,4.3
2022,2602902,3.1
2022,2603009,1.8
2022,2603108,4.5
2022,2603207,4.2
2022,2603306,8.1
2022,2603405,2.8
2022,2603454,2.9
2022,2603504,2.3
2022,2603603,8.0
2022,2603702,9.3
2022,2603801,2.7
2022,2603900,1.7
2022,2603926,12.6
2022,2604007,2.9
2022,2604106,8.9
2022,2604155,4.1
2022,2604205,9.0
2022,2604304,6.4
2022,2604403,3.0
2022,2604502,19.0
2022,2604601,6.8
2022,2604700,9.2
2022,2604809,4.2
2022,2604908,6.0
2022,2605004,2.1
2022,2605103,1.6
2022,2605152,0.7
2022,2605202,3.3
2022,2605301,2.9
2022,2605400,2.9
2022,2605459,7.7
2022,2605509,5.1
2022,2605608,2.3
2022,2605707,8.5
2022,2605806,14.4
2022,2605905,0.9
2022,2606002,7.8
2022,2606101,0.8
2022,2606200,7.7
2022,2606309,5.5
2022,2606408,6.0
2022,2606507,9.3
2022,2606606,7.6
2022,2606705,8.5
2022,2606804,3.6
2022,2606903,2.1
2022,2607000,10.3
2022,2607109,3.9
2022,2607208,2.5
2022,2607307,5.7
2022,2607406,5.9
2022,2607505,10.1
2022,2607604,4.8
2022,2607653,5.2
2022,2607703,3.6
2022,2607752,5.0
2022,2607802,9.1
2022,2607901,2.3
2022,2607950,11.8
2022,2608008,11.3
2022,2608057,6.2
2022,2608107,2.9
2022,2608206,6.7
2022,2608255,4.4
2022,2608305,5.3
2022,2608404,4.1
2022,2608453,2.3
2022,2608503,4.6
2022,2608602,6.4
2022,2608701,4.9
2022,2608750,1.6
2022,2608800,6.6
2022,2608909,3.5
2022,2609006,7.3
2022,2609105,1.7
2022,2609154,3.6
2022,2609204,6.4
2022,2609303,4.1
2022,2609402,6.0
2022,2609501,3.4
2022,2609600,2.2
2022,2609709,1.6
2022,2609808,4.6
2022,2609907,4.9
2022,2610004,3.7
2022,2610103,5.5
2022,2610202,3.8
2022,2610301,3.7
2022,2610400,3.7
2022,2610509,2.6
2022,2610608,3.6
2022,2610707,3.2
2022,2610806,3.5
2022,2610905,6.1
2022,2611002,2.0
2022,2611101,3.5
2022,2611200,5.6
2022,2611309,9.2
2022,2611408,6.0
2022,2611507,3.7
2022,2611533,2.5
2022,2611606,3.1
2022,2611705,6.0
2022,2611804,2.5
2022,2611903,0.3
2022,2612000,2.4
2022,2612109,4.8
2022,2612208,3.6
2022,2612307,4.2
2022,2612406,3.2
2022,2612455,10.2
2022,2612471,4.0
2022,2612505,7.9
2022,2612554,4.6
2022,2612604,5.4
2022,2612703,6.9
2022,2612802,3.8
2022,2612901,5.7
2022,2613008,5.4
2022,2613107,5.3
2022,2613206,5.8
2022,2613305,2.7
2022,2613404,7.1
2022,2613503,2.6
2022,2613602,3.6
2022,2613701,3.5
2022,2613800,5.7
2022,2613909,2.6
2022,2614006,3.5
2022,2614105,2.8
2022,2614204,2.0
2022,2614303,5.2
2022,2614402,2.1
2022,2614501,5.7
2022,2614600,1.7
2022,2614709,9.5
2022,2614808,5.3
2022,2614857,4.0
2022,2615003,7.1
2022,2615102,3.9
2022,2615201,1.2
2022,2615300,3.0
2022,2615409,10.5
2022,2615508,3.5
2022,2615607,3.4
2022,2615706,0.9
2022,2615805,12.4
2022,2615904,4.7
2022,2616001,2.9
2022,2616100,2.9
2022,2616183,5.6
2022,2616209,10.8
2022,2616308,3.2
2022,2616407,6.4
2022,2616506,1.7
2022,2700102,10.3
2022,2700201,0.1
2022,2700300,6.7
2022,2700409,1.9
2022,2700508,5.1
2022,2700607,9.4
2022,2700706,2.5
2022,2700805,2.0
2022,2700904,0.7
2022,2701001,2.9
2022,2701100,0.5
2022,2701209,0.0
2022,2701308,5.3
2022,2701357,10.3
2022,2701407,0.8
2022,2701506,18.4
2022,2701605,2.0
2022,2701704,8.6
2022,2701803,4.5
2022,2701902,1.0
2022,2702009,4.8
2022,2702108,2.7
2022,2702207,8.4
2022,2702306,3.6
2022,2702355,7.0
2022,2702405,7.3
2022,2702504,0.0
2022,2702553,0.4
2022,2702603,5.8
2022,2702702,0.5
2022,2702801,1.6
2022,2702900,4.4
2022,2703007,1.5
2022,2703106,0.9
2022,2703205,2.9
2022,2703304,0.8
2022,2703403,0.0
2022,2703502,1.8
2022,2703601,2.3
2022,2703700,11.9
2022,2703759,5.8
2022,2703809,4.6
2022,2703908,1.8
2022,2704005,2.6
2022,2704104,3.4
2022,2704203,3.7
2022,2704302,6.7
2022,2704401,0.0
2022,2704500,6.3
2022,2704609,1.3
2022,2704708,2.6
2022,2704807,0.8
2022,2704906,5.2
2022,2705002,0.9
2022,2705101,0.1
2022,2705200,1.5
2022,2705309,0.0
2022,2705408,0.1
2022,2705507,0.3
2022,2705606,7.4
2022,2705705,5.0
2022,2705804,9.2
2022,2705903,17.3
2022,2706000,6.4
2022,2706109,6.4
2022,2706208,1.5
2022,2706307,2.4
2022,2706406,0.5
2022,2706422,2.3
2022,2706448,8.9
2022,2706505,3.6
2022,2706604,1.7
2022,2706703,2.1
2022,2706802,4.0
2022,2706901,3.0
2022,2707008,6.3
2022,2707107,3.9
2022,2707206,3.6
2022,2707305,2.7
2022,2707404,7.3
2022,2707503,8.8
2022,2707602,9.7
2022,2707701,5.8
2022,2707800,7.4
2022,2707909,0.3
2022,2708006,4.7
2022,2708105,0.1
2022,2708204,3.6
2022,2708303,0.0
2022,2708402,4.3
2022,2708501,2.3
2022,2708600,3.6
2022,2708709,2.4
2022,2708808,9.8
2022,2708907,4.1
2022,2708956,11.3
2022,2709004,0.6
2022,2709103,5.5
2022,2709152,1.3
2022,2709202,3.6
2022,2709301,0.5
2022,2709400,5.1
2022,2800100,15.3
2022,2800209,15.8
2022,2800308,6.7
2022,2800407,3.9
2022,2800506,18.9
2022,2800605,9.3
2022,2800670,18.8
2022,2800704,13.6
2022,2801009,14.6
2022,2801108,17.4
2022,2801207,14.2
2022,2801306,7.3
2022,2801405,22.9
2022,2801504,11.0
2022,2801603,13.3
2022,2801702,8.7
2022,2801900,17.5
2022,2802007,15.3
2022,2802106,13.3
2022,2802205,18.9
2022,2802304,24.5
2022,2802403,11.3
2022,2802502,1.6
2022,2802601,17.3
2022,2802700,9.5
2022,2802809,15.9
2022,2802908,14.6
2022,2803005,5.4
2022,2803104,11.7
2022,2803203,17.5
2022,2803302,9.5
2022,2803401,21.6
2022,2803500,12.5
2022,2803609,13.7
2022,2803708,10.8
2022,2803807,10.1
2022,2803906,20.4
2022,2804003,14.6
2022,2804102,14.7
2022,2804201,20.4
2022,2804300,4.8
2022,2804409,1.7
2022,2804458,16.2
2022,2804508,11.6
2022,2804607,16.1
2022,2804706,9.9
2022,2804805,8.2
2022,2804904,12.2
2022,2805000,22.7
2022,2805109,13.6
2022,2805208,11.5
2022,2805307,18.5
2022,2805406,20.4
2022,2805505,6.3
2022,2805604,11.4
2022,2805703,6.5
2022,2805802,20.8
2022,2805901,17.3
2022,2806008,15.0
2022,2806107,15.2
2022,2806206,10.3
2022,2806305,17.0
2022,2806404,10.9
2022,2806503,19.7
2022,2806602,15.9
2022,2806701,5.4
2022,2806800,14.3
2022,2806909,13.2
2022,2807006,16.7
2022,2807105,13.4
2022,2807204,18.6
2022,2807303,12.6
2022,2807402,9.2
2022,2807501,7.9
2022,2807600,11.8
2022,2900108,4.6
2022,2900207,10.2
2022,2900306,11.0
2022,2900355,21.0
2022,2900405,21.4
2022,2900504,9.8
2022,2900603,11.1
2022,2900702,9.9
2022,2900801,11.9
2022,2900900,10.5
2022,2901007,5.3
2022,2901106,9.3
2022,2901155,1.6
2022,2901205,2.0
2022,2901304,8.8
2022,2901353,11.0
2022,2901403,10.3
2022,2901502,2.3
2022,2901601,14.7
2022,2901700,23.5
2022,2901809,2.6
2022,2901908,14.1
2022,2901957,9.7
2022,2902005,16.5
2022,2902054,11.1
2022,2902104,10.8
2022,2902203,5.3
2022,2902252,14.1
2022,2902302,5.4
2022,2902401,11.7
2022,2902500,8.3
2022,2902609,12.4
2022,2902658,9.0
2022,2902708,10.7
2022,2902807,10.3
2022,2902906,11.0
2022,2903003,0.3
2022,2903102,11.3
2022,2903201,11.1
2022,2903235,2.4
2022,2903276,9.9
2022,2903300,7.4
2022,2903409,14.5
2022,2903508,10.9
2022,2903607,17.4
2022,2903706,2.2
2022,2903805,7.3
2022,2903904,4.7
2022,2903953,16.6
2022,2904001,2.7
2022,2904050,11.4
2022,2904100,3.2
2022,2904209,11.4
2022,2904308,6.8
2022,2904407,4.4
2022,2904506,4.6
2022,2904605,9.2
2022,2904704,8.3
2022,2904753,6.3
2022,2904803,8.3
2022,2904852,6.6
2022,2904902,14.1
2022,2905008,8.1
2022,2905107,3.5
2022,2905156,3.3
2022,2905206,18.7
2022,2905305,7.1
2022,2905404,16.2
2022,2905503,0.0
2022,2905602,12.1
2022,2905701,2.7
2022,2905800,9.1
2022,2905909,7.6
2022,2906006,7.2
2022,2906105,0.8
2022,2906204,0.2
2022,2906303,18.1
2022,2906402,14.9
2022,2906501,10.4
2022,2906600,8.8
2022,2906709,9.5
2022,2906808,17.9
2022,2906824,11.2
2022,2906857,13.1
2022,2906873,5.2
2022,2906899,12.0
2022,2906907,4.5
2022,2907004,15.6
2022,2907103,7.4
2022,2907202,10.6
2022,2907301,3.0
2022,2907400,3.2
2022,2907509,3.6
2022,2907558,8.0
2022,2907608,8.8
2022,2907707,6.3
2022,2907806,2.0
2022,2907905,11.2
2022,2908002,11.0
2022,2908101,2.2
2022,2908200,7.3
2022,2908309,6.0
2022,2908408,4.6
2022,2908507,6.8
2022,2908606,14.9
2022,2908705,8.6
2022,2908804,15.6
2022,2908903,17.9
2022,2909000,6.4
2022,2909109,0.5
2022,2909208,12.1
2022,2909307,8.9
2022,2909406,5.4
2022,2909505,10.8
2022,2909604,10.9
2022,2909703,10.0
2022,2909802,8.7
2022,2909901,7.8
2022,2910008,7.0
2022,2910057,7.3
2022,2910107,5.4
2022,2910206,1.9
2022,2910305,6.3
2022,2910404,14.8
2022,2910503,16.3
2022,2910602,16.9
2022,2910701,15.6
2022,2910727,10.1
2022,2910750,7.6
2022,2910776,1.7
2022,2910800,11.7
2022,2910859,3.6
2022,2910909,10.3
2022,2911006,1.6
2022,2911105,4.9
2022,2911204,7.2
2022,2911253,6.2
2022,2911303,3.9
2022,2911402,6.4
2022,2911501,11.9
2022,2911600,7.1
2022,2911659,15.0
2022,2911709,7.6
2022,2911808,9.3
2022,2911857,11.2
2022,2911907,6.9
2022,2912004,4.7
2022,2912103,1.8
2022,2912202,8.4
2022,2912301,11.4
2022,2912400,5.6
2022,2912509,2.8
2022,2912608,1.5
2022,2912707,9.6
2022,2912806,6.0
2022,2912905,17.1
2022,2913002,1.3
2022,2913101,3.6
2022,2913200,5.6
2022,2913309,2.7
2022,2913408,6.2
2022,2913457,11.6
2022,2913507,10.1
2022,2913606,9.5
2022,2913705,14.1
2022,2913804,13.0
2022,2913903,11.7
2022,2914000,8.7
2022,2914109,8.4
2022,2914208,8.7
2022,2914307,9.5
2022,2914406,0.4
2022,2914505,18.9
2022,2914604,1.1
2022,2914653,18.4
2022,2914703,8.1
2022,2914802,7.4
2022,2914901,9.5
2022,2915007,1.8
2022,2915106,16.4
2022,2915205,7.5
2022,2915304,14.4
2022,2915353,7.4
2022,2915403,11.0
2022,2915502,18.0
2022,2915601,4.3
2022,2915700,13.4
2022,2915809,11.2
2022,2915908,16.8
2022,2916005,12.0
2022,2916104,5.7
2022,2916203,14.3
2022,2916302,24.8
2022,2916401,12.6
2022,2916500,18.6
2022,2916609,22.1
2022,2916708,10.7
2022,2916807,3.2
2022,2916856,0.2
2022,2916906,2.0
2022,2917003,12.5
2022,2917102,4.4
2022,2917201,11.5
2022,2917300,13.7
2022,2917334,6.6
2022,2917359,0.0
2022,2917409,2.4
2022,2917508,6.6
2022,2917607,9.1
2022,2917706,6.3
2022,2917805,12.0
2022,2917904,9.2
2022,2918001,11.6
2022,2918100,16.2
2022,2918209,13.1
2022,2918308,3.2
2022,2918357,2.1
2022,2918407,4.1
2022,2918456,7.9
2022,2918506,6.8
2022,2918555,12.7
2022,2918605,0.1
2022,2918704,1.6
2022,2918753,15.1
2022,2918803,6.8
2022,2918902,12.6
2022,2919009,6.1
2022,2919058,6.2
2022,2919108,19.1
2022,2919157,0.8
2022,2919207,8.1
2022,2919306,12.2
2022,2919405,0.5
2022,2919504,6.8
2022,2919553,5.4
2022,2919603,15.1
2022,2919702,11.4
2022,2919801,2.1
2022,2919900,3.4
2022,2919926,6.0
2022,2919959,22.5
2022,2920007,17.7
2022,2920106,8.5
2022,2920205,0.7
2022,2920304,5.2
2022,2920403,12.5
2022,2920452,5.6
2022,2920502,4.2
2022,2920601,9.5
2022,2920700,12.1
2022,2920809,7.8
2022,2920908,6.7
2022,2921005,10.2
2022,2921054,1.0
2022,2921104,17.4
2022,2921203,7.9
2022,2921302,16.9
2022,2921401,10.7
2022,2921450,9.7
2022,2921500,14.2
2022,2921609,5.1
2022,2921708,7.1
2022,2921807,4.3
2022,2921906,6.2
2022,2922003,5.6
2022,2922052,7.5
2022,2922102,0.1
2022,2922201,6.0
2022,2922250,10.1
2022,2922300,8.3
2022,2922409,6.3
2022,2922508,0.8
2022,2922607,10.6
2022,2922656,14.4
2022,2922706,12.7
2022,2922730,8.5
2022,2922755,4.3
2022,2922805,2.3
2022,2922854,0.2
2022,2922904,9.9
2022,2923001,1.4
2022,2923035,0.0
2022,2923050,10.0
2022,2923100,8.0
2022,2923209,4.4
2022,2923308,12.9
2022,2923357,15.2
2022,2923407,2.2
2022,2923506,9.7
2022,2923605,6.6
2022,2923704,10.4
2022,2923803,13.8
2022,2923902,19.0
2022,2924009,12.2
2022,2924058,9.3
2022,2924108,10.9
2022,2924207,20.2
2022,2924306,0.9
2022,2924405,18.1
2022,2924504,4.5
2022,2924603,2.1
2022,2924652,4.5
2022,2924678,16.0
2022,2924702,7.9
2022,2924801,9.8
2022,2924900,1.8
2022,2925006,11.7
2022,2925105,8.9
2022,2925204,5.5
2022,2925253,14.0
2022,2925303,9.0
2022,2925402,6.0
2022,2925501,11.5
2022,2925600,5.3
2022,2925709,12.3
2022,2925758,6.5
2022,2925808,8.6
2022,2925907,12.8
2022,2925931,1.9
2022,2925956,1.4
2022,2926004,11.5
2022,2926103,4.8
2022,2926202,12.1
2022,2926301,9.6
2022,2926400,0.5
2022,2926509,10.1
2022,2926608,4.8
2022,2926657,14.4
2022,2926707,6.3
2022,2926806,11.3
2022,2926905,3.0
2022,2927002,11.0
2022,2927101,8.4
2022,2927200,8.0
2022,2927309,12.5
2022,2927408,8.8
2022,2927507,12.3
2022,2927606,18.9
2022,2927705,9.7
2022,2927804,9.0
2022,2927903,0.0
2022,2928000,5.9
2022,2928059,2.0
2022,2928109,6.1
2022,2928208,1.3
2022,2928307,13.7
2022,2928406,4.3
2022,2928505,2.9
2022,2928604,6.0
2022,2928703,5.2
2022,2928802,14.3
2022,2928901,11.9
2022,2928950,2.1
2022,2929008,11.3
2022,2929057,3.3
2022,2929107,2.0
2022,2929206,10.4
2022,2929255,0.8
2022,2929305,12.9
2022,2929354,18.3
2022,2929370,6.5
2022,2929404,6.5
2022,2929503,9.6
2022,2929602,0.3
2022,2929701,19.0
2022,2929750,0.0
2022,2929800,13.9
2022,2929909,1.5
2022,2930006,9.5
2022,2930105,6.2
2022,2930154,0.5
2022,2930204,10.1
2022,2930303,3.1
2022,2930402,7.7
2022,2930501,12.7
2022,2930600,11.9
2022,2930709,11.9
2022,2930758,2.2
2022,2930766,12.2
2022,2930774,5.9
2022,2930808,0.3
2022,2930907,3.5
2022,2931004,11.0
2022,2931053,10.4
2022,2931103,20.9
2022,2931202,11.4
2022,2931301,4.0
2022,2931350,10.1
2022,2931400,16.0
2022,2931509,20.2
2022,2931608,5.7
2022,2931707,26.3
2022,2931806,11.9
2022,2931905,14.4
2022,2932002,7.6
2022,2932101,12.0
2022,2932200,10.3
2022,2932309,13.0
2022,2932408,4.7
2022,2932457,13.4
2022,2932507,13.3
2022,2932606,6.9
2022,2932705,13.2
2022,2932804,9.6
2022,2932903,15.6
2022,2933000,3.5
2022,2933059,7.5
2022,2933109,8.0
2022,2933158,9.5
2022,2933174,2.5
2022,2933208,7.7
2022,2933257,11.2
2022,2933307,10.7
2022,2933406,2.3
2022,2933455,6.1
2022,2933505,15.0
2022,2933604,6.4
2022,3100104,2.9
2022,3100203,7.4
2022,3100302,5.1
2022,3100401,4.7
2022,3100500,4.7
2022,3100609,1.3
2022,3100708,11.4
2022,3100807,0.0
2022,3100906,3.3
2022,3101003,4.1
2022,3101102,2.1
2022,3101201,9.8
2022,3101300,4.1
2022,3101409,0.3
2022,3101508,3.0
2022,3101607,2.9
2022,3101631,2.5
2022,3101706,4.1
2022,3101805,3.6
2022,3101904,1.1
2022,3102001,1.0
2022,3102050,5.1
2022,3102100,6.9
2022,3102209,5.2
2022,3102308,3.2
2022,3102407,5.0
2022,3102506,7.0
2022,3102605,0.6
2022,3102704,3.0
2022,3102803,5.2
2022,3102852,0.8
2022,3102902,0.1
2022,3103009,4.0
2022,3103108,4.2
2022,3103207,0.0
2022,3103306,7.3
2022,3103405,2.2
2022,3103504,3.4
2022,3103603,3.9
2022,3103702,3.4
2022,3103751,9.7
2022,3103801,0.4
2022,3103900,0.5
2022,3104007,5.0
2022,3104106,4.3
2022,3104205,0.8
2022,3104304,2.8
2022,3104403,10.0
2022,3104452,2.6
2022,3104502,0.1
2022,3104601,2.7
2022,3104700,4.8
2022,3104809,6.3
2022,3104908,2.9
2022,3105004,1.4
2022,3105103,1.8
2022,3105202,2.2
2022,3105301,3.0
2022,3105400,7.4
2022,3105509,0.4
2022,3105608,4.3
2022,3105707,10.4
2022,3105905,5.4
2022,3106002,0.9
2022,3106101,7.6
2022,3106200,3.7
2022,3106309,4.1
2022,3106408,0.5
2022,3106507,0.9
2022,3106606,1.2
2022,3106655,2.8
2022,3106705,4.2
2022,3106804,3.1
2022,3106903,7.0
2022,3107000,13.4
2022,3107109,2.9
2022,3107208,9.2
2022,3107307,2.0
2022,3107406,1.9
2022,3107505,4.2
2022,3107604,1.0
2022,3107703,1.5
2022,3107802,3.6
2022,3107901,2.4
2022,3108008,1.8
2022,3108107,13.3
2022,3108206,1.7
2022,3108255,4.2
2022,3108305,0.8
2022,3108404,2.4
2022,3108503,1.9
2022,3108552,5.9
2022,3108602,1.7
2022,3108701,2.7
2022,3108800,6.9
2022,3108909,5.5
2022,3109006,8.7
2022,3109105,2.7
2022,3109204,4.6
2022,3109253,0.5
2022,3109303,0.4
2022,3109402,6.3
2022,3109451,4.3
2022,3109501,2.2
2022,3109600,2.0
2022,3109709,2.0
2022,3109808,0.7
2022,3109907,1.2
2022,3110004,3.7
2022,3110103,4.2
2022,3110202,13.0
2022,3110301,3.4
2022,3110400,0.3
2022,3110509,4.5
2022,3110608,0.5
2022,3110707,0.6
2022,3110806,12.1
2022,3110905,1.7
2022,3111002,6.8
2022,3111101,1.0
2022,3111150,3.5
2022,3111200,1.9
2022,3111309,4.5
2022,3111408,3.3
2022,3111507,7.1
2022,3111606,3.4
2022,3111705,4.9
2022,3111804,7.3
2022,3111903,1.3
2022,3112000,0.0
2022,3112059,0.2
2022,3112109,1.8
2022,3112208,2.8
2022,3112307,0.5
2022,3112406,1.1
2022,3112505,0.7
2022,3112604,0.1
2022,3112653,7.5
2022,3112703,0.5
2022,3112802,4.6
2022,3112901,8.5
2022,3113008,6.2
2022,3113107,2.3
2022,3113206,1.7
2022,3113305,7.0
2022,3113404,3.9
2022,3113503,0.5
2022,3113602,2.2
2022,3113701,3.6
2022,3113800,5.3
2022,3113909,4.2
2022,3114006,0.2
2022,3114105,5.1
2022,3114204,2.6
2022,3114303,0.6
2022,3114402,1.1
2022,3114501,1.3
2022,3114550,3.8
2022,3114600,8.8
2022,3114709,5.9
2022,3114808,0.7
2022,3114907,3.4
2022,3115003,0.7
2022,3115102,1.1
2022,3115201,3.2
2022,3115300,3.3
2022,3115359,4.5
2022,3115409,4.3
2022,3115458,7.5
2022,3115474,0.4
2022,3115508,2.0
2022,3115607,6.9
2022,3115706,0.8
2022,3115805,4.9
2022,3115904,9.4
2022,3116001,0.0
2022,3116100,1.4
2022,3116159,1.0
2022,3116209,5.3
2022,3116308,6.4
2022,3116407,0.0
2022,3116506,2.1
2022,3116605,1.0
2022,3116704,4.2
2022,3116803,2.4
2022,3116902,1.0
2022,3117009,6.2
2022,3117108,1.9
2022,3117207,2.2
2022,3117306,1.9
2022,3117405,0.9
2022,3117504,6.2
2022,3117603,2.1
2022,3117702,4.4
2022,3117801,0.7
2022,3117836,1.1
2022,3117876,2.5
2022,3117900,1.5
2022,3118007,7.9
2022,3118106,0.4
2022,3118205,7.9
2022,3118304,7.3
2022,3118403,2.5
2022,3118502,1.1
2022,3118601,2.5
2022,3118700,7.8
2022,3118809,0.4
2022,3118908,1.4
2022,3119005,5.8
2022,3119104,1.4
2022,3119203,5.0
2022,3119302,0.4
2022,3119401,2.1
2022,3119500,1.4
2022,3119609,12.1
2022,3119708,11.8
2022,3119807,0.0
2022,3119906,0.2
2022,3119955,0.2
2022,3120003,1.6
2022,3120102,1.3
2022,3120151,3.4
2022,3120201,1.6
2022,3120300,0.5
2022,3120409,7.9
2022,3120508,2.0
2022,3120607,1.6
2022,3120706,2.4
2022,3120805,3.0
2022,3120839,2.0
2022,3120870,3.6
2022,3120904,4.9
2022,3121001,0.7
2022,3121100,0.7
2022,3121209,1.7
2022,3121258,15.1
2022,3121308,4.2
2022,3121407,4.8
2022,3121506,15.8
2022,3121605,3.7
2022,3121704,4.3
2022,3121803,2.5
2022,3121902,4.3
2022,3122009,4.0
2022,3122108,3.2
2022,3122207,8.7
2022,3122306,1.5
2022,3122355,1.0
2022,3122405,1.0
2022,3122454,2.0
2022,3122470,0.7
2022,3122504,3.0
2022,3122603,1.9
2022,3122702,2.0
2022,3122801,3.0
2022,3122900,2.8
2022,3123007,3.9
2022,3123106,0.2
2022,3123205,2.1
2022,3123304,1.4
2022,3123403,0.0
2022,3123502,1.1
2022,3123528,2.7
2022,3123601,5.2
2022,3123700,4.2
2022,3123809,3.8
2022,3123858,7.6
2022,3123908,8.7
2022,3124005,2.7
2022,3124104,6.6
2022,3124203,4.9
2022,3124302,1.2
2022,3124401,1.2
2022,3124500,2.3
2022,3124609,11.6
2022,3124708,4.7
2022,3124807,1.3
2022,3124906,5.0
2022,3125002,3.8
2022,3125101,3.9
2022,3125200,1.1
2022,3125309,13.2
2022,3125408,5.3
2022,3125507,0.6
2022,3125606,3.5
2022,3125705,8.8
2022,3125804,6.5
2022,3125903,1.9
2022,3125952,6.6
2022,3126000,1.5
2022,3126109,1.6
2022,3126208,4.6
2022,3126307,0.6
2022,3126406,1.4
2022,3126505,1.7
2022,3126604,1.0
2022,3126703,1.4
2022,3126752,2.5
2022,3126802,12.0
2022,3126901,8.3
2022,3126950,1.5
2022,3127008,3.2
2022,3127057,0.4
2022,3127073,1.3
2022,3127107,1.6
2022,3127206,4.9
2022,3127305,2.7
2022,3127339,0.0
2022,3127354,1.7
2022,3127370,2.7
2022,3127388,5.1
2022,3127404,7.2
2022,3127503,1.8
2022,3127602,2.3
2022,3127701,2.7
2022,3127800,2.0
2022,3127909,1.1
2022,3128006,1.7
2022,3128105,1.3
2022,3128204,5.0
2022,3128253,0.0
2022,3128303,5.3
2022,3128402,2.5
2022,3128501,13.4
2022,3128600,4.2
2022,3128709,1.8
2022,3128808,6.7
2022,3128907,1.0
2022,3129004,1.3
2022,3129103,1.0
2022,3129202,6.0
2022,3129301,3.1
2022,3129400,10.9
2022,3129509,5.5
2022,3129608,6.6
2022,3129657,0.3
2022,3129707,2.3
2022,3129806,2.6
2022,3129905,0.0
2022,3130002,2.4
2022,3130051,3.0
2022,3130101,4.3
2022,3130200,0.6
2022,3130309,1.6
2022,3130408,1.9
2022,3130507,1.4
2022,3130556,3.2
2022,3130606,0.2
2022,3130655,0.6
2022,3130705,15.6
2022,3130804,11.1
2022,3130903,1.7
2022,3131000,3.4
2022,3131109,6.1
2022,3131158,1.5
2022,3131208,0.0
2022,3131307,1.9
2022,3131406,1.8
2022,3131505,2.1
2022,3131604,1.5
2022,3131703,3.8
2022,3131802,8.1
2022,3131901,5.8
2022,3132008,0.2
2022,3132107,5.7
2022,3132206,1.1
2022,3132305,17.5
2022,3132404,3.4
2022,3132503,2.8
2022,3132602,10.6
2022,3132701,7.0
2022,3132800,7.4
2022,3132909,0.2
2022,3133006,6.0
2022,3133105,1.3
2022,3133204,3.1
2022,3133303,6.5
2022,3133402,7.0
2022,3133501,0.8
2022,3133600,8.7
2022,3133709,1.4
2022,3133758,0.1
2022,3133808,1.4
2022,3133907,5.0
2022,3134004,1.5
2022,3134103,1.7
2022,3134202,1.7
2022,3134301,4.7
2022,3134400,2.8
2022,3134509,6.2
2022,3134608,2.4
2022,3134707,6.7
2022,3134806,2.1
2022,3134905,0.1
2022,3135001,4.7
2022,3135050,1.5
2022,3135076,4.2
2022,3135100,2.2
2022,3135209,2.3
2022,3135308,0.0
2022,3135357,2.5
2022,3135407,3.3
2022,3135456,0.0
2022,3135506,3.5
2022,3135605,8.5
2022,3135704,3.8
2022,3135803,1.9
2022,3135902,3.7
2022,3136009,2.7
2022,3136108,4.6
2022,3136207,1.9
2022,3136306,0.7
2022,3136405,8.5
2022,3136504,0.5
2022,3136520,3.2
2022,3136553,0.2
2022,3136579,8.7
2022,3136603,9.4
2022,3136652,1.9
2022,3136702,6.9
2022,3136801,3.1
2022,3136900,1.7
2022,3136959,2.4
2022,3137007,6.7
2022,3137106,3.8
2022,3137205,1.3
2022,3137304,3.9
2022,3137403,7.3
2022,3137502,1.6
2022,3137536,5.1
2022,3137601,6.3
2022,3137700,2.7
2022,3137809,1.8
2022,3137908,5.1
2022,3138005,3.4
2022,3138104,3.6
2022,3138203,3.0
2022,3138302,1.7
2022,3138351,1.1
2022,3138401,4.3
2022,3138500,3.2
2022,3138609,4.6
2022,3138625,6.8
2022,3138658,3.6
2022,3138674,5.4
2022,3138682,2.0
2022,3138708,4.4
2022,3138807,0.1
2022,3138906,0.4
2022,3139003,2.6
2022,3139102,2.4
2022,3139201,7.2
2022,3139250,0.8
2022,3139300,2.7
2022,3139409,3.5
2022,3139508,4.3
2022,3139607,0.4
2022,3139706,5.5
2022,3139805,3.7
2022,3139904,1.1
2022,3140001,7.5
2022,3140100,2.8
2022,3140159,4.0
2022,3140209,8.1
2022,3140308,4.2
2022,3140407,1.4
2022,3140506,4.4
2022,3140530,5.9
2022,3140555,6.0
2022,3140605,3.9
2022,3140704,2.7
2022,3140803,5.7
2022,3140852,2.6
2022,3140902,1.0
2022,3141009,0.4
2022,3141108,2.8
2022,3141207,0.5
2022,3141306,0.0
2022,3141405,3.8
2022,3141504,0.0
2022,3141603,4.1
2022,3141702,2.0
2022,3141801,2.6
2022,3141900,2.7
2022,3142007,0.9
2022,3142106,1.9
2022,3142205,3.2
2022,3142254,3.0
2022,3142304,8.2
2022,3142403,0.1
2022,3142502,2.0
2022,3142601,0.8
2022,3142700,1.8
2022,3142809,10.4
2022,3142908,0.1
2022,3143005,3.0
2022,3143104,1.4
2022,3143153,0.3
2022,3143203,2.4
2022,3143302,2.0
2022,3143401,3.3
2022,3143450,3.4
2022,3143500,4.8
2022,3143609,4.7
2022,3143708,0.0
2022,3143807,3.6
2022,3143906,2.6
2022,3144003,1.0
2022,3144102,2.0
2022,3144201,1.4
2022,3144300,5.1
2022,3144359,1.1
2022,3144375,3.8
2022,3144409,5.5
2022,3144508,1.4
2022,3144607,2.6
2022,3144656,5.2
2022,3144672,4.3
2022,3144706,0.8
2022,3144805,4.1
2022,3144904,3.8
2022,3145000,0.9
2022,3145059,2.1
2022,3145109,1.9
2022,3145208,0.3
2022,3145307,4.3
2022,3145356,10.0
2022,3145372,1.5
2022,3145406,3.2
2022,3145455,0.9
2022,3145505,14.6
2022,3145604,2.4
2022,3145703,0.0
2022,3145802,1.3
2022,3145851,13.9
2022,3145877,2.6
2022,3145901,10.3
2022,3146008,0.2
2022,3146107,4.9
2022,3146206,3.7
2022,3146255,1.3
2022,3146305,6.7
2022,3146404,5.0
2022,3146503,0.3
2022,3146552,0.8
2022,3146602,0.0
2022,3146701,4.0
2022,3146750,1.9
2022,3146909,1.6
2022,3147006,2.4
2022,3147105,2.1
2022,3147204,1.1
2022,3147303,3.8
2022,3147402,3.4
2022,3147501,9.3
2022,3147600,2.8
2022,3147709,4.0
2022,3147808,18.5
2022,3147907,1.6
2022,3147956,1.3
2022,3148004,2.1
2022,3148103,3.0
2022,3148202,4.8
2022,3148301,2.4
2022,3148400,3.3
2022,3148509,3.8
2022,3148608,0.9
2022,3148707,1.5
2022,3148756,1.8
2022,3148806,18.2
2022,3148905,3.2
2022,3149002,2.1
2022,3149101,1.7
2022,3149150,2.1
2022,3149200,9.9
2022,3149309,2.5
2022,3149408,15.3
2022,3149507,6.3
2022,3149606,3.1
2022,3149705,1.4
2022,3149804,2.1
2022,3149903,2.3
2022,3149952,2.4
2022,3150000,1.5
2022,3150109,8.6
2022,3150158,8.5
2022,3150208,4.6
2022,3150307,0.9
2022,3150406,7.1
2022,3150505,6.2
2022,3150539,3.7
2022,3150570,6.4
2022,3150604,2.7
2022,3150703,3.3
2022,3150802,3.0
2022,3150901,11.6
2022,3151008,3.3
2022,3151107,2.8
2022,3151206,3.2
2022,3151305,7.5
2022,3151404,2.7
2022,3151503,1.1
2022,3151602,11.1
2022,3151701,1.8
2022,3151800,6.5
2022,3151909,0.5
2022,3152006,2.7
2022,3152105,10.5
2022,3152131,6.9
2022,3152170,0.3
2022,3152204,1.3
2022,3152303,2.3
2022,3152402,2.2
2022,3152501,4.4
2022,3152600,12.5
2022,3152709,4.4
2022,3152808,0.1
2022,3152907,2.1
2022,3153004,3.8
2022,3153103,1.2
2022,3153202,0.5
2022,3153301,0.6
2022,3153400,2.5
2022,3153509,1.5
2022,3153608,6.3
2022,3153707,0.0
2022,3153806,3.7
2022,3153905,4.3
2022,3154002,4.8
2022,3154101,0.1
2022,3154150,2.3
2022,3154200,7.6
2022,3154309,6.4
2022,3154408,0.0
2022,3154457,0.6
2022,3154507,0.3
2022,3154606,3.4
2022,3154705,2.0
2022,3154804,10.2
2022,3154903,12.3
2022,3155009,3.9
2022,3155108,4.7
2022,3155207,1.0
2022,3155306,1.3
2022,3155405,6.1
2022,3155504,2.4
2022,3155603,2.1
2022,3155702,2.7
2022,3155801,8.4
2022,3155900,19.8
2022,3156007,7.6
2022,3156106,6.6
2022,3156205,10.7
2022,3156304,8.4
2022,3156403,2.7
2022,3156452,3.9
2022,3156502,1.8
2022,3156601,4.5
2022,3156700,4.3
2022,3156809,2.2
2022,3156908,1.8
2022,3157005,1.1
2022,3157104,5.2
2022,3157203,1.3
2022,3157252,4.7
2022,3157278,29.3
2022,3157302,4.7
2022,3157336,12.5
2022,3157377,2.7
2022,3157401,7.6
2022,3157500,1.8
2022,3157609,0.0
2022,3157658,1.3
2022,3157708,2.7
2022,3157807,4.8
2022,3157906,10.2
2022,3158003,1.9
2022,3158102,2.4
2022,3158201,0.2
2022,3158300,2.2
2022,3158409,0.0
2022,3158508,0.3
2022,3158607,12.2
2022,3158706,1.2
2022,3158805,1.3
2022,3158904,3.6
2022,3158953,2.7
2022,3159001,0.9
2022,3159100,2.2
2022,3159209,0.7
2022,3159308,11.7
2022,3159357,5.5
2022,3159407,3.7
2022,3159506,2.6
2022,3159605,2.9
2022,3159704,1.5
2022,3159803,0.6
2022,3159902,2.3
2022,3160009,2.4
2022,3160108,11.6
2022,3160207,5.7
2022,3160306,2.1
2022,3160405,1.1
2022,3160454,1.7
2022,3160504,0.0
2022,3160603,2.4
2022,3160702,3.4
2022,3160801,3.4
2022,3160900,6.6
2022,3160959,6.7
2022,3161007,1.5
2022,3161056,2.6
2022,3161106,3.5
2022,3161205,6.6
2022,3161304,5.9
2022,3161403,0.6
2022,3161502,0.7
2022,3161601,1.4
2022,3161650,1.1
2022,3161700,0.6
2022,3161809,0.2
2022,3161908,5.0
2022,3162005,3.0
2022,3162104,2.3
2022,3162203,2.0
2022,3162252,8.3
2022,3162302,1.9
2022,3162401,1.5
2022,3162450,6.0
2022,3162500,4.7
2022,3162559,2.7
2022,3162575,0.8
2022,3162609,4.4
2022,3162658,0.4
2022,3162708,1.1
2022,3162807,0.9
2022,3162906,7.6
2022,3162922,5.0
2022,3162948,2.5
2022,3162955,3.8
2022,3163003,3.4
2022,3163102,1.3
2022,3163201,2.4
2022,3163300,4.7
2022,3163409,9.9
2022,3163508,3.8
2022,3163607,5.4
2022,3163706,5.1
2022,3163805,5.3
2022,3163904,0.0
2022,3164001,5.2
2022,3164100,0.9
2022,3164209,3.0
2022,3164308,0.9
2022,3164407,0.2
2022,3164431,2.8
2022,3164472,3.2
2022,3164506,0.4
2022,3164605,2.5
2022,3164704,3.4
2022,3164803,0.6
2022,3164902,4.0
2022,3165008,2.6
2022,3165107,5.5
2022,3165206,1.0
2022,3165305,8.3
2022,3165404,0.1
2022,3165503,3.8
2022,3165537,3.8
2022,3165552,5.3
2022,3165560,6.3
2022,3165578,2.0
2022,3165602,5.9
2022,3165701,0.3
2022,3165800,1.3
2022,3165909,5.9
2022,3166006,7.3
2022,3166105,3.3
2022,3166204,0.8
2022,3166303,5.5
2022,3166402,3.9
2022,3166501,3.8
2022,3166600,2.8
2022,3166709,6.2
2022,3166808,0.6
2022,3166907,2.9
2022,3166956,3.2
2022,3167004,1.0
2022,3167103,1.8
2022,3167202,3.5
2022,3167301,6.6
2022,3167400,3.4
2022,3167509,14.3
2022,3167608,2.9
2022,3167707,5.6
2022,3167806,3.7
2022,3167905,11.0
2022,3168002,1.8
2022,3168051,0.7
2022,3168101,5.6
2022,3168200,1.1
2022,3168309,2.0
2022,3168408,3.1
2022,3168507,4.1
2022,3168606,8.8
2022,3168705,3.1
2022,3168804,4.5
2022,3168903,2.1
2022,3169000,2.8
2022,3169059,1.0
2022,3169109,4.9
2022,3169208,6.9
2022,3169307,3.7
2022,3169356,0.7
2022,3169406,1.2
2022,3169505,0.4
2022,3169604,3.0
2022,3169703,5.4
2022,3169802,4.5
2022,3169901,3.3
2022,3170008,0.7
2022,3170057,5.0
2022,3170107,2.6
2022,3170206,4.2
2022,3170305,0.0
2022,3170404,2.6
2022,3170438,7.5
2022,3170479,0.2
2022,3170503,7.6
2022,3170529,1.3
2022,3170578,6.3
2022,3170602,1.7
2022,3170651,1.7
2022,3170701,2.5
2022,3170750,2.6
2022,3170800,2.8
2022,3170909,2.9
2022,3171006,0.5
2022,3171030,0.2
2022,3171071,2.2
2022,3171105,4.5
2022,3171154,2.1
2022,3171204,2.9
2022,3171303,3.5
2022,3171402,2.0
2022,3171501,6.1
2022,3171600,5.7
2022,3171709,0.2
2022,3171808,7.9
2022,3171907,1.9
2022,3172004,5.2
2022,3172103,3.1
2022,3172202,1.8
2022,3200102,4.7
2022,3200136,1.4
2022,3200169,5.3
2022,3200201,1.9
2022,3200300,4.9
2022,3200359,4.5
2022,3200409,5.9
2022,3200508,2.7
2022,3200607,3.9
2022,3200706,1.5
2022,3200805,4.3
2022,3200904,3.9
2022,3201001,2.3
2022,3201100,1.2
2022,3201159,3.6
2022,3201209,6.1
2022,3201308,2.3
2022,3201407,9.0
2022,3201506,3.0
2022,3201605,7.1
2022,3201704,5.9
2022,3201803,2.3
2022,3201902,3.6
2022,3202009,0.5
2022,3202108,1.5
2022,3202207,8.9
2022,3202256,2.4
2022,3202306,5.2
2022,3202405,7.4
2022,3202454,6.9
2022,3202504,2.3
2022,3202553,3.5
2022,3202603,3.9
2022,3202652,6.8
2022,3202702,3.0
2022,3202801,10.3
2022,3202900,2.2
2022,3203007,5.8
2022,3203056,2.7
2022,3203106,3.8
2022,3203130,4.1
2022,3203163,9.1
2022,3203205,9.1
2022,3203304,3.7
2022,3203320,10.7
2022,3203346,2.6
2022,3203353,0.8
2022,3203403,6.8
2022,3203502,9.0
2022,3203601,3.1
2022,3203700,1.6
2022,3203809,9.3
2022,3203908,3.9
2022,3204005,0.2
2022,3204054,3.3
2022,3204104,7.2
2022,3204203,9.4
2022,3204252,3.8
2022,3204302,8.1
2022,3204351,8.4
2022,3204401,7.9
2022,3204500,7.4
2022,3204559,6.6
2022,3204609,8.1
2022,3204658,2.4
2022,3204708,4.3
2022,3204807,3.1
2022,3204906,7.2
2022,3204955,0.2
2022,3205002,6.1
2022,3205010,3.4
2022,3205036,8.7
2022,3205069,4.7
2022,3205101,2.6
2022,3205150,4.4
2022,3205176,5.4
2022,3205200,4.3
2022,3205309,4.5
2022,3300100,9.1
2022,3300159,3.3
2022,3300209,13.2
2022,3300225,8.1
2022,3300233,13.3
2022,3300258,13.0
2022,3300308,11.3
2022,3300407,10.1
2022,3300456,8.1
2022,3300506,10.3
2022,3300605,5.3
2022,3300704,13.8
2022,3300803,14.9
2022,3300902,4.5
2022,3300936,6.5
2022,3300951,14.3
2022,3301009,7.0
2022,3301108,11.5
2022,3301157,9.7
2022,3301207,9.4
2022,3301306,8.8
2022,3301405,9.5
2022,3301504,1.7
2022,3301603,12.4
2022,3301702,10.3
2022,3301801,8.7
2022,3301850,11.8
2022,3301876,7.2
2022,3301900,11.0
2022,3302007,11.3
2022,3302056,6.8
2022,3302106,8.0
2022,3302205,7.2
2022,3302254,12.3
2022,3302270,9.7
2022,3302304,7.9
2022,3302403,8.5
2022,3302452,11.6
2022,3302502,10.1
2022,3302601,11.8
2022,3302700,2.1
2022,3302809,6.2
2022,3302858,8.8
2022,3302908,7.4
2022,3303005,8.7
2022,3303104,2.1
2022,3303203,4.2
2022,3303302,7.7
2022,3303401,10.4
2022,3303500,8.0
2022,3303609,8.5
2022,3303708,6.3
2022,3303807,8.0
2022,3303856,9.4
2022,3303906,8.6
2022,3303955,12.2
2022,3304003,9.1
2022,3304102,7.3
2022,3304110,3.7
2022,3304128,3.2
2022,3304144,9.3
2022,3304151,9.7
2022,3304201,5.8
2022,3304300,8.7
2022,3304409,5.6
2022,3304508,7.8
2022,3304524,6.0
2022,3304557,3.3
2022,3304607,11.3
2022,3304706,5.4
2022,3304755,15.1
2022,3304805,13.2
2022,3304904,11.1
2022,3305000,13.1
2022,3305109,7.1
2022,3305133,2.9
2022,3305158,12.9
2022,3305208,13.9
2022,3305307,19.2
2022,3305406,13.1
2022,3305505,8.3
2022,3305554,9.9
2022,3305604,14.3
2022,3305703,15.5
2022,3305752,14.2
2022,3305802,4.7
2022,3305901,5.1
2022,3306008,7.3
2022,3306107,12.0
2022,3306156,5.6
2022,3306206,10.2
2022,3306305,7.2
2022,3500105,0.6
2022,3500204,1.6
2022,3500303,2.8
2022,3500402,6.2
2022,3500501,7.1
2022,3500550,0.2
2022,3500600,0.6
2022,3500709,1.2
2022,3500758,4.6
2022,3500808,2.7
2022,3500907,0.0
2022,3501004,0.2
2022,3501103,0.0
2022,3501152,1.2
2022,3501202,2.2
2022,3501301,4.0
2022,3501400,1.0
2022,3501509,0.0
2022,3501608,1.1
2022,3501707,1.3
2022,3501806,1.5
2022,3501905,1.9
2022,3502002,2.5
2022,3502101,1.4
2022,3502200,2.0
2022,3502309,0.6
2022,3502408,0.2
2022,3502507,6.8
2022,3502606,1.3
2022,3502705,1.1
2022,3502754,6.0
2022,3502804,0.8
2022,3502903,1.2
2022,3503000,2.7
2022,3503109,0.4
2022,3503158,8.6
2022,3503208,0.8
2022,3503307,1.1
2022,3503356,0.0
2022,3503406,1.0
2022,3503505,0.9
2022,3503604,4.3
2022,3503703,0.3
2022,3503802,1.4
2022,3503901,0.7
2022,3503950,1.0
2022,3504008,1.6
2022,3504107,0.1
2022,3504206,0.2
2022,3504305,1.0
2022,3504404,0.8
2022,3504503,1.0
2022,3504602,5.1
2022,3504701,0.0
2022,3504800,0.0
2022,3504909,3.6
2022,3505005,0.0
2022,3505104,0.7
2022,3505203,1.9
2022,3505302,0.3
2022,3505351,0.0
2022,3505401,0.0
2022,3505500,2.4
2022,3505609,0.7
2022,3505708,2.3
2022,3505807,0.3
2022,3505906,0.8
2022,3506003,2.0
2022,3506102,0.6
2022,3506201,1.0
2022,3506300,0.6
2022,3506359,1.5
2022,3506409,2.5
2022,3506508,0.3
2022,3506607,2.6
2022,3506706,2.4
2022,3506805,1.7
2022,3506904,4.7
2022,3507001,1.0
2022,3507100,0.0
2022,3507159,0.2
2022,3507209,1.6
2022,3507308,0.8
2022,3507407,0.3
2022,3507456,8.5
2022,3507506,1.6
2022,3507605,3.0
2022,3507704,1.8
2022,3507753,0.0
2022,3507803,3.2
2022,3507902,1.8
2022,3508009,2.9
2022,3508108,0.2
2022,3508207,9.1
2022,3508306,2.9
2022,3508405,1.0
2022,3508504,4.1
2022,3508603,2.8
2022,3508702,1.6
2022,3508801,0.8
2022,3508900,0.7
2022,3509007,1.3
2022,3509106,1.4
2022,3509205,1.2
2022,3509254,0.5
2022,3509304,0.0
2022,3509403,1.2
2022,3509452,2.2
2022,3509502,1.2
2022,3509601,2.3
2022,3509700,1.5
2022,3509809,2.6
2022,3509908,4.0
2022,3509957,4.8
2022,3510005,0.2
2022,3510104,0.7
2022,3510153,1.7
2022,3510203,0.9
2022,3510302,1.0
2022,3510401,5.1
2022,3510500,0.6
2022,3510609,1.0
2022,3510708,3.8
2022,3510807,1.6
2022,3510906,5.4
2022,3511003,0.9
2022,3511102,0.7
2022,3511201,0.5
2022,3511300,1.9
2022,3511409,0.6
2022,3511508,1.6
2022,3511607,7.8
2022,3511706,0.9
2022,3511904,0.0
2022,3512001,0.7
2022,3512100,10.3
2022,3512209,2.1
2022,3512308,1.5
2022,3512407,0.8
2022,3512506,0.2
2022,3512605,1.7
2022,3512704,4.7
2022,3512803,4.0
2022,3512902,0.5
2022,3513009,2.8
2022,3513108,3.2
2022,3513207,3.5
2022,3513306,0.0
2022,3513405,1.3
2022,3513504,3.8
2022,3513603,2.5
2022,3513702,2.3
2022,3513801,0.6
2022,3513850,1.7
2022,3513900,0.0
2022,3514007,0.1
2022,3514106,0.3
2022,3514205,2.8
2022,3514304,1.5
2022,3514403,1.1
2022,3514502,1.2
2022,3514601,0.7
2022,3514700,0.7
2022,3514809,3.7
2022,3514908,5.0
2022,3514924,0.3
2022,3514957,0.4
2022,3515004,0.4
2022,3515103,0.2
2022,3515129,1.3
2022,3515152,5.4
2022,3515186,1.6
2022,3515194,1.7
2022,3515202,2.6
2022,3515301,0.6
2022,3515350,0.3
2022,3515400,0.6
2022,3515509,1.9
2022,3515608,0.3
2022,3515657,0.0
2022,3515707,1.0
2022,3515806,0.0
2022,3515905,3.5
2022,3516002,0.7
2022,3516101,1.2
2022,3516200,0.8
2022,3516309,0.9
2022,3516408,0.6
2022,3516507,0.3
2022,3516606,0.7
2022,3516705,0.9
2022,3516804,0.5
2022,3516853,0.3
2022,3516903,0.0
2022,3517000,1.7
2022,3517109,0.0
2022,3517208,0.6
2022,3517307,2.5
2022,3517406,0.3
2022,3517505,4.9
2022,3517604,0.2
2022,3517703,3.0
2022,3517802,0.5
2022,3517901,1.0
2022,3518008,2.9
2022,3518107,3.7
2022,3518206,0.5
2022,3518305,1.5
2022,3518404,1.2
2022,3518503,4.4
2022,3518602,1.0
2022,3518701,1.2
2022,3518800,1.1
2022,3518859,4.2
2022,3518909,0.8
2022,3519006,0.7
2022,3519055,0.2
2022,3519071,1.1
2022,3519105,0.1
2022,3519204,1.0
2022,3519253,1.6
2022,3519303,0.8
2022,3519402,0.9
2022,3519501,1.3
2022,3519600,0.5
2022,3519709,1.9
2022,3519808,0.5
2022,3519907,0.2
2022,3520004,2.2
2022,3520103,2.7
2022,3520202,3.7
2022,3520301,0.3
2022,3520400,2.9
2022,3520426,0.0
2022,3520442,1.2
2022,3520509,2.0
2022,3520608,1.8
2022,3520707,0.5
2022,3520806,0.3
2022,3520905,0.6
2022,3521002,2.8
2022,3521101,0.7
2022,3521150,2.3
2022,3521200,3.0
2022,3521309,1.5
2022,3521408,0.1
2022,3521507,1.6
2022,3521606,2.6
2022,3521705,0.2
2022,3521804,0.5
2022,3521903,0.2
2022,3522000,0.4
2022,3522109,0.7
2022,3522158,0.2
2022,3522208,1.7
2022,3522307,0.4
2022,3522406,0.8
2022,3522505,1.7
2022,3522604,2.5
2022,3522653,0.2
2022,3522703,0.1
2022,3522802,0.4
2022,3522901,3.0
2022,3523008,0.2
2022,3523107,1.3
2022,3523206,1.7
2022,3523305,0.2
2022,3523404,4.1
2022,3523503,2.9
2022,3523602,1.3
2022,3523701,0.9
2022,3523800,1.9
2022,3523909,2.3
2022,3524006,0.7
2022,3524105,6.1
2022,3524204,3.3
2022,3524303,1.3
2022,3524402,1.6
2022,3524501,2.4
2022,3524600,1.5
2022,3524709,0.8
2022,3524808,1.2
2022,3524907,6.9
2022,3525003,1.2
2022,3525102,3.3
2022,3525201,1.0
2022,3525300,1.7
2022,3525409,5.5
2022,3525508,3.2
2022,3525607,0.4
2022,3525706,2.0
2022,3525805,0.6
2022,3525854,0.5
2022,3525904,0.6
2022,3526001,0.1
2022,3526100,0.4
2022,3526209,0.3
2022,3526308,0.4
2022,3526407,2.2
2022,3526506,5.1
2022,3526605,1.0
2022,3526704,0.3
2022,3526803,2.1
2022,3526902,0.4
2022,3527009,9.4
2022,3527108,1.3
2022,3527207,4.5
2022,3527256,0.0
2022,3527306,0.3
2022,3527405,2.4
2022,3527504,3.5
2022,3527603,5.4
2022,3527702,3.1
2022,3527801,1.2
2022,3527900,2.3
2022,3528007,2.5
2022,3528106,0.3
2022,3528205,0.8
2022,3528304,0.0
2022,3528403,5.6
2022,3528502,0.3
2022,3528601,0.2
2022,3528700,1.5
2022,3528809,0.5
2022,3528858,0.6
2022,3528908,0.6
2022,3529005,1.2
2022,3529104,0.5
2022,3529203,0.6
2022,3529302,0.8
2022,3529401,1.2
2022,3529500,2.6
2022,3529609,2.4
2022,3529658,5.9
2022,3529708,8.9
2022,3529807,1.2
2022,3529906,2.9
2022,3530003,1.3
2022,3530102,0.0
2022,3530201,0.2
2022,3530300,1.5
2022,3530409,2.2
2022,3530508,2.4
2022,3530607,0.6
2022,3530706,1.3
2022,3530805,1.5
2022,3530904,7.0
2022,3531001,0.0
2022,3531100,2.7
2022,3531209,15.6
2022,3531308,0.3
2022,3531407,0.4
2022,3531506,0.8
2022,3531605,1.0
2022,3531704,5.0
2022,3531803,7.1
2022,3531902,3.1
2022,3532009,0.7
2022,3532058,9.6
2022,3532108,0.0
2022,3532157,0.3
2022,3532207,2.3
2022,3532306,0.5
2022,3532405,0.1
2022,3532504,1.3
2022,3532603,0.0
2022,3532702,0.0
2022,3532801,1.5
2022,3532827,1.3
2022,3532843,0.0
2022,3532868,0.0
2022,3532900,0.0
2022,3533007,0.6
2022,3533106,0.8
2022,3533205,3.1
2022,3533254,2.0
2022,3533304,0.0
2022,3533403,2.1
2022,3533502,0.3
2022,3533601,9.3
2022,3533700,0.0
2022,3533809,0.0
2022,3533908,0.7
2022,3534005,1.7
2022,3534104,0.2
2022,3534203,0.0
2022,3534302,0.9
2022,3534401,1.3
2022,3534500,5.2
2022,3534609,0.6
2022,3534708,3.6
2022,3534757,0.0
2022,3534807,1.0
2022,3534906,0.9
2022,3535002,1.3
2022,3535101,0.3
2022,3535200,0.6
2022,3535309,3.3
2022,3535408,2.4
2022,3535507,0.3
2022,3535606,4.4
2022,3535705,0.8
2022,3535804,1.6
2022,3535903,1.0
2022,3536000,0.7
2022,3536109,5.4
2022,3536208,1.2
2022,3536257,0.3
2022,3536307,0.1
2022,3536406,0.3
2022,3536505,2.0
2022,3536570,0.4
2022,3536604,0.1
2022,3536703,4.8
2022,3536802,1.7
2022,3536901,0.0
2022,3537008,2.3
2022,3537107,0.7
2022,3537156,0.0
2022,3537206,0.1
2022,3537305,1.1
2022,3537404,0.0
2022,3537503,1.5
2022,3537602,1.3
2022,3537701,0.0
2022,3537800,0.4
2022,3537909,0.2
2022,3538006,0.5
2022,3538105,4.1
2022,3538204,0.6
2022,3538303,2.4
2022,3538501,1.6
2022,3538600,2.8
2022,3538709,0.8
2022,3538808,0.4
2022,3538907,0.1
2022,3539004,0.0
2022,3539103,1.6
2022,3539202,1.7
2022,3539301,1.0
2022,3539400,2.1
2022,3539509,2.9
2022,3539608,0.6
2022,3539707,3.3
2022,3539806,1.1
2022,3539905,1.8
2022,3540002,1.2
2022,3540101,2.8
2022,3540200,0.7
2022,3540259,1.2
2022,3540309,0.0
2022,3540408,1.5
2022,3540507,1.8
2022,3540606,0.2
2022,3540705,4.6
2022,3540754,1.2
2022,3540804,2.8
2022,3540853,0.0
2022,3540903,3.5
2022,3541000,3.0
2022,3541059,0.4
2022,3541109,0.0
2022,3541208,1.1
2022,3541307,0.6
2022,3541406,3.2
2022,3541505,1.1
2022,3541604,0.5
2022,3541653,3.6
2022,3541703,1.0
2022,3541802,1.1
2022,3541901,7.5
2022,3542008,0.1
2022,3542107,3.0
2022,3542206,2.2
2022,3542305,1.6
2022,3542404,1.2
2022,3542503,2.2
2022,3542602,1.4
2022,3542701,3.5
2022,3542800,0.2
2022,3542909,2.7
2022,3543006,2.2
2022,3543105,2.7
2022,3543204,0.2
2022,3543238,3.5
2022,3543253,1.5
2022,3543303,1.1
2022,3543402,3.4
2022,3543501,1.1
2022,3543600,5.7
2022,3543709,3.4
2022,3543808,0.5
2022,3543907,1.2
2022,3544004,6.3
2022,3544103,1.6
2022,3544202,0.0
2022,3544251,0.7
2022,3544301,4.8
2022,3544400,0.9
2022,3544509,0.5
2022,3544608,1.8
2022,3544707,3.0
2022,3544806,2.2
2022,3544905,0.3
2022,3545001,3.9
2022,3545100,2.3
2022,3545159,1.8
2022,3545209,0.6
2022,3545308,1.7
2022,3545407,0.5
2022,3545506,0.8
2022,3545605,0.7
2022,3545704,0.0
2022,3545803,0.8
2022,3546009,5.0
2022,3546108,0.4
2022,3546207,0.2
2022,3546256,0.7
2022,3546306,1.0
2022,3546405,0.3
2022,3546504,0.0
2022,3546603,0.3
2022,3546702,4.7
2022,3546801,3.1
2022,3546900,3.0
2022,3547007,1.0
2022,3547106,0.0
2022,3547205,0.0
2022,3547304,2.2
2022,3547403,0.4
2022,3547502,1.8
2022,3547601,2.9
2022,3547650,0.4
2022,3547700,2.4
2022,3547809,1.5
2022,3547908,2.9
2022,3548005,11.3
2022,3548054,0.0
2022,3548104,3.0
2022,3548203,1.3
2022,3548302,0.0
2022,3548401,0.2
2022,3548500,1.2
2022,3548609,0.3
2022,3548708,2.6
2022,3548807,1.1
2022,3548906,0.7
2022,3549003,0.7
2022,3549102,0.7
2022,3549201,1.9
2022,3549250,1.5
2022,3549300,0.0
2022,3549409,0.7
2022,3549508,9.1
2022,3549607,1.6
2022,3549706,1.6
2022,3549805,1.5
2022,3549904,0.6
2022,3549953,0.4
2022,3550001,4.7
2022,3550100,1.4
2022,3550209,1.0
2022,3550308,1.2
2022,3550407,5.6
2022,3550506,6.3
2022,3550605,2.8
2022,3550704,1.4
2022,3550803,0.9
2022,3550902,5.0
2022,3551009,3.2
2022,3551108,0.2
2022,3551207,0.2
2022,3551306,0.0
2022,3551405,7.3
2022,3551504,4.9
2022,3551603,0.9
2022,3551702,5.6
2022,3551801,2.3
2022,3551900,0.6
2022,3552007,2.3
2022,3552106,0.1
2022,3552205,1.0
2022,3552304,0.0
2022,3552403,2.1
2022,3552502,0.9
2022,3552551,1.0
2022,3552601,1.1
2022,3552700,0.8
2022,3552809,0.8
2022,3552908,4.0
2022,3553005,0.6
2022,3553104,0.5
2022,3553203,0.0
2022,3553302,0.6
2022,3553401,0.2
2022,3553500,0.2
2022,3553609,1.9
2022,3553658,0.7
2022,3553708,0.4
2022,3553807,0.5
2022,3553856,1.5
2022,3553906,0.3
2022,3553955,0.9
2022,3554003,0.7
2022,3554102,1.2
2022,3554201,1.8
2022,3554300,0.6
2022,3554409,0.0
2022,3554508,1.5
2022,3554607,0.4
2022,3554656,1.0
2022,3554706,0.8
2022,3554755,4.9
2022,3554805,4.5
2022,3554904,1.2
2022,3554953,0.1
2022,3555000,0.8
2022,3555109,0.1
2022,3555208,0.0
2022,3555307,0.0
2022,3555356,4.6
2022,3555406,0.7
2022,3555505,4.1
2022,3555604,1.3
2022,3555703,0.0
2022,3555802,0.1
2022,3555901,1.0
2022,3556008,0.8
2022,3556107,0.0
2022,3556206,4.1
2022,3556305,0.3
2022,3556354,2.5
2022,3556404,2.8
2022,3556453,1.2
2022,3556503,0.2
2022,3556602,1.3
2022,3556701,3.6
2022,3556800,0.2
2022,3556909,0.1
2022,3556958,0.0
2022,3557006,0.4
2022,3557105,0.8
2022,3557154,0.3
2022,3557204,2.0
2022,3557303,4.4
2022,4100103,3.9
2022,4100202,0.1
2022,4100301,8.5
2022,4100400,4.7
2022,4100459,6.5
2022,4100509,3.3
2022,4100608,11.1
2022,4100707,3.5
2022,4100806,4.6
2022,4100905,6.1
2022,4101002,1.7
2022,4101051,1.2
2022,4101101,3.5
2022,4101150,2.4
2022,4101200,10.6
2022,4101309,3.1
2022,4101408,4.0
2022,4101507,2.8
2022,4101606,5.3
2022,4101655,5.9
2022,4101705,4.4
2022,4101804,5.6
2022,4101853,1.2
2022,4101903,4.2
2022,4102000,2.6
2022,4102109,1.0
2022,4102208,2.4
2022,4102307,6.2
2022,4102406,7.0
2022,4102505,1.9
2022,4102604,2.6
2022,4102703,2.2
2022,4102752,3.1
2022,4102802,5.1
2022,4102901,8.5
2022,4103008,2.8
2022,4103024,2.4
2022,4103040,6.6
2022,4103057,0.2
2022,4103107,11.2
2022,4103156,0.6
2022,4103206,6.1
2022,4103222,1.0
2022,4103305,3.1
2022,4103354,2.9
2022,4103370,1.9
2022,4103404,5.8
2022,4103453,2.3
2022,4103479,3.5
2022,4103503,5.1
2022,4103602,3.6
2022,4103701,6.8
2022,4103800,3.9
2022,4103909,8.4
2022,4103958,10.8
2022,4104006,6.7
2022,4104055,7.1
2022,4104105,6.8
2022,4104204,5.0
2022,4104253,6.4
2022,4104303,7.4
2022,4104402,8.0
2022,4104428,6.7
2022,4104451,2.8
2022,4104501,4.7
2022,4104600,1.4
2022,4104659,3.9
2022,4104709,2.6
2022,4104808,2.3
2022,4104907,1.8
2022,4105003,2.0
2022,4105102,6.8
2022,4105201,5.6
2022,4105300,1.9
2022,4105409,4.6
2022,4105508,6.0
2022,4105607,8.8
2022,4105706,5.2
2022,4105805,8.7
2022,4105904,5.0
2022,4106001,5.9
2022,4106100,2.5
2022,4106209,8.9
2022,4106308,4.2
2022,4106407,8.8
2022,4106456,2.4
2022,4106506,1.9
2022,4106555,9.5
2022,4106571,8.4
2022,4106605,1.4
2022,4106704,3.6
2022,4106803,4.7
2022,4106852,5.2
2022,4106902,2.0
2022,4107009,3.7
2022,4107108,5.1
2022,4107124,5.0
2022,4107157,4.6
2022,4107207,2.8
2022,4107256,0.7
2022,4107306,3.5
2022,4107405,1.1
2022,4107504,1.4
2022,4107520,5.8
2022,4107538,3.6
2022,4107546,12.8
2022,4107553,4.7
2022,4107603,1.3
2022,4107652,4.4
2022,4107702,2.7
2022,4107736,3.9
2022,4107751,5.3
2022,4107801,2.3
2022,4107850,2.0
2022,4107900,4.5
2022,4108007,2.3
2022,4108106,11.7
2022,4108205,0.9
2022,4108304,6.0
2022,4108320,9.6
2022,4108403,2.5
2022,4108452,7.6
2022,4108502,7.1
2022,4108551,1.9
2022,4108601,5.9
2022,4108650,5.4
2022,4108700,11.6
2022,4108809,3.9
2022,4108908,12.0
2022,4108957,2.1
2022,4109005,1.2
2022,4109104,5.0
2022,4109203,3.1
2022,4109302,4.0
2022,4109401,7.8
2022,4109500,10.7
2022,4109609,7.9
2022,4109658,2.1
2022,4109708,4.3
2022,4109757,5.8
2022,4109807,6.9
2022,4109906,5.1
2022,4110003,9.4
2022,4110052,0.9
2022,4110078,3.0
2022,4110102,9.1
2022,4110201,9.3
2022,4110300,1.1
2022,4110409,8.3
2022,4110508,5.7
2022,4110607,3.9
2022,4110656,3.4
2022,4110706,3.5
2022,4110805,6.6
2022,4110904,1.2
2022,4110953,4.8
2022,4111001,4.0
2022,4111100,1.5
2022,4111209,2.3
2022,4111258,7.4
2022,4111308,11.2
2022,4111407,1.9
2022,4111506,2.3
2022,4111555,1.2
2022,4111605,1.4
2022,4111704,3.9
2022,4111803,6.1
2022,4111902,6.3
2022,4112009,0.9
2022,4112108,1.2
2022,4112207,2.5
2022,4112306,4.1
2022,4112405,4.4
2022,4112504,1.3
2022,4112603,4.8
2022,4112702,8.0
2022,4112751,3.6
2022,4112801,6.4
2022,4112900,1.5
2022,4112959,6.4
2022,4113007,12.8
2022,4113106,6.0
2022,4113205,3.9
2022,4113254,5.3
2022,4113304,10.3
2022,4113403,3.2
2022,4113429,0.0
2022,4113452,0.4
2022,4113502,3.8
2022,4113601,2.6
2022,4113700,3.3
2022,4113734,11.5
2022,4113759,1.3
2022,4113809,7.1
2022,4113908,2.1
2022,4114005,2.6
2022,4114104,1.7
2022,4114203,4.0
2022,4114302,2.3
2022,4114351,1.3
2022,4114401,5.9
2022,4114500,6.0
2022,4114609,3.4
2022,4114708,7.7
2022,4114807,6.1
2022,4114906,2.3
2022,4115002,6.8
2022,4115101,6.1
2022,4115200,4.7
2022,4115309,2.3
2022,4115358,3.7
2022,4115408,2.6
2022,4115457,4.8
2022,4115507,5.9
2022,4115606,2.9
2022,4115705,5.9
2022,4115739,0.8
2022,4115754,6.5
2022,4115804,6.8
2022,4115853,2.1
2022,4115903,8.7
2022,4116000,9.8
2022,4116059,3.6
2022,4116109,1.5
2022,4116208,11.8
2022,4116307,6.6
2022,4116406,4.0
2022,4116505,7.2
2022,4116604,5.6
2022,4116703,5.2
2022,4116802,6.0
2022,4116901,1.6
2022,4116950,4.1
2022,4117008,4.5
2022,4117057,6.5
2022,4117107,6.0
2022,4117206,5.6
2022,4117214,5.5
2022,4117222,3.0
2022,4117255,4.7
2022,4117271,2.1
2022,4117297,0.0
2022,4117305,3.9
2022,4117404,5.4
2022,4117453,2.1
2022,4117503,7.8
2022,4117602,8.3
2022,4117701,4.5
2022,4117800,4.5
2022,4117909,4.5
2022,4118006,3.1
2022,4118105,12.1
2022,4118204,7.7
2022,4118303,3.2
2022,4118402,2.8
2022,4118451,5.2
2022,4118501,4.4
2022,4118600,7.5
2022,4118709,2.4
2022,4118808,5.5
2022,4118857,2.5
2022,4118907,3.5
2022,4119004,3.3
2022,4119103,2.5
2022,4119152,3.3
2022,4119202,5.3
2022,4119251,1.7
2022,4119301,6.9
2022,4119400,1.4
2022,4119509,6.9
2022,4119608,1.7
2022,4119657,2.2
2022,4119707,10.9
2022,4119806,2.1
2022,4119905,3.2
2022,4119954,9.1
2022,4120002,1.2
2022,4120101,5.0
2022,4120150,8.6
2022,4120200,5.6
2022,4120309,8.0
2022,4120333,10.0
2022,4120358,4.2
2022,4120408,4.3
2022,4120507,3.2
2022,4120606,2.5
2022,4120655,4.8
2022,4120705,3.0
2022,4120804,7.4
2022,4120853,1.1
2022,4120903,4.9
2022,4121000,9.1
2022,4121109,3.5
2022,4121208,2.2
2022,4121257,0.9
2022,4121307,6.5
2022,4121356,6.2
2022,4121406,3.2
2022,4121505,3.9
2022,4121604,0.1
2022,4121703,2.5
2022,4121752,6.4
2022,4121802,1.6
2022,4121901,3.8
2022,4122008,4.1
2022,4122107,1.3
2022,4122156,3.4
2022,4122172,3.1
2022,4122206,2.4
2022,4122305,3.4
2022,4122404,5.5
2022,4122503,1.6
2022,4122602,3.3
2022,4122651,1.7
2022,4122701,0.7
2022,4122800,2.7
2022,4122909,0.6
2022,4123006,4.2
2022,4123105,2.1
2022,4123204,4.5
2022,4123303,9.9
2022,4123402,0.1
2022,4123501,4.3
2022,4123600,5.0
2022,4123709,6.2
2022,4123808,2.1
2022,4123824,5.6
2022,4123857,7.8
2022,4123907,7.4
2022,4123956,6.2
2022,4124004,6.5
2022,4124020,7.7
2022,4124053,2.8
2022,4124103,6.6
2022,4124202,5.5
2022,4124301,2.9
2022,4124400,5.6
2022,4124509,6.4
2022,4124608,7.6
2022,4124707,3.7
2022,4124806,3.9
2022,4124905,4.0
2022,4125001,5.9
2022,4125100,5.6
2022,4125209,3.0
2022,4125308,0.7
2022,4125357,0.7
2022,4125407,1.7
2022,4125456,2.5
2022,4125506,6.4
2022,4125555,6.9
2022,4125605,3.7
2022,4125704,7.3
2022,4125753,4.6
2022,4125803,3.0
2022,4125902,5.3
2022,4126009,2.3
2022,4126108,8.0
2022,4126207,10.8
2022,4126256,8.9
2022,4126272,2.6
2022,4126306,4.8
2022,4126355,0.9
2022,4126405,5.2
2022,4126504,3.9
2022,4126603,5.4
2022,4126652,1.1
2022,4126678,12.2
2022,4126702,1.0
2022,4126801,2.4
2022,4126900,2.3
2022,4127007,6.9
2022,4127106,1.8
2022,4127205,2.0
2022,4127304,5.0
2022,4127403,3.7
2022,4127502,9.4
2022,4127601,7.1
2022,4127700,2.7
2022,4127809,2.8
2022,4127858,2.2
2022,4127882,2.5
2022,4127908,2.5
2022,4127957,6.7
2022,4127965,6.4
2022,4128005,0.8
2022,4128104,3.0
2022,4128203,3.4
2022,4128302,6.0
2022,4128401,8.5
2022,4128500,3.9
2022,4128534,5.0
2022,4128559,2.7
2022,4128609,0.6
2022,4128625,3.2
2022,4128633,2.4
2022,4128658,8.5
2022,4128708,2.7
2022,4128807,2.7
2022,4200051,6.8
2022,4200101,4.2
2022,4200200,7.2
2022,4200309,11.0
2022,4200408,9.6
2022,4200507,8.5
2022,4200556,1.7
2022,4200606,5.3
2022,4200705,8.5
2022,4200754,10.9
2022,4200804,5.8
2022,4200903,5.5
2022,4201000,5.9
2022,4201109,11.8
2022,4201208,4.0
2022,4201257,4.7
2022,4201273,5.2
2022,4201307,5.3
2022,4201406,6.4
2022,4201505,5.8
2022,4201604,3.9
2022,4201653,5.4
2022,4201703,8.5
2022,4201802,1.4
2022,4201901,4.3
2022,4201950,6.3
2022,4202008,6.7
2022,4202057,10.1
2022,4202073,11.0
2022,4202081,2.9
2022,4202099,5.8
2022,4202107,2.2
2022,4202131,3.8
2022,4202156,7.5
2022,4202206,5.0
2022,4202305,8.5
2022,4202404,3.7
2022,4202438,15.5
2022,4202453,4.9
2022,4202503,4.8
2022,4202537,7.2
2022,4202578,4.8
2022,4202602,14.3
2022,4202701,5.5
2022,4202800,6.4
2022,4202859,7.7
2022,4202875,5.6
2022,4202909,4.3
2022,4203006,8.4
2022,4203105,3.1
2022,4203154,7.7
2022,4203204,9.3
2022,4203253,5.4
2022,4203303,2.8
2022,4203402,2.6
2022,4203501,3.4
2022,4203600,6.3
2022,4203709,6.4
2022,4203808,2.5
2022,4203907,4.1
2022,4203956,12.1
2022,4204004,8.0
2022,4204103,3.6
2022,4204152,4.6
2022,4204178,4.3
2022,4204194,5.1
2022,4204202,4.3
2022,4204251,3.3
2022,4204301,3.8
2022,4204350,1.7
2022,4204400,5.0
2022,4204459,4.9
2022,4204509,2.1
2022,4204558,4.9
2022,4204608,2.4
2022,4204707,6.6
2022,4204756,6.3
2022,4204806,4.1
2022,4204905,7.3
2022,4205001,5.3
2022,4205100,4.0
2022,4205159,5.5
2022,4205175,5.6
2022,4205191,1.7
2022,4205209,9.0
2022,4205308,7.7
2022,4205357,5.4
2022,4205407,5.0
2022,4205431,7.1
2022,4205456,5.3
2022,4205506,3.6
2022,4205555,3.4
2022,4205605,2.3
2022,4205704,4.9
2022,4205803,2.0
2022,4205902,4.2
2022,4206009,8.6
2022,4206108,5.9
2022,4206207,5.6
2022,4206306,5.3
2022,4206405,2.3
2022,4206504,4.2
2022,4206603,5.6
2022,4206652,5.4
2022,4206702,8.5
2022,4206751,6.3
2022,4206801,4.4
2022,4206900,6.3
2022,4207007,5.3
2022,4207106,3.0
2022,4207205,5.2
2022,4207304,7.9
2022,4207403,0.8
2022,4207502,4.5
2022,4207577,4.3
2022,4207601,2.9
2022,4207650,5.4
2022,4207684,6.7
2022,4207700,3.6
2022,4207759,1.9
2022,4207809,7.3
2022,4207858,3.2
2022,4207908,4.2
2022,4208005,6.7
2022,4208104,6.7
2022,4208203,2.9
2022,4208302,2.7
2022,4208401,2.7
2022,4208450,5.5
2022,4208500,7.0
2022,4208609,5.4
2022,4208708,4.5
2022,4208807,10.0
2022,4208906,2.7
2022,4208955,7.6
2022,4209003,6.2
2022,4209102,2.6
2022,4209151,3.8
2022,4209177,7.7
2022,4209201,2.2
2022,4209300,7.7
2022,4209409,7.1
2022,4209458,1.7
2022,4209508,5.2
2022,4209607,6.5
2022,4209706,8.7
2022,4209805,5.0
2022,4209854,6.5
2022,4209904,11.4
2022,4210001,9.2
2022,4210035,1.8
2022,4210050,10.2
2022,4210100,3.9
2022,4210209,6.3
2022,4210308,2.5
2022,4210407,4.4
2022,4210506,9.4
2022,4210555,7.9
2022,4210605,4.4
2022,4210704,12.2
2022,4210803,5.0
2022,4210852,1.0
2022,4210902,8.4
2022,4211009,3.6
2022,4211058,4.1
2022,4211108,5.4
2022,4211207,7.0
2022,4211256,2.4
2022,4211306,9.7
2022,4211405,6.8
2022,4211454,8.3
2022,4211504,3.4
2022,4211603,2.5
2022,4211652,4.6
2022,4211702,5.6
2022,4211751,4.0
2022,4211801,7.6
2022,4211850,5.9
2022,4211876,2.7
2022,4211892,9.1
2022,4211900,7.6
2022,4212007,4.2
2022,4212056,7.2
2022,4212106,6.8
2022,4212205,7.6
2022,4212239,5.8
2022,4212254,11.6
2022,4212270,7.6
2022,4212304,15.5
2022,4212403,7.9
2022,4212502,3.5
2022,4212601,1.4
2022,4212650,9.6
2022,4212700,7.3
2022,4212809,7.3
2022,4212908,6.9
2022,4213005,6.8
2022,4213104,2.1
2022,4213153,1.4
2022,4213203,4.4
2022,4213302,11.3
2022,4213351,5.0
2022,4213401,10.6
2022,4213500,3.3
2022,4213609,5.7
2022,4213708,8.5
2022,4213807,2.8
2022,4213906,2.2
2022,4214003,4.4
2022,4214102,7.8
2022,4214151,3.8
2022,4214201,4.9
2022,4214300,6.8
2022,4214409,4.1
2022,4214508,1.4
2022,4214607,5.2
2022,4214706,5.8
2022,4214805,7.0
2022,4214904,6.4
2022,4215000,2.4
2022,4215059,9.9
2022,4215075,2.9
2022,4215109,3.4
2022,4215208,5.0
2022,4215307,1.8
2022,4215356,11.5
2022,4215406,6.3
2022,4215455,8.3
2022,4215505,5.7
2022,4215554,3.1
2022,4215604,3.4
2022,4215653,7.9
2022,4215679,1.5
2022,4215687,2.1
2022,4215695,3.6
2022,4215703,7.7
2022,4215752,6.4
2022,4215802,1.5
2022,4215901,2.1
2022,4216008,10.0
2022,4216057,9.9
2022,4216107,5.3
2022,4216206,6.9
2022,4216255,2.9
2022,4216305,5.7
2022,4216354,12.1
2022,4216404,3.8
2022,4216503,6.3
2022,4216602,4.6
2022,4216701,5.3
2022,4216800,10.9
2022,4216909,8.7
2022,4217006,6.1
2022,4217105,3.0
2022,4217154,0.5
2022,4217204,4.2
2022,4217253,2.9
2022,4217303,4.7
2022,4217402,3.3
2022,4217501,6.4
2022,4217550,4.7
2022,4217600,6.7
2022,4217709,5.4
2022,4217758,4.2
2022,4217808,2.8
2022,4217907,1.2
2022,4217956,8.5
2022,4218004,8.8
2022,4218103,5.9
2022,4218202,3.3
2022,4218251,1.0
2022,4218301,7.7
2022,4218350,9.2
2022,4218400,4.6
2022,4218509,9.4
2022,4218608,6.8
2022,4218707,6.5
2022,4218756,4.3
2022,4218806,6.4
2022,4218855,7.9
2022,4218905,8.1
2022,4218954,17.3
2022,4219002,5.6
2022,4219101,6.6
2022,4219150,4.1
2022,4219176,5.6
2022,4219200,1.7
2022,4219309,5.5
2022,4219358,8.1
2022,4219408,5.0
2022,4219507,4.9
2022,4219606,5.2
2022,4219705,6.9
2022,4219853,13.6
2022,4220000,8.8
2022,4300034,8.8
2022,4300059,4.8
2022,4300109,8.7
2022,4300208,1.5
2022,4300307,2.9
2022,4300406,5.6
2022,4300455,5.5
2022,4300471,1.5
2022,4300505,1.1
2022,4300554,0.6
2022,4300570,1.8
2022,4300604,9.9
2022,4300638,6.6
2022,4300646,9.4
2022,4300661,13.6
2022,4300703,1.3
2022,4300802,5.9
2022,4300851,6.2
2022,4300877,10.9
2022,4300901,0.3
2022,4301008,4.7
2022,4301057,8.5
2022,4301073,0.7
2022,4301107,13.7
2022,4301206,1.7
2022,4301305,7.7
2022,4301404,0.6
2022,4301503,3.2
2022,4301552,4.5
2022,4301602,6.5
2022,4301636,10.3
2022,4301651,2.9
2022,4301701,0.0
2022,4301750,9.6
2022,4301800,3.4
2022,4301859,3.8
2022,4301875,6.1
2022,4301909,4.9
2022,4301925,0.7
2022,4301958,0.4
2022,4302006,6.1
2022,4302055,6.1
2022,4302105,5.6
2022,4302154,10.2
2022,4302204,4.5
2022,4302220,6.7
2022,4302238,3.9
2022,4302253,3.1
2022,4302303,4.8
2022,4302352,7.0
2022,4302378,5.5
2022,4302402,6.1
2022,4302451,2.0
2022,4302501,4.5
2022,4302584,1.1
2022,4302600,7.3
2022,4302659,5.5
2022,4302709,5.1
2022,4302808,10.8
2022,4302907,4.3
2022,4303004,5.7
2022,4303103,7.9
2022,4303202,2.9
2022,4303301,5.9
2022,4303400,0.0
2022,4303509,3.2
2022,4303558,3.5
2022,4303608,6.0
2022,4303673,6.9
2022,4303707,4.2
2022,4303806,0.4
2022,4303905,0.5
2022,4304002,6.9
2022,4304101,0.8
2022,4304200,7.8
2022,4304309,4.9
2022,4304358,5.2
2022,4304408,4.2
2022,4304507,8.0
2022,4304606,10.1
2022,4304614,8.8
2022,4304622,2.1
2022,4304630,6.9
2022,4304655,5.9
2022,4304663,12.0
2022,4304671,0.0
2022,4304689,15.5
2022,4304697,5.7
2022,4304705,3.4
2022,4304713,5.9
2022,4304804,3.0
2022,4304853,0.0
2022,4304903,0.9
2022,4304952,4.2
2022,4305009,0.9
2022,4305108,3.8
2022,4305116,0.8
2022,4305124,12.0
2022,4305132,2.5
2022,4305157,4.6
2022,4305173,7.0
2022,4305207,5.5
2022,4305306,3.0
2022,4305355,7.6
2022,4305371,2.9
2022,4305405,2.6
2022,4305439,8.0
2022,4305447,9.8
2022,4305454,13.2
2022,4305504,3.2
2022,4305587,2.8
2022,4305603,5.5
2022,4305702,4.9
2022,4305801,5.7
2022,4305835,0.0
2022,4305850,2.0
2022,4305871,7.6
2022,4305900,15.4
2022,4305934,2.9
2022,4305959,2.5
2022,4305975,1.1
2022,4306007,6.7
2022,4306056,8.8
2022,4306072,0.3
2022,4306106,7.9
2022,4306130,1.4
2022,4306205,4.5
2022,4306304,0.5
2022,4306320,6.8
2022,4306353,4.0
2022,4306379,12.4
2022,4306403,4.2
2022,4306429,1.8
2022,4306452,0.3
2022,4306502,18.0
2022,4306551,0.5
2022,4306601,9.8
2022,4306700,3.5
2022,4306734,3.8
2022,4306759,0.7
2022,4306767,10.9
2022,4306809,4.2
2022,4306908,13.4
2022,4306924,6.4
2022,4306932,6.4
2022,4306957,1.5
2022,4306973,6.6
2022,4307005,2.9
2022,4307054,6.6
2022,4307104,15.0
2022,4307203,6.5
2022,4307302,1.0
2022,4307401,8.5
2022,4307450,2.0
2022,4307500,4.1
2022,4307559,2.8
2022,4307609,3.6
2022,4307708,3.1
2022,4307807,2.7
2022,4307815,2.9
2022,4307831,9.8
2022,4307864,5.1
2022,4307906,0.9
2022,4308003,3.6
2022,4308052,9.4
2022,4308078,5.2
2022,4308102,2.8
2022,4308201,3.5
2022,4308250,0.0
2022,4308300,1.7
2022,4308409,8.4
2022,4308433,9.7
2022,4308458,3.3
2022,4308508,4.2
2022,4308607,3.4
2022,4308656,1.2
2022,4308706,3.0
2022,4308805,8.5
2022,4308854,1.4
2022,4308904,0.7
2022,4309001,1.1
2022,4309050,6.9
2022,4309100,6.1
2022,4309126,10.0
2022,4309159,4.5
2022,4309209,7.8
2022,4309258,0.0
2022,4309308,6.8
2022,4309407,1.2
2022,4309506,1.7
2022,4309555,5.1
2022,4309571,8.3
2022,4309605,1.0
2022,4309654,4.5
2022,4309704,7.7
2022,4309753,3.2
2022,4309803,2.5
2022,4309902,9.1
2022,4309951,4.1
2022,4310009,5.1
2022,4310108,1.7
2022,4310207,3.4
2022,4310306,2.9
2022,4310330,7.6
2022,4310363,7.9
2022,4310405,10.3
2022,4310413,10.4
2022,4310439,7.0
2022,4310462,5.7
2022,4310504,4.6
2022,4310538,12.5
2022,4310553,12.2
2022,4310579,0.0
2022,4310603,6.1
2022,4310652,7.5
2022,4310702,2.3
2022,4310751,8.3
2022,4310801,2.8
2022,4310850,3.2
2022,4310876,6.0
2022,4310900,4.5
2022,4311007,16.0
2022,4311106,9.7
2022,4311122,2.7
2022,4311130,3.5
2022,4311155,6.1
2022,4311205,5.3
2022,4311239,0.4
2022,4311254,5.8
2022,4311270,1.6
2022,4311304,2.0
2022,4311403,2.4
2022,4311429,3.5
2022,4311502,8.4
2022,4311601,3.5
2022,4311627,0.8
2022,4311643,1.7
2022,4311700,6.6
2022,4311718,6.1
2022,4311734,5.8
2022,4311759,9.0
2022,4311775,3.4
2022,4311791,2.5
2022,4311809,3.4
2022,4311908,1.0
2022,4311981,13.1
2022,4312005,0.0
2022,4312054,3.7
2022,4312104,6.4
2022,4312138,2.0
2022,4312153,1.0
2022,4312179,6.3
2022,4312203,0.0
2022,4312252,14.1
2022,4312302,1.6
2022,4312351,0.0
2022,4312377,16.6
2022,4312385,1.9
2022,4312401,6.5
2022,4312427,3.0
2022,4312443,0.4
2022,4312450,8.7
2022,4312476,0.9
2022,4312500,11.0
2022,4312609,3.9
2022,4312617,3.8
2022,4312625,8.8
2022,4312658,6.0
2022,4312674,0.4
2022,4312708,4.1
2022,4312757,0.9
2022,4312807,0.8
2022,4312906,4.3
2022,4312955,2.8
2022,4313003,2.5
2022,4313011,7.6
2022,4313037,1.1
2022,4313060,3.6
2022,4313086,0.0
2022,4313102,3.6
2022,4313201,1.9
2022,4313300,4.0
2022,4313334,8.8
2022,4313359,2.8
2022,4313375,9.1
2022,4313391,3.8
2022,4313409,3.0
2022,4313425,9.8
2022,4313441,1.7
2022,4313466,0.7
2022,4313490,2.6
2022,4313508,3.4
2022,4313607,0.3
2022,4313656,7.0
2022,4313706,6.7
2022,4313805,1.2
2022,4313904,5.8
2022,4313953,4.1
2022,4314001,0.7
2022,4314027,8.2
2022,4314035,4.5
2022,4314050,4.4
2022,4314068,2.4
2022,4314076,3.0
2022,4314100,6.4
2022,4314134,4.1
2022,4314159,7.7
2022,4314175,11.0
2022,4314209,8.8
2022,4314308,4.6
2022,4314407,4.4
2022,4314423,2.3
2022,4314456,1.5
2022,4314464,1.2
2022,4314472,4.9
2022,4314498,1.1
2022,4314506,10.4
2022,4314548,1.7
2022,4314555,4.2
2022,4314605,7.3
2022,4314704,1.6
2022,4314753,0.9
2022,4314779,5.4
2022,4314787,0.7
2022,4314803,9.5
2022,4314902,6.9
2022,4315008,3.9
2022,4315057,8.3
2022,4315073,5.6
2022,4315107,3.3
2022,4315131,3.6
2022,4315149,3.0
2022,4315156,0.6
2022,4315172,1.4
2022,4315206,0.0
2022,4315305,5.9
2022,4315313,11.4
2022,4315321,5.2
2022,4315354,2.2
2022,4315404,8.2
2022,4315453,3.9
2022,4315503,6.2
2022,4315552,1.1
2022,4315602,9.3
2022,4315701,2.6
2022,4315750,4.3
2022,4315800,6.3
2022,4315909,6.8
2022,4315958,3.0
2022,4316006,2.7
2022,4316105,4.2
2022,4316204,1.5
2022,4316303,4.7
2022,4316402,3.6
2022,4316428,1.9
2022,4316436,2.4
2022,4316451,11.3
2022,4316477,4.4
2022,4316501,7.8
2022,4316600,0.9
2022,4316709,0.7
2022,4316733,0.0
2022,4316758,4.5
2022,4316808,5.7
2022,4316907,6.8
2022,4316956,4.8
2022,4316972,18.7
2022,4317004,13.7
2022,4317103,6.1
2022,4317202,3.8
2022,4317251,0.0
2022,4317301,7.2
2022,4317400,1.9
2022,4317509,6.2
2022,4317558,1.3
2022,4317608,3.1
2022,4317707,9.9
2022,4317756,0.8
2022,4317806,4.7
2022,4317905,6.0
2022,4317954,3.1
2022,4318002,3.6
2022,4318051,2.2
2022,4318101,1.5
2022,4318200,2.6
2022,4318309,8.6
2022,4318408,6.1
2022,4318424,0.0
2022,4318432,5.0
2022,4318440,0.8
2022,4318457,2.6
2022,4318465,0.0
2022,4318481,2.8
2022,4318499,0.5
2022,4318507,15.9
2022,4318606,0.8
2022,4318614,2.6
2022,4318622,7.3
2022,4318705,8.5
2022,4318804,13.6
2022,4318903,5.0
2022,4319000,8.7
2022,4319109,9.0
2022,4319125,7.7
2022,4319158,6.6
2022,4319208,6.9
2022,4319307,4.8
2022,4319356,10.3
2022,4319364,2.7
2022,4319372,7.4
2022,4319406,4.3
2022,4319505,10.9
2022,4319604,3.0
2022,4319703,2.5
2022,4319711,0.0
2022,4319737,9.0
2022,4319752,2.9
2022,4319802,6.7
2022,4319901,4.5
2022,4320008,7.0
2022,4320107,0.9
2022,4320206,1.9
2022,4320230,8.6
2022,4320263,2.8
2022,4320305,5.7
2022,4320321,0.4
2022,4320354,9.0
2022,4320404,0.7
2022,4320453,4.7
2022,4320503,4.8
2022,4320552,8.4
2022,4320578,1.8
2022,4320602,0.6
2022,4320651,13.8
2022,4320677,11.5
2022,4320701,1.2
2022,4320800,4.5
2022,4320859,6.2
2022,4320909,2.0
2022,4321006,2.5
2022,4321105,11.2
2022,4321204,3.2
2022,4321303,5.6
2022,4321329,5.7
2022,4321352,5.9
2022,4321402,4.1
2022,4321436,11.7
2022,4321451,4.4
2022,4321469,5.2
2022,4321477,5.0
2022,4321493,0.4
2022,4321501,1.8
2022,4321600,8.1
2022,4321626,0.0
2022,4321634,0.0
2022,4321667,1.6
2022,4321709,5.8
2022,4321808,6.5
2022,4321832,8.3
2022,4321857,0.2
2022,4321907,4.8
2022,4321956,1.3
2022,4322004,8.4
2022,4322103,2.0
2022,4322152,0.2
2022,4322186,5.1
2022,4322202,5.5
2022,4322251,7.1
2022,4322301,0.9
2022,4322327,6.9
2022,4322343,4.6
2022,4322350,0.0
2022,4322376,0.9
2022,4322400,1.6
2022,4322509,6.2
2022,4322525,0.9
2022,4322533,9.0
2022,4322541,11.3
2022,4322558,8.0
2022,4322608,3.5
2022,4322707,5.9
2022,4322806,3.4
2022,4322855,1.4
2022,4322905,1.8
2022,4323002,6.6
2022,4323101,3.0
2022,4323200,2.9
2022,4323309,16.3
2022,4323358,2.7
2022,4323408,4.1
2022,4323457,3.5
2022,4323507,2.9
2022,4323606,3.0
2022,4323705,2.1
2022,4323754,5.0
2022,4323770,1.5
2022,4323804,8.0
2022,5000203,12.9
2022,5000252,11.7
2022,5000609,11.7
2022,5000708,11.4
2022,5000807,14.5
2022,5000856,7.3
2022,5000906,1.3
2022,5001003,6.9
2022,5001102,9.1
2022,5001243,2.4
2022,5001508,11.8
2022,5001904,4.0
2022,5002001,8.8
2022,5002100,1.4
2022,5002159,14.7
2022,5002209,10.3
2022,5002308,6.1
2022,5002407,12.4
2022,5002605,5.8
2022,5002704,5.3
2022,5002803,7.7
2022,5002902,6.0
2022,5002951,8.2
2022,5003108,13.8
2022,5003157,11.3
2022,5003207,8.0
2022,5003256,5.1
2022,5003306,8.4
2022,5003454,10.8
2022,5003488,11.8
2022,5003504,6.7
2022,5003702,11.2
2022,5003751,9.0
2022,5003801,6.5
2022,5003900,8.9
2022,5004007,5.0
2022,5004106,3.9
2022,5004304,11.2
2022,5004403,6.0
2022,5004502,6.6
2022,5004601,11.6
2022,5004700,11.1
2022,5004809,18.5
2022,5004908,7.9
2022,5005004,7.1
2022,5005103,3.9
2022,5005152,16.8
2022,5005202,5.2
2022,5005251,19.9
2022,5005400,10.8
2022,5005608,15.0
2022,5005681,5.5
2022,5005707,10.8
2022,5005806,5.5
2022,5006002,15.6
2022,5006200,7.0
2022,5006259,17.5
2022,5006275,10.7
2022,5006309,7.6
2022,5006358,20.3
2022,5006408,9.3
2022,5006606,8.8
2022,5006903,11.6
2022,5007109,12.3
2022,5007208,10.0
2022,5007307,12.0
2022,5007406,11.0
2022,5007505,10.3
2022,5007554,12.7
2022,5007695,9.8
2022,5007703,9.4
2022,5007802,5.4
2022,5007901,15.6
2022,5007935,5.2
2022,5007950,20.4
2022,5007976,3.3
2022,5008008,3.7
2022,5008305,3.6
2022,5008404,10.0
2022,5100102,1.2
2022,5100201,1.1
2022,5100250,0.2
2022,5100300,0.9
2022,5100359,0.9
2022,5100409,1.6
2022,5100508,1.1
2022,5100607,2.2
2022,5100805,3.2
2022,5101001,0.6
2022,5101209,0.0
2022,5101258,0.1
2022,5101308,1.4
2022,5101407,2.2
2022,5101605,0.6
2022,5101704,1.1
2022,5101803,1.2
2022,5101852,1.8
2022,5101902,1.6
2022,5102504,1.2
2022,5102603,2.4
2022,5102637,3.7
2022,5102678,1.6
2022,5102686,0.9
2022,5102694,4.3
2022,5102702,1.3
2022,5102793,1.1
2022,5102850,1.5
2022,5103007,1.8
2022,5103056,1.5
2022,5103106,1.8
2022,5103205,2.5
2022,5103254,3.3
2022,5103304,0.6
2022,5103353,1.4
2022,5103361,0.0
2022,5103379,0.3
2022,5103403,0.8
2022,5103437,2.4
2022,5103452,2.7
2022,5103502,0.5
2022,5103601,0.1
2022,5103700,4.8
2022,5103809,0.3
2022,5103858,0.6
2022,5103908,1.7
2022,5103957,0.0
2022,5104104,0.9
2022,5104203,0.9
2022,5104500,2.4
2022,5104526,1.4
2022,5104542,1.6
2022,5104559,3.9
2022,5104609,0.1
2022,5104807,0.5
2022,5104906,1.1
2022,5105002,1.0
2022,5105101,0.4
2022,5105150,2.5
2022,5105176,5.7
2022,5105200,0.3
2022,5105234,5.0
2022,5105259,1.0
2022,5105309,3.3
2022,5105507,8.5
2022,5105580,0.7
2022,5105606,0.5
2022,5105622,0.9
2022,5105903,1.3
2022,5106000,2.1
2022,5106109,0.1
2022,5106158,0.8
2022,5106174,1.1
2022,5106182,2.5
2022,5106190,6.1
2022,5106208,2.4
2022,5106216,1.8
2022,5106224,0.3
2022,5106232,1.5
2022,5106240,6.1
2022,5106257,0.8
2022,5106265,0.6
2022,5106273,0.0
2022,5106281,1.0
2022,5106299,1.5
2022,5106307,0.9
2022,5106315,6.4
2022,5106372,0.6
2022,5106422,0.7
2022,5106455,0.9
2022,5106505,0.9
2022,5106653,2.8
2022,5106703,3.3
2022,5106752,1.1
2022,5106778,1.9
2022,5106802,1.3
2022,5106828,2.0
2022,5106851,0.6
2022,5107008,1.4
2022,5107040,1.4
2022,5107065,1.1
2022,5107107,1.1
2022,5107156,0.0
2022,5107180,0.6
2022,5107198,0.0
2022,5107206,5.8
2022,5107248,9.3
2022,5107263,1.1
2022,5107297,0.3
2022,5107305,0.7
2022,5107354,2.0
2022,5107404,1.2
2022,5107578,0.3
2022,5107602,1.1
2022,5107701,1.7
2022,5107743,2.3
2022,5107750,0.5
2022,5107768,1.5
2022,5107776,2.3
2022,5107792,4.4
2022,5107800,2.8
2022,5107859,1.2
2022,5107875,0.4
2022,5107883,4.9
2022,5107909,1.5
2022,5107925,0.4
2022,5107941,0.9
2022,5107958,1.5
2022,5108006,0.2
2022,5108055,0.3
2022,5108105,0.3
2022,5108204,0.3
2022,5108303,9.1
2022,5108352,0.0
2022,5108402,1.7
2022,5108501,1.1
2022,5108600,3.7
2022,5108808,0.0
2022,5108857,0.0
2022,5108907,1.0
2022,5108956,1.6
2022,5200050,1.0
2022,5200100,2.1
2022,5200134,0.6
2022,5200159,1.7
2022,5200175,2.4
2022,5200209,1.0
2022,5200258,4.8
2022,5200308,1.8
2022,5200506,3.6
2022,5200555,3.3
2022,5200605,2.9
2022,5200803,1.1
2022,5200829,1.1
2022,5200852,0.2
2022,5200902,2.3
2022,5201108,3.1
2022,5201207,3.5
2022,5201306,0.0
2022,5201405,2.4
2022,5201454,2.5
2022,5201504,1.6
2022,5201603,1.0
2022,5201702,2.4
2022,5201801,2.2
2022,5202155,0.5
2022,5202353,0.6
2022,5202502,3.3
2022,5202601,0.0
2022,5202809,0.0
2022,5203104,2.5
2022,5203203,0.9
2022,5203302,1.2
2022,5203401,0.2
2022,5203500,3.5
2022,5203559,1.7
2022,5203575,2.4
2022,5203609,4.5
2022,5203807,0.0
2022,5203906,0.3
2022,5203939,0.3
2022,5203962,6.8
2022,5204003,0.6
2022,5204102,0.9
2022,5204201,0.7
2022,5204250,2.2
2022,5204300,0.6
2022,5204409,1.4
2022,5204508,1.3
2022,5204557,4.7
2022,5204607,0.0
2022,5204656,0.7
2022,5204706,0.9
2022,5204805,3.8
2022,5204854,3.3
2022,5204904,4.0
2022,5204953,0.6
2022,5205000,0.0
2022,5205059,2.6
2022,5205109,2.4
2022,5205208,3.4
2022,5205307,6.8
2022,5205406,0.2
2022,5205455,0.4
2022,5205471,3.0
2022,5205497,6.3
2022,5205513,2.5
2022,5205521,0.0
2022,5205703,1.0
2022,5205802,3.5
2022,5205901,0.7
2022,5206206,2.6
2022,5206305,2.6
2022,5206404,0.7
2022,5206503,0.2
2022,5206602,0.7
2022,5206701,3.3
2022,5206800,2.5
2022,5206909,4.7
2022,5207105,0.5
2022,5207253,8.6
2022,5207352,1.4
2022,5207402,0.1
2022,5207501,0.0
2022,5207535,4.8
2022,5207600,1.0
2022,5207808,0.4
2022,5207907,3.4
2022,5208004,6.0
2022,5208103,0.0
2022,5208152,2.8
2022,5208301,3.5
2022,5208400,2.3
2022,5208509,0.0
2022,5208608,0.4
2022,5208707,0.9
2022,5208806,2.7
2022,5208905,1.1
2022,5209101,5.8
2022,5209150,1.6
2022,5209200,0.2
2022,5209291,1.0
2022,5209408,3.7
2022,5209457,0.4
2022,5209606,0.3
2022,5209705,7.4
2022,5209804,0.5
2022,5209903,1.4
2022,5209937,1.1
2022,5209952,0.7
2022,5210000,1.0
2022,5210109,4.4
2022,5210158,0.4
2022,5210208,0.7
2022,5210307,3.2
2022,5210406,0.6
2022,5210562,1.0
2022,5210604,0.0
2022,5210802,2.4
2022,5210901,1.5
2022,5211008,0.4
2022,5211206,1.3
2022,5211305,0.6
2022,5211404,2.9
2022,5211503,1.7
2022,5211602,0.0
2022,5211701,0.0
2022,5211800,0.4
2022,5211909,2.3
2022,5212006,0.6
2022,5212055,0.7
2022,5212105,2.1
2022,5212204,0.4
2022,5212253,0.0
2022,5212303,4.1
2022,5212501,4.2
2022,5212600,0.3
2022,5212709,4.5
2022,5212808,2.0
2022,5212907,0.0
2022,5212956,2.1
2022,5213004,0.3
2022,5213053,6.1
2022,5213087,1.2
2022,5213103,3.6
2022,5213400,0.0
2022,5213509,0.8
2022,5213707,1.4
2022,5213756,1.7
2022,5213772,0.0
2022,5213806,0.6
2022,5213855,2.1
2022,5213905,0.0
2022,5214002,4.1
2022,5214051,3.6
2022,5214101,0.2
2022,5214408,0.4
2022,5214507,1.2
2022,5214606,1.9
2022,5214705,0.0
2022,5214804,3.4
2022,5214838,4.1
2022,5214861,0.1
2022,5214879,1.1
2022,5214903,6.3
2022,5215009,0.4
2022,5215207,0.0
2022,5215231,7.2
2022,5215256,0.7
2022,5215306,2.0
2022,5215405,2.1
2022,5215504,0.4
2022,5215603,6.2
2022,5215652,0.0
2022,5215702,0.1
2022,5215801,2.2
2022,5215900,0.0
2022,5216007,2.7
2022,5216304,6.4
2022,5216403,1.0
2022,5216452,1.1
2022,5216809,2.1
2022,5216908,0.0
2022,5217104,5.1
2022,5217203,0.5
2022,5217302,3.0
2022,5217401,2.7
2022,5217609,7.6
2022,5217708,2.6
2022,5218003,1.6
2022,5218052,4.1
2022,5218102,6.5
2022,5218300,6.4
2022,5218391,2.2
2022,5218508,0.8
2022,5218607,0.0
2022,5218706,0.4
2022,5218789,1.3
2022,5218805,1.8
2022,5218904,0.3
2022,5219001,1.5
2022,5219100,0.0
2022,5219209,2.1
2022,5219258,0.5
2022,5219308,0.1
2022,5219357,0.3
2022,5219407,7.0
2022,5219456,1.0
2022,5219506,0.3
2022,5219605,1.1
2022,5219704,3.6
2022,5219712,0.2
2022,5219738,0.2
2022,5219753,10.0
2022,5219803,5.0
2022,5219902,0.1
2022,5220009,7.0
2022,5220058,0.0
2022,5220108,0.7
2022,5220157,2.8
2022,5220207,3.1
2022,5220264,0.7
2022,5220280,2.6
2022,5220405,4.1
2022,5220454,2.3
2022,5220504,0.0
2022,5220603,3.0
2022,5220686,5.8
2022,5220702,1.6
2022,5221007,1.3
2022,5221080,3.3
2022,5221197,7.9
2022,5221304,3.0
2022,5221403,0.2
2022,5221452,1.1
2022,5221502,0.2
2022,5221551,1.8
2022,5221577,2.3
2022,5221601,0.4
2022,5221700,0.1
2022,5221809,1.0
2022,5221858,6.8
2022,5221908,0.5
2022,5222005,2.2
2022,5222054,2.2
2022,5222203,5.3
2022,5222302,2.2
2022,5300108,4.8
