ano,cod_municipio,tdi_ef
2022,1100015,13.7
2022,1100023,11.5
2022,1100031,7.7
2022,1100049,5.4
2022,1100056,7.2
2022,1100064,6.2
2022,1100072,10
2022,1100080,19.9
2022,1100098,9
2022,1100106,21.7
2022,1100114,6.5
2022,1100122,8.4
2022,1100130,15.2
2022,1100148,4.6
2022,1100155,10.7
2022,1100189,6.9
2022,1100205,12.2
2022,1100254,6.4
2022,1100262,16.8
2022,1100288,6.2
2022,1100296,4.8
2022,1100304,8.4
2022,1100320,5.7
2022,1100338,19.6
2022,1100346,8.4
2022,1100379,15.5
2022,1100403,14.1
2022,1100452,9
2022,1100502,7.9
2022,1100601,10.8
2022,1100700,16.3
2022,1100809,21
2022,1100908,9.6
2022,1100924,12.8
2022,1100940,14.7
2022,1101005,12.7
2022,1101104,12.8
2022,1101203,5.7
2022,1101302,12.1
2022,1101401,17.5
2022,1101435,13.4
2022,1101450,11
2022,1101468,8.5
2022,1101476,5.7
2022,1101484,5.7
2022,1101492,7.8
2022,1101500,7.9
2022,1101559,10.7
2022,1101609,9.5
2022,1101708,10.5
2022,1101757,12
2022,1101807,11.8
2022,1200013,18.7
2022,1200054,40.7
2022,1200104,13.5
2022,1200138,25.3
2022,1200179,24.9
2022,1200203,18
2022,1200252,18.3
2022,1200302,37.3
2022,1200328,34.1
2022,1200336,21.7
2022,1200344,35.7
2022,1200351,32.3
2022,1200385,23.6
2022,1200393,29.8
2022,1200401,13.6
2022,1200427,18.7
2022,1200435,31.8
2022,1200450,19.1
2022,1200500,28.2
2022,1200609,33.8
2022,1200708,27.3
2022,1200807,26.1
2022,1300029,27.1
2022,1300060,21.8
2022,1300086,15.2
2022,1300102,14.4
2022,1300144,24.3
2022,1300201,32.2
2022,1300300,23.1
2022,1300409,23.1
2022,1300508,14.5
2022,1300607,14.2
2022,1300631,26.8
2022,1300680,17.1
2022,1300706,17.8
2022,1300805,20.9
2022,1300839,22.4
2022,1300904,32.2
2022,1301001,21.9
2022,1301100,20.1
2022,1301159,20.7
2022,1301209,18.9
2022,1301308,22
2022,1301407,21.7
2022,1301506,33.2
2022,1301605,26.2
2022,1301654,23.1
2022,1301704,18.1
2022,1301803,35.7
2022,1301852,20.7
2022,1301902,11.1
2022,1301951,32.4
2022,1302009,13.6
2022,1302108,35.9
2022,1302207,37.1
2022,1302306,26.8
2022,1302405,27.2
2022,1302504,13.8
2022,1302553,17.1
2022,1302603,10.8
2022,1302702,16.7
2022,1302801,30.5
2022,1302900,24.3
2022,1303007,13.7
2022,1303106,21
2022,1303205,17.4
2022,1303304,18
2022,1303403,11.2
2022,1303502,48.1
2022,1303536,20.9
2022,1303569,18.7
2022,1303601,21.1
2022,1303700,25.3
2022,1303809,26.8
2022,1303908,20
2022,1303957,14.3
2022,1304005,15.6
2022,1304062,11.4
2022,1304104,31.2
2022,1304203,21
2022,1304237,19.1
2022,1304260,31.3
2022,1304302,11.6
2022,1304401,16.6
2022,1400027,30.2
2022,1400050,34.8
2022,1400100,14.2
2022,1400159,21.2
2022,1400175,17.1
2022,1400209,25.2
2022,1400233,23.1
2022,1400282,26.6
2022,1400308,19.5
2022,1400407,17.1
2022,1400456,14.8
2022,1400472,21.5
2022,1400506,21.8
2022,1400605,15.7
2022,1400704,25.7
2022,1500107,19.5
2022,1500131,18.4
2022,1500206,31.9
2022,1500305,43.1
2022,1500347,28.8
2022,1500404,28.6
2022,1500503,33
2022,1500602,20.2
2022,1500701,42.7
2022,1500800,17.1
2022,1500859,27.8
2022,1500909,25.2
2022,1500958,23.8
2022,1501006,28.1
2022,1501105,36.6
2022,1501204,34.2
2022,1501253,36
2022,1501303,23.2
2022,1501402,18.3
2022,1501451,23.3
2022,1501501,12.2
2022,1501576,23.3
2022,1501600,23.2
2022,1501709,23.6
2022,1501725,17.4
2022,1501758,28.3
2022,1501782,23.7
2022,1501808,39.9
2022,1501907,24.2
2022,1501956,22.6
2022,1502004,29.1
2022,1502103,29.4
2022,1502152,15.3
2022,1502202,20.7
2022,1502301,25.9
2022,1502400,23.5
2022,1502509,39.2
2022,1502608,19.8
2022,1502707,15.2
2022,1502756,30.5
2022,1502764,32.8
2022,1502772,13
2022,1502806,43.8
2022,1502855,20.4
2022,1502905,25.2
2022,1502939,17.4
2022,1502954,22
2022,1503002,18.2
2022,1503044,16.9
2022,1503077,32.8
2022,1503093,24
2022,1503101,35.9
2022,1503200,23.6
2022,1503309,27.8
2022,1503408,23.3
2022,1503457,24.3
2022,1503507,22.8
2022,1503606,26.4
2022,1503705,27.5
2022,1503754,31.5
2022,1503804,22.3
2022,1503903,13.6
2022,1504000,32.3
2022,1504059,24.2
2022,1504109,23.3
2022,1504208,16
2022,1504307,24.7
2022,1504406,23.1
2022,1504422,20.9
2022,1504455,28.6
2022,1504505,35
2022,1504604,27.2
2022,1504703,21.6
2022,1504752,16.9
2022,1504802,21.5
2022,1504901,30
2022,1504950,27.4
2022,1504976,38.8
2022,1505007,17.1
2022,1505031,17.7
2022,1505064,27.3
2022,1505106,23.6
2022,1505205,36.3
2022,1505304,19.5
2022,1505403,25.4
2022,1505437,23.5
2022,1505486,33.3
2022,1505494,32
2022,1505502,17.3
2022,1505536,12.1
2022,1505551,25.3
2022,1505601,26.4
2022,1505635,20.1
2022,1505650,18.5
2022,1505700,22
2022,1505809,46.8
2022,1505908,43.5
2022,1506005,24
2022,1506104,23.9
2022,1506112,28
2022,1506138,15.8
2022,1506161,15.2
2022,1506187,30.9
2022,1506195,24.8
2022,1506203,17.2
2022,1506302,26.2
2022,1506351,17.5
2022,1506401,28.8
2022,1506500,20.2
2022,1506559,25.3
2022,1506583,26.1
2022,1506609,28.9
2022,1506708,32.7
2022,1506807,13.5
2022,1506906,20.7
2022,1507003,23.3
2022,1507102,27.5
2022,1507151,24
2022,1507201,39.4
2022,1507300,29
2022,1507409,23.4
2022,1507458,24.5
2022,1507466,17.1
2022,1507474,20.1
2022,1507508,25.9
2022,1507607,30.2
2022,1507706,24.3
2022,1507755,29.2
2022,1507805,26.1
2022,1507904,28.3
2022,1507953,24.5
2022,1507961,22.8
2022,1507979,9
2022,1508001,19.8
2022,1508035,25
2022,1508050,28.4
2022,1508084,21.7
2022,1508100,21.1
2022,1508126,12.4
2022,1508159,16.6
2022,1508209,21.8
2022,1508308,27.3
2022,1508357,20.6
2022,1508407,24.6
2022,1600055,22.3
2022,1600105,21.7
2022,1600154,34.5
2022,1600204,30.2
2022,1600212,31
2022,1600238,30.5
2022,1600253,33.1
2022,1600279,26.6
2022,1600303,21.3
2022,1600402,30
2022,1600501,42.5
2022,1600535,24.7
2022,1600550,32.5
2022,1600600,19.2
2022,1600709,32.2
2022,1600808,28.2
2022,1700251,10.6
2022,1700301,15.3
2022,1700350,9.4
2022,1700400,10.4
2022,1700707,10.1
2022,1701002,11.2
2022,1701051,14.6
2022,1701101,9.8
2022,1701309,14.4
2022,1701903,8.1
2022,1702000,8.9
2022,1702109,10.3
2022,1702158,16.5
2022,1702208,14.8
2022,1702307,13.1
2022,1702406,17.5
2022,1702554,11.3
2022,1702703,8.8
2022,1702901,13.7
2022,1703008,12.9
2022,1703057,11.8
2022,1703073,21.2
2022,1703107,8.4
2022,1703206,13.2
2022,1703305,6.1
2022,1703602,10.4
2022,1703701,13.6
2022,1703800,13.8
2022,1703826,8.6
2022,1703842,16.8
2022,1703867,9.8
2022,1703883,23.3
2022,1703891,14
2022,1703909,9.5
2022,1704105,12.1
2022,1704600,7.7
2022,1705102,19
2022,1705508,11.9
2022,1705557,9.2
2022,1705607,21.8
2022,1706001,14
2022,1706100,11.6
2022,1706258,15
2022,1706506,18
2022,1707009,17.4
2022,1707108,8.3
2022,1707207,14
2022,1707306,10.3
2022,1707405,20.1
2022,1707553,11.8
2022,1707652,12.4
2022,1707702,20.1
2022,1708205,13
2022,1708254,6.6
2022,1708304,7.2
2022,1709005,17.1
2022,1709302,9.3
2022,1709500,7.4
2022,1709807,10.2
2022,1710508,7.1
2022,1710706,16
2022,1710904,6.9
2022,1711100,12.3
2022,1711506,16.4
2022,1711803,15.2
2022,1711902,15.6
2022,1711951,19.6
2022,1712009,10.8
2022,1712157,9.8
2022,1712405,14.8
2022,1712454,10.2
2022,1712504,14.8
2022,1712702,15.8
2022,1712801,15.2
2022,1713205,12.6
2022,1713304,10.6
2022,1713601,15.2
2022,1713700,8.7
2022,1713809,14.4
2022,1713957,12.3
2022,1714203,9.4
2022,1714302,16.6
2022,1714880,18.7
2022,1715002,8.1
2022,1715101,10.6
2022,1715150,10.8
2022,1715259,17.9
2022,1715507,22.5
2022,1715705,19.7
2022,1715754,6.5
2022,1716109,6.4
2022,1716208,19.9
2022,1716307,17.2
2022,1716505,4.5
2022,1716604,16.9
2022,1716653,11.6
2022,1716703,10.7
2022,1717008,18.5
2022,1717206,13.5
2022,1717503,10.7
2022,1717800,18.9
2022,1717909,13.3
2022,1718006,15
2022,1718204,13.4
2022,1718303,14.8
2022,1718402,8.9
2022,1718451,7.7
2022,1718501,14.4
2022,1718550,18.8
2022,1718659,13.9
2022,1718709,21.5
2022,1718758,10.6
2022,1718808,17.8
2022,1718840,14.2
2022,1718865,17.8
2022,1718881,14.6
2022,1718899,12.2
2022,1718907,16.3
2022,1719004,14.3
2022,1720002,10.5
2022,1720101,16.5
2022,1720150,11.7
2022,1720200,20.2
2022,1720259,16.3
2022,1720309,12.4
2022,1720499,8.2
2022,1720655,10.9
2022,1720804,14.9
2022,1720853,12.7
2022,1720903,22.1
2022,1720937,23.7
2022,1720978,9.7
2022,1721000,4.5
2022,1721109,26.9
2022,1721208,18.8
2022,1721257,4.5
2022,1721307,16.3
2022,1722081,12.1
2022,1722107,9.3
2022,2100055,12.6
2022,2100105,23
2022,2100154,17.1
2022,2100204,17.6
2022,2100303,26
2022,2100402,25.4
2022,2100436,14.1
2022,2100477,4.2
2022,2100501,17.2
2022,2100550,18.2
2022,2100600,30.3
2022,2100709,19.4
2022,2100808,25
2022,2100832,23.6
2022,2100873,13.6
2022,2100907,23.7
2022,2100956,31.6
2022,2101004,8.2
2022,2101103,16.9
2022,2101202,11.5
2022,2101251,11.9
2022,2101301,10.3
2022,2101350,33.3
2022,2101400,16.7
2022,2101509,13.4
2022,2101608,26.5
2022,2101707,13.5
2022,2101731,17.9
2022,2101772,23.3
2022,2101806,22.1
2022,2101905,11.4
2022,2101939,17.7
2022,2101970,22.4
2022,2102002,24.4
2022,2102036,16.2
2022,2102077,18.4
2022,2102101,22.6
2022,2102150,14.6
2022,2102200,13.6
2022,2102309,9.7
2022,2102325,15.4
2022,2102358,26.5
2022,2102374,18.6
2022,2102408,16.2
2022,2102507,25.1
2022,2102556,10.4
2022,2102606,17.8
2022,2102705,25.9
2022,2102754,16.3
2022,2102804,23.8
2022,2102903,16.6
2022,2103000,15.2
2022,2103109,15.1
2022,2103125,13.9
2022,2103158,18.8
2022,2103174,23.6
2022,2103208,15.3
2022,2103257,17.4
2022,2103307,17.5
2022,2103406,20.1
2022,2103505,9.9
2022,2103554,26.4
2022,2103604,9.9
2022,2103703,15.5
2022,2103752,24.3
2022,2103802,12.7
2022,2103901,19.5
2022,2104008,17.6
2022,2104057,18.1
2022,2104073,22.5
2022,2104081,37.8
2022,2104099,11.7
2022,2104107,16.4
2022,2104206,16.2
2022,2104305,20.2
2022,2104404,13.9
2022,2104503,15.6
2022,2104552,29.1
2022,2104602,19
2022,2104628,24.9
2022,2104651,28.3
2022,2104677,20.6
2022,2104701,20
2022,2104800,23.4
2022,2104909,16.3
2022,2105005,17.4
2022,2105104,18
2022,2105153,22.5
2022,2105203,15.4
2022,2105302,14.1
2022,2105351,21.4
2022,2105401,14.6
2022,2105427,15.3
2022,2105450,17.5
2022,2105476,43.1
2022,2105500,15.1
2022,2105609,16.4
2022,2105658,13.5
2022,2105708,13.7
2022,2105807,11.1
2022,2105906,21.8
2022,2105922,3.7
2022,2105948,7.5
2022,2105963,17.1
2022,2105989,14.4
2022,2106003,16.2
2022,2106102,12
2022,2106201,17.4
2022,2106300,14.5
2022,2106326,22.1
2022,2106359,24.6
2022,2106375,28.3
2022,2106409,15.2
2022,2106508,11.3
2022,2106607,19.6
2022,2106631,21.2
2022,2106672,15
2022,2106706,17
2022,2106755,10.6
2022,2106805,17.1
2022,2106904,29
2022,2107001,30.3
2022,2107100,22.8
2022,2107209,12.6
2022,2107258,22.5
2022,2107308,18.4
2022,2107357,17.8
2022,2107407,28.2
2022,2107456,16.4
2022,2107506,11.5
2022,2107605,15
2022,2107704,23.8
2022,2107803,22.9
2022,2107902,11.4
2022,2108009,8.2
2022,2108058,13.9
2022,2108108,19.6
2022,2108207,15.8
2022,2108256,17.5
2022,2108306,14.7
2022,2108405,13.3
2022,2108454,17.3
2022,2108504,17.7
2022,2108603,9.6
2022,2108702,26
2022,2108801,16.4
2022,2108900,17
2022,2109007,9.4
2022,2109056,11
2022,2109106,15.7
2022,2109205,17.2
2022,2109239,18.7
2022,2109270,13.7
2022,2109304,15.9
2022,2109403,18.8
2022,2109452,14.5
2022,2109502,18.2
2022,2109551,20.6
2022,2109601,8.8
2022,2109700,16.2
2022,2109759,19.1
2022,2109809,27.5
2022,2109908,14.7
2022,2110005,14
2022,2110039,17
2022,2110104,21.4
2022,2110203,8.9
2022,2110237,19.8
2022,2110278,22.1
2022,2110302,14.3
2022,2110401,13.8
2022,2110500,14
2022,2110609,14.4
2022,2110658,18.4
2022,2110708,10.5
2022,2110807,30
2022,2110856,18.3
2022,2110906,18.8
2022,2111003,21.3
2022,2111029,21.4
2022,2111052,14.4
2022,2111078,19.5
2022,2111102,12.2
2022,2111201,10.2
2022,2111250,21.3
2022,2111300,15.2
2022,2111409,19.9
2022,2111508,12.4
2022,2111532,14.8
2022,2111573,17.2
2022,2111607,12
2022,2111631,27
2022,2111672,24.6
2022,2111706,13.9
2022,2111722,30.7
2022,2111748,21.2
2022,2111763,20.3
2022,2111789,17.9
2022,2111805,13.3
2022,2111904,13.6
2022,2111953,19.2
2022,2112001,18.6
2022,2112100,18.7
2022,2112209,10.2
2022,2112233,10.8
2022,2112274,20.2
2022,2112308,19.2
2022,2112407,15.1
2022,2112456,22.3
2022,2112506,17.8
2022,2112605,18
2022,2112704,10.1
2022,2112803,13.9
2022,2112852,15.8
2022,2112902,12.5
2022,2113009,15.7
2022,2114007,16.1
2022,2200053,12.7
2022,2200103,14.9
2022,2200202,6.7
2022,2200251,13.1
2022,2200277,10.8
2022,2200301,11.3
2022,2200400,11.7
2022,2200459,26.6
2022,2200509,14.9
2022,2200608,11.2
2022,2200707,18.7
2022,2200806,6.1
2022,2200905,18.5
2022,2200954,12.6
2022,2201002,20.4
2022,2201051,17.9
2022,2201101,20.3
2022,2201150,9.8
2022,2201176,15
2022,2201200,14.4
2022,2201309,46.3
2022,2201408,14.5
2022,2201507,24.3
2022,2201556,9.6
2022,2201572,1.4
2022,2201606,11.9
2022,2201705,26.5
2022,2201739,20.4
2022,2201770,22.3
2022,2201804,14.1
2022,2201903,14.2
2022,2201919,27.5
2022,2201929,18.8
2022,2201945,16.8
2022,2201960,11.6
2022,2201988,27.2
2022,2202000,19.2
2022,2202026,6.2
2022,2202059,6.9
2022,2202075,17.4
2022,2202083,22.5
2022,2202091,4.4
2022,2202109,28.1
2022,2202117,33.8
2022,2202133,5.4
2022,2202174,23.3
2022,2202208,10.2
2022,2202251,22.3
2022,2202307,22.9
2022,2202406,13
2022,2202455,31.1
2022,2202505,45.3
2022,2202539,22.7
2022,2202554,14.5
2022,2202604,7.6
2022,2202653,24.5
2022,2202703,20.5
2022,2202711,13.8
2022,2202729,7.1
2022,2202737,13.3
2022,2202752,21.1
2022,2202778,6.7
2022,2202802,17.5
2022,2202851,13.2
2022,2202901,25.5
2022,2203008,25.5
2022,2203107,23.6
2022,2203206,16
2022,2203230,33
2022,2203255,20.1
2022,2203271,19.5
2022,2203305,11.4
2022,2203354,31.7
2022,2203404,9.4
2022,2203420,6.7
2022,2203453,14.7
2022,2203503,21.4
2022,2203602,20.7
2022,2203701,21.4
2022,2203750,25.6
2022,2203800,26.6
2022,2203859,15.6
2022,2203909,15.1
2022,2204006,14
2022,2204105,19.6
2022,2204154,12.3
2022,2204204,16.3
2022,2204303,8.4
2022,2204352,18
2022,2204402,38.4
2022,2204501,14.1
2022,2204550,23.4
2022,2204600,9.9
2022,2204659,27.9
2022,2204709,8.9
2022,2204808,9.3
2022,2204907,13.2
2022,2205003,19.2
2022,2205102,21.4
2022,2205151,19.9
2022,2205201,16.3
2022,2205250,23.8
2022,2205276,13.7
2022,2205300,27.5
2022,2205359,15.8
2022,2205409,16.4
2022,2205458,18.9
2022,2205508,16.5
2022,2205516,18.6
2022,2205524,20.6
2022,2205532,33.7
2022,2205540,14.5
2022,2205557,14
2022,2205565,15.3
2022,2205573,22.2
2022,2205581,28.5
2022,2205599,16.5
2022,2205607,14.8
2022,2205706,27.2
2022,2205805,28.2
2022,2205854,9.2
2022,2205904,18.9
2022,2205953,9.7
2022,2206001,16
2022,2206050,28.9
2022,2206100,17.7
2022,2206209,26.8
2022,2206308,11.7
2022,2206357,27.4
2022,2206407,19.4
2022,2206506,16.8
2022,2206605,22
2022,2206654,24.1
2022,2206670,20.3
2022,2206696,25
2022,2206704,15.6
2022,2206720,15.3
2022,2206753,19.8
2022,2206803,32
2022,2206902,27.9
2022,2206951,18.4
2022,2207009,8.6
2022,2207108,10.7
2022,2207207,0.2
2022,2207306,25.4
2022,2207355,4.4
2022,2207405,30.5
2022,2207504,25.5
2022,2207553,29.4
2022,2207603,30.5
2022,2207702,25.5
2022,2207751,27.5
2022,2207777,19.7
2022,2207793,30
2022,2207801,20.8
2022,2207850,16.4
2022,2207900,17.8
2022,2207934,15
2022,2207959,18.9
2022,2208007,17.9
2022,2208106,20.9
2022,2208205,9.2
2022,2208304,7.4
2022,2208403,12.6
2022,2208502,19.8
2022,2208551,14.3
2022,2208601,15.2
2022,2208650,19.8
2022,2208700,27.1
2022,2208809,19.5
2022,2208858,25.8
2022,2208874,18.8
2022,2208908,10.1
2022,2209005,23.6
2022,2209104,14.4
2022,2209153,12.2
2022,2209203,18.8
2022,2209302,21.1
2022,2209351,9.1
2022,2209377,12.8
2022,2209401,25.7
2022,2209450,11.8
2022,2209500,11.3
2022,2209559,16.3
2022,2209609,15.1
2022,2209658,22.8
2022,2209708,13.7
2022,2209757,24.2
2022,2209807,14.4
2022,2209856,10.4
2022,2209872,17
2022,2209906,10.3
2022,2209955,22.1
2022,2209971,12
2022,2210003,14.8
2022,2210052,5.6
2022,2210102,15.8
2022,2210201,17.5
2022,2210300,16.5
2022,2210359,16.1
2022,2210375,9.6
2022,2210383,20.9
2022,2210391,29
2022,2210409,7.6
2022,2210508,14.5
2022,2210607,15.1
2022,2210623,34.7
2022,2210631,16.8
2022,2210656,13.9
2022,2210706,12.1
2022,2210805,11.5
2022,2210904,15.2
2022,2210938,22.5
2022,2210953,17.3
2022,2210979,22.8
2022,2211001,9.5
2022,2211100,20.4
2022,2211209,18.6
2022,2211308,19.9
2022,2211357,31
2022,2211407,19.1
2022,2211506,26.4
2022,2211605,9.5
2022,2211704,20.3
2022,2300101,3.9
2022,2300150,4.5
2022,2300200,4.7
2022,2300309,2.4
2022,2300408,7.5
2022,2300507,2.5
2022,2300606,0.1
2022,2300705,5
2022,2300754,8.9
2022,2300804,5.6
2022,2300903,6.7
2022,2301000,9.1
2022,2301109,7
2022,2301208,3.8
2022,2301257,6.8
2022,2301307,11.2
2022,2301406,4.1
2022,2301505,6.8
2022,2301604,2.8
2022,2301703,14
2022,2301802,5.7
2022,2301851,10.6
2022,2301901,5.1
2022,2301950,4.4
2022,2302008,10.7
2022,2302057,4
2022,2302107,12.6
2022,2302206,9.3
2022,2302305,3
2022,2302404,14.8
2022,2302503,5.6
2022,2302602,3.1
2022,2302701,6.3
2022,2302800,12.2
2022,2302909,5.3
2022,2303006,10.5
2022,2303105,1.5
2022,2303204,5.9
2022,2303303,6.5
2022,2303402,11.2
2022,2303501,4.3
2022,2303600,3.1
2022,2303659,1.7
2022,2303709,13.3
2022,2303808,9.1
2022,2303907,8.8
2022,2303931,7.1
2022,2303956,7.7
2022,2304004,1.5
2022,2304103,6.4
2022,2304202,7
2022,2304236,6.8
2022,2304251,2.5
2022,2304269,2.8
2022,2304277,5.6
2022,2304285,2.1
2022,2304301,2.6
2022,2304350,0.4
2022,2304400,10.8
2022,2304459,7
2022,2304509,4.3
2022,2304608,6.6
2022,2304657,6.6
2022,2304707,4.5
2022,2304806,7.9
2022,2304905,1.7
2022,2304954,12
2022,2305001,5.6
2022,2305100,5.6
2022,2305209,5
2022,2305233,5.5
2022,2305266,12.5
2022,2305308,6.8
2022,2305332,5.3
2022,2305357,11.5
2022,2305407,11.6
2022,2305506,4.7
2022,2305605,2.5
2022,2305654,3.7
2022,2305704,16.1
2022,2305803,13.1
2022,2305902,19.4
2022,2306009,3
2022,2306108,2.2
2022,2306207,4.3
2022,2306256,10.3
2022,2306306,5.2
2022,2306405,4.5
2022,2306504,5.7
2022,2306553,4.8
2022,2306603,9
2022,2306702,9.3
2022,2306801,4.7
2022,2306900,2.7
2022,2307007,3.5
2022,2307106,9.1
2022,2307205,3.9
2022,2307254,3
2022,2307304,10.2
2022,2307403,1.6
2022,2307502,15.3
2022,2307601,5.8
2022,2307635,13
2022,2307650,7.4
2022,2307700,6.7
2022,2307809,2.6
2022,2307908,5.3
2022,2308005,2.5
2022,2308104,6.3
2022,2308203,1
2022,2308302,7.4
2022,2308351,4.5
2022,2308377,5.4
2022,2308401,8
2022,2308500,10
2022,2308609,15.4
2022,2308708,15.4
2022,2308807,6.9
2022,2308906,2.1
2022,2309003,3
2022,2309102,4.7
2022,2309201,2.5
2022,2309300,9.3
2022,2309409,1.6
2022,2309458,4.9
2022,2309508,8.7
2022,2309607,14.2
2022,2309706,7.2
2022,2309805,7.7
2022,2309904,3.7
2022,2310001,4.7
2022,2310100,3.8
2022,2310209,2.9
2022,2310258,3.4
2022,2310308,4.2
2022,2310407,20.2
2022,2310506,3.7
2022,2310605,6.7
2022,2310704,4.8
2022,2310803,8.5
2022,2310852,3.8
2022,2310902,4.3
2022,2310951,2.3
2022,2311009,8.5
2022,2311108,1.9
2022,2311207,12.6
2022,2311231,3.6
2022,2311264,4.5
2022,2311306,5.8
2022,2311355,11.8
2022,2311405,6.7
2022,2311504,5.6
2022,2311603,3.6
2022,2311702,5.7
2022,2311801,5.1
2022,2311900,6
2022,2311959,8.2
2022,2312007,8.8
2022,2312106,8
2022,2312205,2.6
2022,2312304,9.1
2022,2312403,3.9
2022,2312502,3.5
2022,2312601,10.1
2022,2312700,5.4
2022,2312809,3.1
2022,2312908,2.1
2022,2313005,3
2022,2313104,5.1
2022,2313203,8.4
2022,2313252,6.6
2022,2313302,4
2022,2313351,7.5
2022,2313401,3.5
2022,2313500,4.6
2022,2313559,4.3
2022,2313609,3.6
2022,2313708,8.4
2022,2313757,5.6
2022,2313807,2.6
2022,2313906,4.4
2022,2313955,5.6
2022,2314003,4.3
2022,2314102,6.9
2022,2400109,7
2022,2400208,17.3
2022,2400307,20.5
2022,2400406,11.1
2022,2400505,21.6
2022,2400604,24.3
2022,2400703,7.8
2022,2400802,20
2022,2400901,28.8
2022,2401008,16.3
2022,2401107,18.4
2022,2401206,26.8
2022,2401305,24.4
2022,2401404,18.4
2022,2401453,27.3
2022,2401503,23.6
2022,2401602,31.4
2022,2401651,23.5
2022,2401701,26
2022,2401800,15.1
2022,2401859,29.8
2022,2401909,16
2022,2402006,11.4
2022,2402105,13.7
2022,2402204,25
2022,2402303,18.5
2022,2402402,4.9
2022,2402501,25.4
2022,2402600,26.1
2022,2402709,15.2
2022,2402808,24.4
2022,2402907,25.3
2022,2403004,3.3
2022,2403103,10.3
2022,2403202,12.5
2022,2403251,16.9
2022,2403301,17.3
2022,2403400,12.9
2022,2403509,25.1
2022,2403608,24.8
2022,2403707,17.2
2022,2403756,25.4
2022,2403806,12.1
2022,2403905,18.9
2022,2404002,20.5
2022,2404101,13.4
2022,2404200,23.5
2022,2404309,19.3
2022,2404408,23.1
2022,2404507,18
2022,2404606,22.3
2022,2404705,24.3
2022,2404804,8.9
2022,2404853,15.5
2022,2404903,10
2022,2405009,14.2
2022,2405108,6.3
2022,2405207,18.5
2022,2405306,22.8
2022,2405405,16.7
2022,2405504,24.6
2022,2405603,17.2
2022,2405702,11.8
2022,2405801,15.1
2022,2405900,30.7
2022,2406007,20.6
2022,2406106,18.4
2022,2406155,26.9
2022,2406205,17.2
2022,2406304,15.4
2022,2406403,34.6
2022,2406502,19.4
2022,2406601,24.1
2022,2406700,10.2
2022,2406809,20.8
2022,2406908,15.1
2022,2407005,23.8
2022,2407104,21.5
2022,2407203,20.8
2022,2407252,28.4
2022,2407302,19.5
2022,2407401,20.1
2022,2407500,23.5
2022,2407609,20.4
2022,2407708,21.7
2022,2407807,20.9
2022,2407906,26.9
2022,2408003,15.8
2022,2408102,18.1
2022,2408201,22
2022,2408300,17.3
2022,2408409,25.9
2022,2408508,8.8
2022,2408607,21.1
2022,2408706,27.3
2022,2408805,27.9
2022,2408904,15.6
2022,2408953,28
2022,2409100,15.8
2022,2409209,21.2
2022,2409308,25.3
2022,2409332,24
2022,2409407,11.4
2022,2409506,24.1
2022,2409605,19.5
2022,2409704,25.5
2022,2409803,21.3
2022,2409902,17
2022,2410009,21.5
2022,2410108,28
2022,2410207,19.7
2022,2410256,25.3
2022,2410306,23.6
2022,2410405,23.4
2022,2410504,26.8
2022,2410603,20.7
2022,2410702,19.2
2022,2410801,23.8
2022,2410900,18.6
2022,2411007,17.1
2022,2411056,18
2022,2411106,5.6
2022,2411205,13.5
2022,2411403,24
2022,2411429,10.1
2022,2411502,18.7
2022,2411601,24.9
2022,2411700,19.8
2022,2411809,17
2022,2411908,17.1
2022,2412005,21.8
2022,2412104,9.5
2022,2412203,23.8
2022,2412302,20.3
2022,2412401,3.9
2022,2412500,18.9
2022,2412559,27.4
2022,2412609,12.2
2022,2412708,25.5
2022,2412807,29.5
2022,2412906,25.8
2022,2413003,20.5
2022,2413102,26.5
2022,2413201,27
2022,2413300,23.9
2022,2413359,21.1
2022,2413409,13.8
2022,2413508,14.6
2022,2413557,18.9
2022,2413607,15.9
2022,2413706,12.2
2022,2413805,19.8
2022,2413904,19.5
2022,2414001,20
2022,2414100,16.6
2022,2414159,7.3
2022,2414209,22.7
2022,2414308,19.7
2022,2414407,25.1
2022,2414456,30.8
2022,2414506,15.5
2022,2414605,16.5
2022,2414704,21.8
2022,2414753,19
2022,2414803,17.8
2022,2414902,10.6
2022,2415008,32.7
2022,2500106,6.3
2022,2500205,15.2
2022,2500304,36.1
2022,2500403,21.5
2022,2500502,15.3
2022,2500536,19.3
2022,2500577,21.9
2022,2500601,20.2
2022,2500700,20.9
2022,2500734,13.5
2022,2500775,18.1
2022,2500809,22.6
2022,2500908,21.8
2022,2501005,16.7
2022,2501104,16.6
2022,2501153,17.9
2022,2501203,9.9
2022,2501302,19.6
2022,2501351,17.6
2022,2501401,24.4
2022,2501500,18.6
2022,2501534,8.8
2022,2501575,13.2
2022,2501609,21
2022,2501708,7.3
2022,2501807,25.7
2022,2501906,11.7
2022,2502003,18
2022,2502052,15
2022,2502102,17.9
2022,2502151,15.1
2022,2502201,16.5
2022,2502300,12
2022,2502409,22.1
2022,2502508,23.2
2022,2502607,14.4
2022,2502706,17.4
2022,2502805,8.9
2022,2502904,15.5
2022,2503001,17.1
2022,2503100,10.4
2022,2503209,20.8
2022,2503308,21.5
2022,2503407,14.2
2022,2503506,18.3
2022,2503555,26.3
2022,2503605,21.6
2022,2503704,16.9
2022,2503753,23.9
2022,2503803,25.3
2022,2503902,12
2022,2504009,16.3
2022,2504033,17.1
2022,2504074,21.8
2022,2504108,14.6
2022,2504157,19.1
2022,2504207,17.3
2022,2504306,17.3
2022,2504355,21.6
2022,2504405,14.3
2022,2504504,19.9
2022,2504603,19.2
2022,2504702,18.2
2022,2504801,24
2022,2504850,12.5
2022,2504900,26.4
2022,2505006,12.8
2022,2505105,7.7
2022,2505204,16.3
2022,2505238,24.9
2022,2505279,11.6
2022,2505303,19.2
2022,2505352,18.4
2022,2505402,19.1
2022,2505501,14.7
2022,2505600,20.2
2022,2505709,3.2
2022,2505808,19.5
2022,2505907,18.5
2022,2506004,6.6
2022,2506103,24.2
2022,2506202,8.8
2022,2506251,15.1
2022,2506301,15.8
2022,2506400,17.1
2022,2506509,10.4
2022,2506608,15.8
2022,2506707,23.2
2022,2506806,20.6
2022,2506905,15.6
2022,2507002,15.3
2022,2507101,21.4
2022,2507200,16.9
2022,2507309,22.6
2022,2507408,31.5
2022,2507507,17.1
2022,2507606,24.1
2022,2507705,19.3
2022,2507804,15.3
2022,2507903,16.9
2022,2508000,13.8
2022,2508109,19.3
2022,2508208,23
2022,2508307,15.7
2022,2508406,14.6
2022,2508505,18.5
2022,2508554,20.8
2022,2508604,25.2
2022,2508703,11.4
2022,2508802,16.1
2022,2508901,18.6
2022,2509008,15.8
2022,2509057,32.7
2022,2509107,18.9
2022,2509156,30
2022,2509206,15.6
2022,2509305,20.3
2022,2509339,21
2022,2509370,25.3
2022,2509396,18.9
2022,2509404,17.9
2022,2509503,15.7
2022,2509602,17.3
2022,2509701,6.2
2022,2509800,21.5
2022,2509909,13
2022,2510006,21.7
2022,2510105,15.5
2022,2510204,14.8
2022,2510303,17
2022,2510402,12.5
2022,2510501,17.5
2022,2510600,13.2
2022,2510659,11.3
2022,2510709,13.3
2022,2510808,14.6
2022,2510907,11.5
2022,2511004,12.1
2022,2511103,12.2
2022,2511202,17.7
2022,2511301,19.4
2022,2511400,8
2022,2511509,15.6
2022,2511608,19.9
2022,2511707,14.3
2022,2511806,20.3
2022,2511905,16.9
2022,2512002,19.5
2022,2512036,31.4
2022,2512077,14.3
2022,2512101,9.5
2022,2512200,16.2
2022,2512309,7
2022,2512408,16.7
2022,2512507,12.4
2022,2512606,11
2022,2512705,22.7
2022,2512721,32.9
2022,2512747,9.2
2022,2512754,13.4
2022,2512762,17.8
2022,2512788,21.9
2022,2512804,22.7
2022,2512903,25.8
2022,2513000,22.1
2022,2513109,22
2022,2513158,22.8
2022,2513208,12.8
2022,2513307,12.2
2022,2513356,13.5
2022,2513406,8.6
2022,2513505,15.1
2022,2513604,21.1
2022,2513653,14.4
2022,2513703,27.4
2022,2513802,9.9
2022,2513851,9
2022,2513901,21.9
2022,2513927,11.5
2022,2513943,11.1
2022,2513968,21.3
2022,2513984,8.5
2022,2514008,12.7
2022,2514107,16.3
2022,2514206,29
2022,2514305,18.2
2022,2514404,19.2
2022,2514453,24.7
2022,2514503,14.7
2022,2514552,11.5
2022,2514602,20.8
2022,2514651,23.1
2022,2514701,6
2022,2514800,18.7
2022,2514909,15.3
2022,2515005,30.1
2022,2515104,25.4
2022,2515203,8.1
2022,2515302,15
2022,2515401,12.7
2022,2515500,18.1
2022,2515609,17.2
2022,2515708,11.7
2022,2515807,24.9
2022,2515906,27.3
2022,2515930,18.3
2022,2515971,20.8
2022,2516003,21.3
2022,2516102,16.8
2022,2516151,16.7
2022,2516201,16
2022,2516300,10.1
2022,2516409,16.9
2022,2516508,21.4
2022,2516607,15.2
2022,2516706,18
2022,2516755,20
2022,2516805,18.2
2022,2516904,26.9
2022,2517001,11.3
2022,2517100,5.7
2022,2517209,14.9
2022,2517407,4.6
2022,2600054,16.6
2022,2600104,10.1
2022,2600203,7.8
2022,2600302,17.3
2022,2600401,18
2022,2600500,17.8
2022,2600609,23.7
2022,2600708,23
2022,2600807,18.8
2022,2600906,17
2022,2601003,17.3
2022,2601052,10.7
2022,2601102,14
2022,2601201,13.3
2022,2601300,20.4
2022,2601409,18.5
2022,2601508,9.9
2022,2601607,13.4
2022,2601706,20.9
2022,2601805,13.2
2022,2601904,14.8
2022,2602001,19.9
2022,2602100,17.7
2022,2602209,10.9
2022,2602308,8.3
2022,2602407,13.3
2022,2602506,11.5
2022,2602605,14.9
2022,2602704,17.9
2022,2602803,16.3
2022,2602902,13.1
2022,2603009,7.4
2022,2603108,10.4
2022,2603207,11.1
2022,2603306,13.3
2022,2603405,11.6
2022,2603454,16.8
2022,2603504,24.8
2022,2603603,15.8
2022,2603702,16.7
2022,2603801,13.2
2022,2603900,6.2
2022,2603926,29.9
2022,2604007,12.8
2022,2604106,18
2022,2604155,12
2022,2604205,20.9
2022,2604304,12.9
2022,2604403,12.8
2022,2604502,29.2
2022,2604601,17.6
2022,2604700,22.4
2022,2604809,18
2022,2604908,18.9
2022,2605004,15.8
2022,2605103,5.9
2022,2605152,5.6
2022,2605202,13.7
2022,2605301,12.8
2022,2605400,12.1
2022,2605459,6
2022,2605509,19.2
2022,2605608,7.6
2022,2605707,17.4
2022,2605806,26.1
2022,2605905,21.2
2022,2606002,17.3
2022,2606101,12
2022,2606200,20
2022,2606309,14
2022,2606408,20.9
2022,2606507,15.2
2022,2606606,18.4
2022,2606705,14.4
2022,2606804,15.5
2022,2606903,7.7
2022,2607000,20
2022,2607109,10.7
2022,2607208,11.6
2022,2607307,12.2
2022,2607406,15.8
2022,2607505,24.2
2022,2607604,15
2022,2607653,21.6
2022,2607703,12
2022,2607752,13
2022,2607802,21
2022,2607901,14.5
2022,2607950,21.9
2022,2608008,18
2022,2608057,15.5
2022,2608107,12.1
2022,2608206,20.4
2022,2608255,11.2
2022,2608305,11
2022,2608404,11.5
2022,2608453,12.9
2022,2608503,13.4
2022,2608602,18
2022,2608701,13.7
2022,2608750,11.1
2022,2608800,13.7
2022,2608909,12.5
2022,2609006,15.3
2022,2609105,9.6
2022,2609154,13.9
2022,2609204,18
2022,2609303,15.5
2022,2609402,17.5
2022,2609501,14.2
2022,2609600,19.1
2022,2609709,7.6
2022,2609808,9.7
2022,2609907,19.6
2022,2610004,17
2022,2610103,20.2
2022,2610202,9.5
2022,2610301,11.8
2022,2610400,6.9
2022,2610509,9.8
2022,2610608,15.8
2022,2610707,17
2022,2610806,14.5
2022,2610905,18.6
2022,2611002,11.2
2022,2611101,9.7
2022,2611200,12.6
2022,2611309,26.2
2022,2611408,16.8
2022,2611507,12.8
2022,2611533,7.7
2022,2611606,14.5
2022,2611705,13
2022,2611804,18.8
2022,2611903,11.9
2022,2612000,16.7
2022,2612109,14.6
2022,2612208,11.5
2022,2612307,13.5
2022,2612406,15.9
2022,2612455,15
2022,2612471,10.4
2022,2612505,18.2
2022,2612554,21.1
2022,2612604,15.5
2022,2612703,19.5
2022,2612802,14.3
2022,2612901,15
2022,2613008,11.8
2022,2613107,16
2022,2613206,10.8
2022,2613305,12.3
2022,2613404,18.3
2022,2613503,9.4
2022,2613602,8.1
2022,2613701,18.2
2022,2613800,17.4
2022,2613909,9.9
2022,2614006,12.5
2022,2614105,12
2022,2614204,16.4
2022,2614303,15.9
2022,2614402,8.7
2022,2614501,14.7
2022,2614600,7.1
2022,2614709,19.6
2022,2614808,12.8
2022,2614857,17.6
2022,2615003,12.8
2022,2615102,22.2
2022,2615201,10.6
2022,2615300,14.5
2022,2615409,16.7
2022,2615508,12.9
2022,2615607,10.6
2022,2615706,4.7
2022,2615805,33.5
2022,2615904,7.8
2022,2616001,11.7
2022,2616100,14.2
2022,2616183,19.9
2022,2616209,18.2
2022,2616308,16.6
2022,2616407,20.4
2022,2616506,13.2
2022,2700102,22.3
2022,2700201,11.4
2022,2700300,13.1
2022,2700409,13.1
2022,2700508,21.1
2022,2700607,14.8
2022,2700706,12.9
2022,2700805,11.3
2022,2700904,11.7
2022,2701001,11.2
2022,2701100,10.3
2022,2701209,6.4
2022,2701308,20.5
2022,2701357,16.7
2022,2701407,10
2022,2701506,24.9
2022,2701605,13.6
2022,2701704,19.5
2022,2701803,20.5
2022,2701902,15.2
2022,2702009,9.6
2022,2702108,14.7
2022,2702207,19.6
2022,2702306,5.2
2022,2702355,16.4
2022,2702405,19.1
2022,2702504,21.1
2022,2702553,12.2
2022,2702603,13.2
2022,2702702,9
2022,2702801,15.4
2022,2702900,17.1
2022,2703007,13.3
2022,2703106,12.3
2022,2703205,11.1
2022,2703304,17.1
2022,2703403,4.5
2022,2703502,12.6
2022,2703601,20.9
2022,2703700,18.8
2022,2703759,6.7
2022,2703809,17.8
2022,2703908,11.6
2022,2704005,11
2022,2704104,14.4
2022,2704203,12.9
2022,2704302,19
2022,2704401,8.3
2022,2704500,18.5
2022,2704609,15.4
2022,2704708,18.7
2022,2704807,14.5
2022,2704906,14.8
2022,2705002,14.5
2022,2705101,13.2
2022,2705200,11.8
2022,2705309,8.2
2022,2705408,18.6
2022,2705507,7.7
2022,2705606,48.6
2022,2705705,17.7
2022,2705804,19.2
2022,2705903,24.5
2022,2706000,14.2
2022,2706109,14
2022,2706208,7
2022,2706307,10.4
2022,2706406,5.9
2022,2706422,14.2
2022,2706448,24.7
2022,2706505,18.9
2022,2706604,15.3
2022,2706703,11.2
2022,2706802,10.1
2022,2706901,15.8
2022,2707008,13
2022,2707107,14.3
2022,2707206,16.3
2022,2707305,13.6
2022,2707404,17.2
2022,2707503,18.1
2022,2707602,19.7
2022,2707701,20.1
2022,2707800,18
2022,2707909,17.3
2022,2708006,18.7
2022,2708105,11.1
2022,2708204,16.9
2022,2708303,7.6
2022,2708402,15.6
2022,2708501,13.2
2022,2708600,14.1
2022,2708709,12.2
2022,2708808,16.5
2022,2708907,17.1
2022,2708956,19
2022,2709004,11.6
2022,2709103,11.4
2022,2709152,8.1
2022,2709202,24.4
2022,2709301,8.7
2022,2709400,13.9
2022,2800100,18.8
2022,2800209,17.7
2022,2800308,15.2
2022,2800407,15.6
2022,2800506,25.9
2022,2800605,21
2022,2800670,17.3
2022,2800704,19.2
2022,2801009,19.2
2022,2801108,20.9
2022,2801207,27.3
2022,2801306,18.8
2022,2801405,25.7
2022,2801504,20.4
2022,2801603,19.5
2022,2801702,14.7
2022,2801900,19.7
2022,2802007,19.3
2022,2802106,19.4
2022,2802205,21.4
2022,2802304,25.4
2022,2802403,21.7
2022,2802502,12.5
2022,2802601,19.4
2022,2802700,22
2022,2802809,23.6
2022,2802908,18.1
2022,2803005,15.4
2022,2803104,22
2022,2803203,18.9
2022,2803302,16.9
2022,2803401,26
2022,2803500,16.2
2022,2803609,16.7
2022,2803708,23.2
2022,2803807,17.8
2022,2803906,20.9
2022,2804003,21.3
2022,2804102,20.1
2022,2804201,24.1
2022,2804300,14.7
2022,2804409,16.7
2022,2804458,16.8
2022,2804508,19
2022,2804607,18.1
2022,2804706,11.5
2022,2804805,19
2022,2804904,16.7
2022,2805000,19.3
2022,2805109,19.3
2022,2805208,26.5
2022,2805307,19
2022,2805406,21.9
2022,2805505,14.9
2022,2805604,19.6
2022,2805703,11.6
2022,2805802,23.6
2022,2805901,21.7
2022,2806008,18.3
2022,2806107,21.5
2022,2806206,18.9
2022,2806305,28.1
2022,2806404,19.6
2022,2806503,18.2
2022,2806602,22.5
2022,2806701,16.7
2022,2806800,16.3
2022,2806909,18.8
2022,2807006,22.7
2022,2807105,20
2022,2807204,16.7
2022,2807303,18.4
2022,2807402,20.5
2022,2807501,17.1
2022,2807600,20.4
2022,2900108,17.8
2022,2900207,10.8
2022,2900306,28.5
2022,2900355,33
2022,2900405,31.1
2022,2900504,20.7
2022,2900603,29.8
2022,2900702,25
2022,2900801,27.9
2022,2900900,19.5
2022,2901007,18
2022,2901106,23.7
2022,2901155,8.6
2022,2901205,28.5
2022,2901304,14.9
2022,2901353,29.5
2022,2901403,15
2022,2901502,19.1
2022,2901601,22.4
2022,2901700,28.1
2022,2901809,16.6
2022,2901908,35.4
2022,2901957,25.5
2022,2902005,27.8
2022,2902054,18.3
2022,2902104,31.6
2022,2902203,18.5
2022,2902252,29.8
2022,2902302,36.3
2022,2902401,28
2022,2902500,18.9
2022,2902609,26.6
2022,2902658,20.5
2022,2902708,19.5
2022,2902807,14.5
2022,2902906,26.3
2022,2903003,9.9
2022,2903102,25.9
2022,2903201,23.8
2022,2903235,13.2
2022,2903276,20.9
2022,2903300,22
2022,2903409,26.8
2022,2903508,18.6
2022,2903607,31.6
2022,2903706,15.7
2022,2903805,17.8
2022,2903904,15.1
2022,2903953,25.1
2022,2904001,9.4
2022,2904050,11.8
2022,2904100,9.2
2022,2904209,17.8
2022,2904308,14.4
2022,2904407,14.4
2022,2904506,25.2
2022,2904605,12.6
2022,2904704,24
2022,2904753,11.8
2022,2904803,23.7
2022,2904852,20.8
2022,2904902,27.7
2022,2905008,9.8
2022,2905107,22
2022,2905156,19.8
2022,2905206,22.4
2022,2905305,11.6
2022,2905404,33.9
2022,2905503,12.6
2022,2905602,24.8
2022,2905701,18.6
2022,2905800,26.5
2022,2905909,24
2022,2906006,21.8
2022,2906105,15.7
2022,2906204,6.9
2022,2906303,32.4
2022,2906402,15.6
2022,2906501,24.9
2022,2906600,17.5
2022,2906709,26.6
2022,2906808,31.7
2022,2906824,22.8
2022,2906857,20.7
2022,2906873,17.6
2022,2906899,21.4
2022,2906907,22.9
2022,2907004,19.6
2022,2907103,14.4
2022,2907202,28.6
2022,2907301,9.7
2022,2907400,15.8
2022,2907509,15.7
2022,2907558,23.7
2022,2907608,20.2
2022,2907707,16.1
2022,2907806,12.1
2022,2907905,26.7
2022,2908002,25.8
2022,2908101,20
2022,2908200,23.1
2022,2908309,21.8
2022,2908408,19.5
2022,2908507,24.5
2022,2908606,29
2022,2908705,20.5
2022,2908804,25.7
2022,2908903,31.9
2022,2909000,12.7
2022,2909109,9.6
2022,2909208,23.8
2022,2909307,16.9
2022,2909406,15.8
2022,2909505,21
2022,2909604,20.2
2022,2909703,18.5
2022,2909802,20.8
2022,2909901,22.5
2022,2910008,30.7
2022,2910057,18
2022,2910107,25.7
2022,2910206,8.2
2022,2910305,16.8
2022,2910404,28
2022,2910503,29.7
2022,2910602,25.2
2022,2910701,28.4
2022,2910727,26.3
2022,2910750,20.8
2022,2910776,12.1
2022,2910800,26.1
2022,2910859,19.8
2022,2910909,30.8
2022,2911006,23.7
2022,2911105,14
2022,2911204,16.2
2022,2911253,19.4
2022,2911303,10.9
2022,2911402,20.4
2022,2911501,24.5
2022,2911600,19.4
2022,2911659,19.3
2022,2911709,19.7
2022,2911808,25.6
2022,2911857,25
2022,2911907,19.5
2022,2912004,19.3
2022,2912103,21.8
2022,2912202,20.9
2022,2912301,35
2022,2912400,13.9
2022,2912509,10.3
2022,2912608,18.9
2022,2912707,26.3
2022,2912806,23.4
2022,2912905,29
2022,2913002,9.6
2022,2913101,11
2022,2913200,13.8
2022,2913309,17.7
2022,2913408,17.6
2022,2913457,24.7
2022,2913507,22.8
2022,2913606,24.9
2022,2913705,27.8
2022,2913804,24
2022,2913903,20.9
2022,2914000,28.9
2022,2914109,22.7
2022,2914208,24
2022,2914307,26.7
2022,2914406,6.6
2022,2914505,25.2
2022,2914604,5.5
2022,2914653,28.8
2022,2914703,16
2022,2914802,22.1
2022,2914901,25.1
2022,2915007,8
2022,2915106,27.7
2022,2915205,21.6
2022,2915304,35.4
2022,2915353,17.9
2022,2915403,33
2022,2915502,32.9
2022,2915601,15.5
2022,2915700,30.4
2022,2915809,34.7
2022,2915908,22.8
2022,2916005,23.2
2022,2916104,22.6
2022,2916203,17.1
2022,2916302,29.8
2022,2916401,26.2
2022,2916500,25.5
2022,2916609,35.2
2022,2916708,18
2022,2916807,28.7
2022,2916856,10.8
2022,2916906,10.8
2022,2917003,28.3
2022,2917102,21.5
2022,2917201,17.8
2022,2917300,20.4
2022,2917334,14.6
2022,2917359,5.6
2022,2917409,7.3
2022,2917508,19.3
2022,2917607,18.1
2022,2917706,20.1
2022,2917805,29.3
2022,2917904,19.2
2022,2918001,18.5
2022,2918100,25.8
2022,2918209,23.2
2022,2918308,24.9
2022,2918357,10.8
2022,2918407,16.3
2022,2918456,20.7
2022,2918506,14.1
2022,2918555,25.3
2022,2918605,8.5
2022,2918704,8.2
2022,2918753,21.1
2022,2918803,22.5
2022,2918902,23
2022,2919009,20.2
2022,2919058,12.2
2022,2919108,29
2022,2919157,8.3
2022,2919207,19.3
2022,2919306,26.1
2022,2919405,5.6
2022,2919504,15.2
2022,2919553,15.6
2022,2919603,28.6
2022,2919702,20.5
2022,2919801,14.3
2022,2919900,15.2
2022,2919926,18.3
2022,2919959,21.1
2022,2920007,27.4
2022,2920106,21.2
2022,2920205,14.2
2022,2920304,18.5
2022,2920403,28
2022,2920452,14.6
2022,2920502,13
2022,2920601,22.5
2022,2920700,32.7
2022,2920809,15
2022,2920908,22.1
2022,2921005,12.1
2022,2921054,19
2022,2921104,27.8
2022,2921203,25.1
2022,2921302,18.4
2022,2921401,29.9
2022,2921450,21.5
2022,2921500,30.4
2022,2921609,17.6
2022,2921708,16.8
2022,2921807,9.7
2022,2921906,12.6
2022,2922003,19.1
2022,2922052,16.9
2022,2922102,11.9
2022,2922201,15.1
2022,2922250,25.5
2022,2922300,30
2022,2922409,17.9
2022,2922508,24.2
2022,2922607,26.9
2022,2922656,24.4
2022,2922706,32.3
2022,2922730,23
2022,2922755,28.1
2022,2922805,19.6
2022,2922854,15.5
2022,2922904,19.2
2022,2923001,18.8
2022,2923035,5
2022,2923050,19.6
2022,2923100,15.4
2022,2923209,15.6
2022,2923308,27.2
2022,2923357,22.1
2022,2923407,26.4
2022,2923506,17.7
2022,2923605,15.9
2022,2923704,22.6
2022,2923803,22.7
2022,2923902,26.1
2022,2924009,22
2022,2924058,20.5
2022,2924108,28.6
2022,2924207,24.1
2022,2924306,8.8
2022,2924405,36.1
2022,2924504,15.2
2022,2924603,19.3
2022,2924652,13.4
2022,2924678,33
2022,2924702,18.6
2022,2924801,20.4
2022,2924900,11.8
2022,2925006,21
2022,2925105,23.8
2022,2925204,15.5
2022,2925253,24.6
2022,2925303,26.2
2022,2925402,22.3
2022,2925501,27.5
2022,2925600,11.7
2022,2925709,25.9
2022,2925758,20.2
2022,2925808,25.8
2022,2925907,26.9
2022,2925931,15.5
2022,2925956,18.6
2022,2926004,29.5
2022,2926103,10.9
2022,2926202,22.5
2022,2926301,20
2022,2926400,9.3
2022,2926509,30.7
2022,2926608,16.5
2022,2926657,33.4
2022,2926707,15.2
2022,2926806,19.6
2022,2926905,19.2
2022,2927002,19.4
2022,2927101,20.5
2022,2927200,16.8
2022,2927309,21.1
2022,2927408,21.9
2022,2927507,30
2022,2927606,28.8
2022,2927705,25.2
2022,2927804,23.1
2022,2927903,16.1
2022,2928000,11.5
2022,2928059,26
2022,2928109,18.8
2022,2928208,9.9
2022,2928307,28.3
2022,2928406,17.3
2022,2928505,16.4
2022,2928604,22.9
2022,2928703,17.5
2022,2928802,22
2022,2928901,16.4
2022,2928950,18.2
2022,2929008,18.8
2022,2929057,11
2022,2929107,11
2022,2929206,21
2022,2929255,17.4
2022,2929305,28.7
2022,2929354,26.8
2022,2929370,22.7
2022,2929404,16.5
2022,2929503,19.7
2022,2929602,22.9
2022,2929701,44.9
2022,2929750,14.8
2022,2929800,25.6
2022,2929909,9.1
2022,2930006,12.1
2022,2930105,20.9
2022,2930154,11.8
2022,2930204,18.1
2022,2930303,8.9
2022,2930402,18.8
2022,2930501,31.5
2022,2930600,12.6
2022,2930709,27.4
2022,2930758,15.2
2022,2930766,38.4
2022,2930774,13.3
2022,2930808,3.8
2022,2930907,10.9
2022,2931004,20.3
2022,2931053,15.5
2022,2931103,31.7
2022,2931202,24.5
2022,2931301,10.7
2022,2931350,20.5
2022,2931400,26.5
2022,2931509,28.4
2022,2931608,29
2022,2931707,24.7
2022,2931806,23.8
2022,2931905,26.7
2022,2932002,17.6
2022,2932101,22.8
2022,2932200,24.8
2022,2932309,28.9
2022,2932408,11.4
2022,2932457,24.3
2022,2932507,23.9
2022,2932606,11.5
2022,2932705,26.9
2022,2932804,12
2022,2932903,30.9
2022,2933000,14.4
2022,2933059,36.1
2022,2933109,23.3
2022,2933158,20.2
2022,2933174,14.1
2022,2933208,25.1
2022,2933257,19.5
2022,2933307,18.9
2022,2933406,6.1
2022,2933455,19.1
2022,2933505,29
2022,2933604,18.6
2022,3100104,5
2022,3100203,8.8
2022,3100302,8.4
2022,3100401,8.6
2022,3100500,6.2
2022,3100609,6.9
2022,3100708,9.1
2022,3100807,4
2022,3100906,5.7
2022,3101003,7.2
2022,3101102,7
2022,3101201,15.7
2022,3101300,20.9
2022,3101409,2.9
2022,3101508,10
2022,3101607,5.5
2022,3101631,7.2
2022,3101706,14.2
2022,3101805,12.5
2022,3101904,2.9
2022,3102001,4.2
2022,3102050,19.3
2022,3102100,10.3
2022,3102209,6.3
2022,3102308,2.6
2022,3102407,6
2022,3102506,18.9
2022,3102605,4.8
2022,3102704,4.5
2022,3102803,8.3
2022,3102852,2.5
2022,3102902,3.8
2022,3103009,7.2
2022,3103108,9.9
2022,3103207,4.4
2022,3103306,19.4
2022,3103405,5.4
2022,3103504,5.5
2022,3103603,11.8
2022,3103702,9.6
2022,3103751,16.8
2022,3103801,4.2
2022,3103900,3.7
2022,3104007,9.3
2022,3104106,6.6
2022,3104205,2.6
2022,3104304,5.8
2022,3104403,12.4
2022,3104452,2.8
2022,3104502,5.7
2022,3104601,8.2
2022,3104700,10.5
2022,3104809,8.4
2022,3104908,8.2
2022,3105004,4.6
2022,3105103,3.4
2022,3105202,9.8
2022,3105301,8.3
2022,3105400,10.9
2022,3105509,8.9
2022,3105608,8.3
2022,3105707,11.6
2022,3105905,6.6
2022,3106002,3.5
2022,3106101,18.4
2022,3106200,7.2
2022,3106309,6.3
2022,3106408,10.7
2022,3106507,3.3
2022,3106606,28.8
2022,3106655,5.3
2022,3106705,7.8
2022,3106804,7.3
2022,3106903,15.2
2022,3107000,7.5
2022,3107109,4.6
2022,3107208,10.8
2022,3107307,3.6
2022,3107406,4.8
2022,3107505,14.3
2022,3107604,5.7
2022,3107703,9.9
2022,3107802,6.7
2022,3107901,8.5
2022,3108008,4.3
2022,3108107,13.8
2022,3108206,3.3
2022,3108255,7.2
2022,3108305,8.3
2022,3108404,4.4
2022,3108503,5.2
2022,3108552,8.4
2022,3108602,3.7
2022,3108701,7.1
2022,3108800,10.6
2022,3108909,6.9
2022,3109006,17
2022,3109105,6.5
2022,3109204,5.4
2022,3109253,1.9
2022,3109303,5.4
2022,3109402,9.2
2022,3109451,9.2
2022,3109501,4.3
2022,3109600,5.1
2022,3109709,4.6
2022,3109808,6.6
2022,3109907,4.8
2022,3110004,7.8
2022,3110103,16.4
2022,3110202,12.3
2022,3110301,6.6
2022,3110400,2.6
2022,3110509,6.9
2022,3110608,3
2022,3110707,7.3
2022,3110806,15.4
2022,3110905,9.1
2022,3111002,13.1
2022,3111101,7.7
2022,3111150,4.2
2022,3111200,3.5
2022,3111309,5.9
2022,3111408,17.8
2022,3111507,12
2022,3111606,5.5
2022,3111705,7.9
2022,3111804,9.9
2022,3111903,7
2022,3112000,7.2
2022,3112059,8.4
2022,3112109,6.7
2022,3112208,5.4
2022,3112307,2.3
2022,3112406,20.7
2022,3112505,2.9
2022,3112604,9.2
2022,3112653,12.2
2022,3112703,4.6
2022,3112802,5.1
2022,3112901,8.1
2022,3113008,12
2022,3113107,9.6
2022,3113206,5.7
2022,3113305,10.2
2022,3113404,7.5
2022,3113503,4.3
2022,3113602,8
2022,3113701,13.8
2022,3113800,11.6
2022,3113909,9.4
2022,3114006,3.4
2022,3114105,14.9
2022,3114204,5.4
2022,3114303,3.4
2022,3114402,3.1
2022,3114501,3
2022,3114550,8.6
2022,3114600,13.1
2022,3114709,6.1
2022,3114808,5.7
2022,3114907,8.6
2022,3115003,2.8
2022,3115102,6.3
2022,3115201,4.9
2022,3115300,6.2
2022,3115359,9.5
2022,3115409,6.1
2022,3115458,10.7
2022,3115474,2.6
2022,3115508,5.1
2022,3115607,4.9
2022,3115706,4.4
2022,3115805,7.4
2022,3115904,16.9
2022,3116001,3.6
2022,3116100,4
2022,3116159,5.3
2022,3116209,14.2
2022,3116308,5.1
2022,3116407,4.3
2022,3116506,4.4
2022,3116605,2.3
2022,3116704,7.3
2022,3116803,6
2022,3116902,11.6
2022,3117009,7.3
2022,3117108,6.3
2022,3117207,3.7
2022,3117306,8.9
2022,3117405,4.8
2022,3117504,7
2022,3117603,6.6
2022,3117702,8.9
2022,3117801,4.9
2022,3117836,3.9
2022,3117876,5.6
2022,3117900,6.4
2022,3118007,9.7
2022,3118106,15.4
2022,3118205,11.9
2022,3118304,8.9
2022,3118403,9.6
2022,3118502,5.8
2022,3118601,8.3
2022,3118700,9.9
2022,3118809,2.9
2022,3118908,6.3
2022,3119005,7.1
2022,3119104,7.6
2022,3119203,6.1
2022,3119302,3
2022,3119401,5.4
2022,3119500,4.6
2022,3119609,12.1
2022,3119708,12.1
2022,3119807,4.1
2022,3119906,5.2
2022,3119955,2.6
2022,3120003,7.9
2022,3120102,3.9
2022,3120151,17.3
2022,3120201,6.7
2022,3120300,3.5
2022,3120409,10.9
2022,3120508,5.1
2022,3120607,4.5
2022,3120706,6.9
2022,3120805,6.2
2022,3120839,28.7
2022,3120870,5.5
2022,3120904,9.2
2022,3121001,2.5
2022,3121100,2.3
2022,3121209,6.2
2022,3121258,11.2
2022,3121308,14
2022,3121407,4.2
2022,3121506,11.2
2022,3121605,5.9
2022,3121704,12.9
2022,3121803,3.7
2022,3121902,6.1
2022,3122009,15.6
2022,3122108,9.4
2022,3122207,7.2
2022,3122306,4.8
2022,3122355,6.3
2022,3122405,3.9
2022,3122454,15
2022,3122470,4
2022,3122504,5.7
2022,3122603,10.4
2022,3122702,2.1
2022,3122801,2.1
2022,3122900,9.8
2022,3123007,12.9
2022,3123106,9.8
2022,3123205,9.3
2022,3123304,5.2
2022,3123403,2.7
2022,3123502,4.2
2022,3123528,5.1
2022,3123601,11.1
2022,3123700,6.6
2022,3123809,4.9
2022,3123858,10.8
2022,3123908,10.2
2022,3124005,3.7
2022,3124104,11.6
2022,3124203,8.8
2022,3124302,4.4
2022,3124401,5.9
2022,3124500,5
2022,3124609,16.2
2022,3124708,9.9
2022,3124807,3.7
2022,3124906,9.4
2022,3125002,18.5
2022,3125101,7.7
2022,3125200,7.5
2022,3125309,11.6
2022,3125408,6.3
2022,3125507,2.1
2022,3125606,12.6
2022,3125705,9.7
2022,3125804,8.7
2022,3125903,4.6
2022,3125952,10.9
2022,3126000,7.7
2022,3126109,3
2022,3126208,5.5
2022,3126307,5.7
2022,3126406,5.9
2022,3126505,6.3
2022,3126604,3.8
2022,3126703,4
2022,3126752,8.1
2022,3126802,12.4
2022,3126901,13
2022,3126950,6
2022,3127008,5.6
2022,3127057,7.7
2022,3127073,4.5
2022,3127107,9.1
2022,3127206,8.4
2022,3127305,7.4
2022,3127339,2.4
2022,3127354,4.4
2022,3127370,14.4
2022,3127388,15.7
2022,3127404,9.9
2022,3127503,4.2
2022,3127602,4.6
2022,3127701,9
2022,3127800,6.6
2022,3127909,4.3
2022,3128006,4.3
2022,3128105,6.3
2022,3128204,8.5
2022,3128253,2.8
2022,3128303,10.8
2022,3128402,7.3
2022,3128501,14.4
2022,3128600,7
2022,3128709,7.4
2022,3128808,4.2
2022,3128907,10.2
2022,3129004,5
2022,3129103,8.4
2022,3129202,10.2
2022,3129301,6.5
2022,3129400,9.7
2022,3129509,10.7
2022,3129608,9.2
2022,3129657,2.6
2022,3129707,4.8
2022,3129806,6.2
2022,3129905,2.9
2022,3130002,6.6
2022,3130051,6.7
2022,3130101,8.4
2022,3130200,7.3
2022,3130309,4.8
2022,3130408,3.3
2022,3130507,3.4
2022,3130556,6.7
2022,3130606,7.3
2022,3130655,2.7
2022,3130705,20.1
2022,3130804,14.5
2022,3130903,5
2022,3131000,14.1
2022,3131109,8.5
2022,3131158,4.2
2022,3131208,3
2022,3131307,5
2022,3131406,6.4
2022,3131505,5.4
2022,3131604,6.6
2022,3131703,6.5
2022,3131802,14.3
2022,3131901,11.4
2022,3132008,3.7
2022,3132107,8
2022,3132206,4.4
2022,3132305,17.8
2022,3132404,7.1
2022,3132503,3.7
2022,3132602,7.4
2022,3132701,11.2
2022,3132800,3
2022,3132909,4.5
2022,3133006,8.4
2022,3133105,5.5
2022,3133204,10.4
2022,3133303,8.7
2022,3133402,11.6
2022,3133501,3.3
2022,3133600,14.1
2022,3133709,4.7
2022,3133758,5.5
2022,3133808,2.9
2022,3133907,7.6
2022,3134004,7.3
2022,3134103,6.4
2022,3134202,5.9
2022,3134301,7
2022,3134400,7.6
2022,3134509,10.3
2022,3134608,7.5
2022,3134707,12.1
2022,3134806,12.6
2022,3134905,7.7
2022,3135001,5.4
2022,3135050,4.3
2022,3135076,19.4
2022,3135100,4.1
2022,3135209,7.3
2022,3135308,1.6
2022,3135357,3.2
2022,3135407,5.8
2022,3135456,3.7
2022,3135506,5.7
2022,3135605,12.4
2022,3135704,8.2
2022,3135803,5.3
2022,3135902,13.2
2022,3136009,8.3
2022,3136108,5.8
2022,3136207,3
2022,3136306,3.8
2022,3136405,17.3
2022,3136504,9.2
2022,3136520,4
2022,3136553,3.3
2022,3136579,9.9
2022,3136603,16.2
2022,3136652,5.1
2022,3136702,9.7
2022,3136801,6.5
2022,3136900,14.3
2022,3136959,7.9
2022,3137007,18.2
2022,3137106,4.2
2022,3137205,2.7
2022,3137304,8.9
2022,3137403,7.6
2022,3137502,7
2022,3137536,5.3
2022,3137601,10.7
2022,3137700,8
2022,3137809,6.3
2022,3137908,5.8
2022,3138005,7.3
2022,3138104,4.5
2022,3138203,7
2022,3138302,3.3
2022,3138351,2.8
2022,3138401,7.4
2022,3138500,12.4
2022,3138609,9
2022,3138625,9.4
2022,3138658,4.6
2022,3138674,8.2
2022,3138682,5.5
2022,3138708,6.1
2022,3138807,2.5
2022,3138906,6.8
2022,3139003,4.9
2022,3139102,3.6
2022,3139201,9
2022,3139250,1.6
2022,3139300,8.3
2022,3139409,6.5
2022,3139508,11
2022,3139607,4.7
2022,3139706,10.1
2022,3139805,11.1
2022,3139904,6
2022,3140001,7.6
2022,3140100,9.9
2022,3140159,9.9
2022,3140209,9.1
2022,3140308,5.6
2022,3140407,3.4
2022,3140506,8.8
2022,3140530,12.9
2022,3140555,12.8
2022,3140605,7.8
2022,3140704,11.6
2022,3140803,11.5
2022,3140852,12.9
2022,3140902,5.2
2022,3141009,2.4
2022,3141108,3.8
2022,3141207,7.3
2022,3141306,4.6
2022,3141405,5.3
2022,3141504,2.5
2022,3141603,9.6
2022,3141702,5.1
2022,3141801,5.1
2022,3141900,15.6
2022,3142007,4.8
2022,3142106,9.6
2022,3142205,5.7
2022,3142254,3.1
2022,3142304,20
2022,3142403,2.5
2022,3142502,8.4
2022,3142601,3.1
2022,3142700,7.1
2022,3142809,14.1
2022,3142908,1.8
2022,3143005,6.1
2022,3143104,3.5
2022,3143153,6.2
2022,3143203,7.5
2022,3143302,5.5
2022,3143401,8
2022,3143450,5.2
2022,3143500,8.8
2022,3143609,3.9
2022,3143708,3.2
2022,3143807,7.1
2022,3143906,5.8
2022,3144003,4.5
2022,3144102,6.3
2022,3144201,3.1
2022,3144300,9.2
2022,3144359,4.5
2022,3144375,6.1
2022,3144409,3.8
2022,3144508,3.7
2022,3144607,5.8
2022,3144656,6.6
2022,3144672,8.1
2022,3144706,3.5
2022,3144805,10.7
2022,3144904,5.9
2022,3145000,4.9
2022,3145059,3.3
2022,3145109,4.5
2022,3145208,3.2
2022,3145307,8.5
2022,3145356,12.5
2022,3145372,2.8
2022,3145406,9.6
2022,3145455,3.3
2022,3145505,22.8
2022,3145604,3.6
2022,3145703,2.7
2022,3145802,6
2022,3145851,12
2022,3145877,6.8
2022,3145901,9.8
2022,3146008,3.2
2022,3146107,9.6
2022,3146206,10.4
2022,3146255,5.2
2022,3146305,11.8
2022,3146404,13.6
2022,3146503,3.1
2022,3146552,4.4
2022,3146602,2.9
2022,3146701,4.4
2022,3146750,10.4
2022,3146909,5.9
2022,3147006,6.3
2022,3147105,3.9
2022,3147204,4
2022,3147303,7.6
2022,3147402,5.5
2022,3147501,8.6
2022,3147600,5.6
2022,3147709,5.6
2022,3147808,17.4
2022,3147907,4.1
2022,3147956,4
2022,3148004,5.3
2022,3148103,5.7
2022,3148202,10
2022,3148301,6.3
2022,3148400,9.3
2022,3148509,9.4
2022,3148608,4.4
2022,3148707,7.4
2022,3148756,7.9
2022,3148806,18.3
2022,3148905,5.5
2022,3149002,6.6
2022,3149101,3.3
2022,3149150,5.7
2022,3149200,10.5
2022,3149309,3.4
2022,3149408,13.3
2022,3149507,20.4
2022,3149606,8
2022,3149705,5.2
2022,3149804,6.8
2022,3149903,3.5
2022,3149952,8.6
2022,3150000,8.5
2022,3150109,12.6
2022,3150158,9.3
2022,3150208,19
2022,3150307,2.8
2022,3150406,18.3
2022,3150505,4.5
2022,3150539,4
2022,3150570,5
2022,3150604,4.3
2022,3150703,15.9
2022,3150802,4.6
2022,3150901,12.9
2022,3151008,6.8
2022,3151107,7.2
2022,3151206,7.1
2022,3151305,11
2022,3151404,4.6
2022,3151503,3.9
2022,3151602,14.5
2022,3151701,3.1
2022,3151800,9.8
2022,3151909,6.8
2022,3152006,6.3
2022,3152105,13.6
2022,3152131,8.1
2022,3152170,4.9
2022,3152204,3.9
2022,3152303,5.2
2022,3152402,11.5
2022,3152501,6.6
2022,3152600,9.8
2022,3152709,12.4
2022,3152808,7
2022,3152907,6
2022,3153004,13.1
2022,3153103,3.6
2022,3153202,7.6
2022,3153301,3.5
2022,3153400,3.6
2022,3153509,5.1
2022,3153608,6
2022,3153707,5.6
2022,3153806,9.6
2022,3153905,9.5
2022,3154002,11.3
2022,3154101,9.5
2022,3154150,12.8
2022,3154200,7.5
2022,3154309,10.8
2022,3154408,5.6
2022,3154457,7.5
2022,3154507,4.1
2022,3154606,7.1
2022,3154705,11.4
2022,3154804,16.2
2022,3154903,17.7
2022,3155009,10.9
2022,3155108,9.6
2022,3155207,2.3
2022,3155306,8.4
2022,3155405,10.4
2022,3155504,10
2022,3155603,2.4
2022,3155702,4.7
2022,3155801,8.6
2022,3155900,22.7
2022,3156007,8.9
2022,3156106,11.7
2022,3156205,12.4
2022,3156304,11.8
2022,3156403,6.7
2022,3156452,5.8
2022,3156502,4.6
2022,3156601,13.1
2022,3156700,9.6
2022,3156809,7.8
2022,3156908,10.7
2022,3157005,3.2
2022,3157104,8.1
2022,3157203,5.6
2022,3157252,9
2022,3157278,19.7
2022,3157302,8.6
2022,3157336,14
2022,3157377,3.3
2022,3157401,11.1
2022,3157500,4.5
2022,3157609,6.6
2022,3157658,27.3
2022,3157708,6.7
2022,3157807,8.3
2022,3157906,9.8
2022,3158003,1.7
2022,3158102,5.6
2022,3158201,3.5
2022,3158300,4.3
2022,3158409,2.7
2022,3158508,7.4
2022,3158607,25.1
2022,3158706,7.1
2022,3158805,4.3
2022,3158904,8.4
2022,3158953,5.8
2022,3159001,8.7
2022,3159100,4.1
2022,3159209,4.2
2022,3159308,9.6
2022,3159357,11.2
2022,3159407,11.6
2022,3159506,6
2022,3159605,7.5
2022,3159704,7.2
2022,3159803,3.8
2022,3159902,6.3
2022,3160009,6.8
2022,3160108,16.7
2022,3160207,5.8
2022,3160306,11.1
2022,3160405,3.4
2022,3160454,2
2022,3160504,7.8
2022,3160603,4.9
2022,3160702,7.3
2022,3160801,10.8
2022,3160900,3
2022,3160959,6
2022,3161007,3.2
2022,3161056,5.1
2022,3161106,9.7
2022,3161205,7.8
2022,3161304,7.4
2022,3161403,6
2022,3161502,7.9
2022,3161601,3.9
2022,3161650,8.7
2022,3161700,9.3
2022,3161809,3
2022,3161908,6.2
2022,3162005,6.7
2022,3162104,9.9
2022,3162203,4.8
2022,3162252,5.8
2022,3162302,8.5
2022,3162401,11
2022,3162450,17.2
2022,3162500,8.9
2022,3162559,7.3
2022,3162575,5
2022,3162609,6
2022,3162658,2.9
2022,3162708,4.2
2022,3162807,4.6
2022,3162906,10.8
2022,3162922,14.6
2022,3162948,2.5
2022,3162955,8.7
2022,3163003,11.6
2022,3163102,5.4
2022,3163201,4.9
2022,3163300,8.6
2022,3163409,8.2
2022,3163508,9.3
2022,3163607,4.7
2022,3163706,9.7
2022,3163805,9.5
2022,3163904,5.8
2022,3164001,14.3
2022,3164100,9.5
2022,3164209,8.9
2022,3164308,2
2022,3164407,6.3
2022,3164431,7
2022,3164472,7.2
2022,3164506,3
2022,3164605,10.3
2022,3164704,7.2
2022,3164803,3.6
2022,3164902,8.6
2022,3165008,4.9
2022,3165107,14.9
2022,3165206,6.1
2022,3165305,10.9
2022,3165404,5
2022,3165503,9.8
2022,3165537,4.9
2022,3165552,8.5
2022,3165560,6.1
2022,3165578,7.8
2022,3165602,13.9
2022,3165701,6.5
2022,3165800,3.9
2022,3165909,4.2
2022,3166006,6.3
2022,3166105,11.7
2022,3166204,3
2022,3166303,7.3
2022,3166402,8.2
2022,3166501,9.2
2022,3166600,9.8
2022,3166709,9.6
2022,3166808,4.7
2022,3166907,8
2022,3166956,3
2022,3167004,9.2
2022,3167103,6.5
2022,3167202,5.5
2022,3167301,7.6
2022,3167400,8.4
2022,3167509,22.8
2022,3167608,6.7
2022,3167707,6.5
2022,3167806,13.6
2022,3167905,18.2
2022,3168002,2.9
2022,3168051,2.5
2022,3168101,17.1
2022,3168200,6.4
2022,3168309,7.2
2022,3168408,5.4
2022,3168507,11.8
2022,3168606,10.8
2022,3168705,5.4
2022,3168804,13.5
2022,3168903,5.1
2022,3169000,6.3
2022,3169059,5.6
2022,3169109,14.9
2022,3169208,6.5
2022,3169307,5.8
2022,3169356,3.6
2022,3169406,3.7
2022,3169505,8.1
2022,3169604,7.4
2022,3169703,5.1
2022,3169802,8.2
2022,3169901,7
2022,3170008,8.3
2022,3170057,6.9
2022,3170107,10.7
2022,3170206,9.7
2022,3170305,13.5
2022,3170404,5.6
2022,3170438,15.3
2022,3170479,3.1
2022,3170503,11.2
2022,3170529,5.1
2022,3170578,8.5
2022,3170602,6
2022,3170651,2.6
2022,3170701,7
2022,3170750,5.6
2022,3170800,6.8
2022,3170909,5.6
2022,3171006,2.5
2022,3171030,2.1
2022,3171071,2.4
2022,3171105,15
2022,3171154,5.8
2022,3171204,7.1
2022,3171303,8.4
2022,3171402,10.7
2022,3171501,13.3
2022,3171600,4.6
2022,3171709,4.4
2022,3171808,15.3
2022,3171907,4.4
2022,3172004,7.6
2022,3172103,8.5
2022,3172202,9.2
2022,3200102,12.5
2022,3200136,9.4
2022,3200169,10.7
2022,3200201,11.3
2022,3200300,11.3
2022,3200359,10.9
2022,3200409,19.4
2022,3200508,16
2022,3200607,9.6
2022,3200706,13.5
2022,3200805,10.4
2022,3200904,9.8
2022,3201001,9.3
2022,3201100,13.6
2022,3201159,11.9
2022,3201209,10.8
2022,3201308,12.2
2022,3201407,12.1
2022,3201506,10.5
2022,3201605,10.6
2022,3201704,12.3
2022,3201803,13
2022,3201902,9.6
2022,3202009,6.3
2022,3202108,8.8
2022,3202207,15.9
2022,3202256,8.3
2022,3202306,14.6
2022,3202405,13.3
2022,3202454,17.7
2022,3202504,10.4
2022,3202553,16.7
2022,3202603,11.8
2022,3202652,16.3
2022,3202702,8.2
2022,3202801,21.5
2022,3202900,9.4
2022,3203007,14.3
2022,3203056,13.4
2022,3203106,13.6
2022,3203130,11.5
2022,3203163,10.7
2022,3203205,15.1
2022,3203304,7.4
2022,3203320,18.6
2022,3203346,14.9
2022,3203353,9.6
2022,3203403,17.9
2022,3203502,15.8
2022,3203601,16.5
2022,3203700,11
2022,3203809,14.4
2022,3203908,8.6
2022,3204005,5.1
2022,3204054,12.7
2022,3204104,11.8
2022,3204203,21.3
2022,3204252,10.4
2022,3204302,14
2022,3204351,16.8
2022,3204401,17.4
2022,3204500,14.2
2022,3204559,12
2022,3204609,13
2022,3204658,12.1
2022,3204708,8.3
2022,3204807,13.4
2022,3204906,16.5
2022,3204955,7.9
2022,3205002,13.4
2022,3205010,11.8
2022,3205036,15.6
2022,3205069,11.4
2022,3205101,11.6
2022,3205150,6.9
2022,3205176,13.6
2022,3205200,11.7
2022,3205309,7.4
2022,3300100,17.8
2022,3300159,15.7
2022,3300209,19.5
2022,3300225,14.7
2022,3300233,24.3
2022,3300258,23.5
2022,3300308,24.1
2022,3300407,13.7
2022,3300456,24
2022,3300506,24.4
2022,3300605,10.3
2022,3300704,27.1
2022,3300803,29.4
2022,3300902,11.3
2022,3300936,14.4
2022,3300951,18.2
2022,3301009,24.6
2022,3301108,17.2
2022,3301157,29.8
2022,3301207,16.4
2022,3301306,15.6
2022,3301405,14.4
2022,3301504,14.1
2022,3301603,23.1
2022,3301702,25.2
2022,3301801,13.3
2022,3301850,18.8
2022,3301876,17.5
2022,3301900,21.3
2022,3302007,19.3
2022,3302056,22.6
2022,3302106,15.2
2022,3302205,11
2022,3302254,19.7
2022,3302270,19.8
2022,3302304,15.7
2022,3302403,17.2
2022,3302452,20.1
2022,3302502,18.9
2022,3302601,15.5
2022,3302700,12.8
2022,3302809,17.4
2022,3302858,18.2
2022,3302908,16.3
2022,3303005,11.4
2022,3303104,9.2
2022,3303203,15.6
2022,3303302,15.5
2022,3303401,21
2022,3303500,20.5
2022,3303609,17.3
2022,3303708,14.5
2022,3303807,15.8
2022,3303856,18.6
2022,3303906,19
2022,3303955,21.2
2022,3304003,13.9
2022,3304102,18.7
2022,3304110,8.6
2022,3304128,15.1
2022,3304144,17.8
2022,3304151,21
2022,3304201,11.6
2022,3304300,22.2
2022,3304409,15.4
2022,3304508,20.1
2022,3304524,14.3
2022,3304557,11
2022,3304607,26
2022,3304706,7.5
2022,3304755,27
2022,3304805,17.7
2022,3304904,25.8
2022,3305000,27.5
2022,3305109,23
2022,3305133,7.4
2022,3305158,19.7
2022,3305208,22.9
2022,3305307,24.5
2022,3305406,21.7
2022,3305505,22.5
2022,3305554,20.6
2022,3305604,21.1
2022,3305703,23
2022,3305752,22.9
2022,3305802,10.3
2022,3305901,17.8
2022,3306008,17
2022,3306107,22.9
2022,3306156,24.9
2022,3306206,19.2
2022,3306305,14.4
2022,3500105,2.4
2022,3500204,8.4
2022,3500303,9.5
2022,3500402,9.1
2022,3500501,13.3
2022,3500550,3.9
2022,3500600,3.6
2022,3500709,5.2
2022,3500758,8.7
2022,3500808,2.9
2022,3500907,3.1
2022,3501004,5.7
2022,3501103,1.9
2022,3501152,5.6
2022,3501202,3.2
2022,3501301,7
2022,3501400,2.9
2022,3501509,1.8
2022,3501608,3.1
2022,3501707,4.4
2022,3501806,4.5
2022,3501905,5
2022,3502002,4.8
2022,3502101,4
2022,3502200,5.5
2022,3502309,4.3
2022,3502408,4.4
2022,3502507,8.7
2022,3502606,4.5
2022,3502705,2.3
2022,3502754,10.2
2022,3502804,4.9
2022,3502903,3.2
2022,3503000,8.5
2022,3503109,4.7
2022,3503158,11
2022,3503208,2.9
2022,3503307,3
2022,3503356,2
2022,3503406,3.4
2022,3503505,3.4
2022,3503604,5.7
2022,3503703,2.4
2022,3503802,6.2
2022,3503901,3.4
2022,3503950,1.9
2022,3504008,3.3
2022,3504107,2.1
2022,3504206,2.2
2022,3504305,5.4
2022,3504404,10.4
2022,3504503,3.6
2022,3504602,5.7
2022,3504701,0.6
2022,3504800,4.8
2022,3504909,13.8
2022,3505005,1.2
2022,3505104,5.5
2022,3505203,3.3
2022,3505302,2.4
2022,3505351,1.7
2022,3505401,6.9
2022,3505500,9.9
2022,3505609,6.4
2022,3505708,5.2
2022,3505807,3.2
2022,3505906,5.4
2022,3506003,4.9
2022,3506102,4.3
2022,3506201,4.5
2022,3506300,3.7
2022,3506359,7
2022,3506409,5.1
2022,3506508,2.5
2022,3506607,6.9
2022,3506706,7.8
2022,3506805,7.6
2022,3506904,9
2022,3507001,3.4
2022,3507100,4
2022,3507159,3.2
2022,3507209,3.9
2022,3507308,3.1
2022,3507407,2.3
2022,3507456,10.2
2022,3507506,4.6
2022,3507605,5.4
2022,3507704,6.2
2022,3507753,4.1
2022,3507803,6.9
2022,3507902,5.6
2022,3508009,6.2
2022,3508108,1.7
2022,3508207,16.3
2022,3508306,4.5
2022,3508405,7.7
2022,3508504,6.4
2022,3508603,6.9
2022,3508702,4
2022,3508801,6.2
2022,3508900,4.4
2022,3509007,2.9
2022,3509106,9.4
2022,3509205,3.7
2022,3509254,3.2
2022,3509304,2.2
2022,3509403,4.4
2022,3509452,4
2022,3509502,5.4
2022,3509601,6.3
2022,3509700,3.8
2022,3509809,7
2022,3509908,8.1
2022,3509957,9.6
2022,3510005,1.5
2022,3510104,5.2
2022,3510153,1.9
2022,3510203,3.7
2022,3510302,2
2022,3510401,11.8
2022,3510500,4.1
2022,3510609,4.8
2022,3510708,7.7
2022,3510807,4.7
2022,3510906,12.7
2022,3511003,4.5
2022,3511102,2.6
2022,3511201,4.7
2022,3511300,7
2022,3511409,4.2
2022,3511508,2.4
2022,3511607,11.3
2022,3511706,4.5
2022,3511904,6.7
2022,3512001,4.8
2022,3512100,13.7
2022,3512209,5.7
2022,3512308,2.9
2022,3512407,10.8
2022,3512506,4.2
2022,3512605,3.4
2022,3512704,7.2
2022,3512803,10.4
2022,3512902,5.4
2022,3513009,6.4
2022,3513108,15.3
2022,3513207,7.7
2022,3513306,1.5
2022,3513405,4.9
2022,3513504,8.8
2022,3513603,6.6
2022,3513702,5.6
2022,3513801,3.4
2022,3513850,6.7
2022,3513900,2.6
2022,3514007,3.4
2022,3514106,2.7
2022,3514205,5.9
2022,3514304,4
2022,3514403,2.8
2022,3514502,3.3
2022,3514601,4.2
2022,3514700,4.8
2022,3514809,11
2022,3514908,8
2022,3514924,0.6
2022,3514957,1.3
2022,3515004,4.2
2022,3515103,2.6
2022,3515129,6.3
2022,3515152,9.8
2022,3515186,4.2
2022,3515194,3.2
2022,3515202,9.8
2022,3515301,3.3
2022,3515350,3.3
2022,3515400,1.8
2022,3515509,4.6
2022,3515608,3.1
2022,3515657,2.3
2022,3515707,5
2022,3515806,2.1
2022,3515905,8.4
2022,3516002,3.6
2022,3516101,1.2
2022,3516200,4.4
2022,3516309,3.9
2022,3516408,2.7
2022,3516507,2.6
2022,3516606,5
2022,3516705,4.2
2022,3516804,4.5
2022,3516853,2
2022,3516903,5.7
2022,3517000,8.3
2022,3517109,2.5
2022,3517208,6.8
2022,3517307,5.2
2022,3517406,4
2022,3517505,10.6
2022,3517604,1.8
2022,3517703,4.4
2022,3517802,4.7
2022,3517901,4.1
2022,3518008,5.3
2022,3518107,7.8
2022,3518206,3.4
2022,3518305,2.6
2022,3518404,6.3
2022,3518503,5.4
2022,3518602,3.8
2022,3518701,6.3
2022,3518800,3.7
2022,3518859,8.7
2022,3518909,4.6
2022,3519006,4
2022,3519055,3.8
2022,3519071,4
2022,3519105,2.4
2022,3519204,4.3
2022,3519253,10.5
2022,3519303,4.6
2022,3519402,2.9
2022,3519501,4.6
2022,3519600,3
2022,3519709,6.1
2022,3519808,4.6
2022,3519907,1.9
2022,3520004,5
2022,3520103,7.3
2022,3520202,11.1
2022,3520301,2.2
2022,3520400,5.1
2022,3520426,1.9
2022,3520442,4.5
2022,3520509,5.8
2022,3520608,2.6
2022,3520707,8.6
2022,3520806,5.7
2022,3520905,8.2
2022,3521002,6.8
2022,3521101,3.9
2022,3521150,4.9
2022,3521200,4.6
2022,3521309,4.9
2022,3521408,4.1
2022,3521507,5.3
2022,3521606,5.2
2022,3521705,1.5
2022,3521804,4
2022,3521903,2.8
2022,3522000,2.5
2022,3522109,7.7
2022,3522158,3.9
2022,3522208,5.6
2022,3522307,3.8
2022,3522406,2.9
2022,3522505,3.6
2022,3522604,11.9
2022,3522653,2
2022,3522703,2
2022,3522802,3.6
2022,3522901,6.5
2022,3523008,3.7
2022,3523107,6.4
2022,3523206,7.2
2022,3523305,4
2022,3523404,6.4
2022,3523503,8.8
2022,3523602,3.3
2022,3523701,5.5
2022,3523800,3.6
2022,3523909,4.2
2022,3524006,3.9
2022,3524105,13.9
2022,3524204,11.9
2022,3524303,3.8
2022,3524402,4.4
2022,3524501,6.4
2022,3524600,5
2022,3524709,2.6
2022,3524808,3.9
2022,3524907,8.7
2022,3525003,3.1
2022,3525102,7
2022,3525201,4.4
2022,3525300,7.9
2022,3525409,6.8
2022,3525508,4.9
2022,3525607,1.3
2022,3525706,4.1
2022,3525805,2.5
2022,3525854,7.9
2022,3525904,2
2022,3526001,1.4
2022,3526100,2.9
2022,3526209,4.6
2022,3526308,6.9
2022,3526407,7.3
2022,3526506,8.1
2022,3526605,5.6
2022,3526704,2.8
2022,3526803,6.8
2022,3526902,3.9
2022,3527009,12.7
2022,3527108,5.3
2022,3527207,8.8
2022,3527256,4.5
2022,3527306,4.5
2022,3527405,2.9
2022,3527504,3.1
2022,3527603,10.2
2022,3527702,10.5
2022,3527801,5.3
2022,3527900,6.3
2022,3528007,5
2022,3528106,2.5
2022,3528205,5
2022,3528304,1.2
2022,3528403,8.5
2022,3528502,3.8
2022,3528601,5.1
2022,3528700,3.7
2022,3528809,0.7
2022,3528858,2.2
2022,3528908,4.5
2022,3529005,2.3
2022,3529104,3.9
2022,3529203,2.3
2022,3529302,2.9
2022,3529401,3.6
2022,3529500,5.4
2022,3529609,5.8
2022,3529658,8.8
2022,3529708,9.1
2022,3529807,2.5
2022,3529906,5.9
2022,3530003,8.5
2022,3530102,2.5
2022,3530201,3.3
2022,3530300,4.3
2022,3530409,5.3
2022,3530508,5.3
2022,3530607,2.5
2022,3530706,4.9
2022,3530805,5.7
2022,3530904,7.9
2022,3531001,2
2022,3531100,7.8
2022,3531209,20
2022,3531308,2.1
2022,3531407,3.5
2022,3531506,3.5
2022,3531605,2.8
2022,3531704,11.5
2022,3531803,11.3
2022,3531902,13.1
2022,3532009,6.1
2022,3532058,9.9
2022,3532108,3
2022,3532157,0.3
2022,3532207,6.7
2022,3532306,3.8
2022,3532405,5.9
2022,3532504,8.7
2022,3532603,3.1
2022,3532702,7.7
2022,3532801,8.9
2022,3532827,4.3
2022,3532843,5.2
2022,3532868,1.4
2022,3532900,2.6
2022,3533007,4.3
2022,3533106,3
2022,3533205,6.4
2022,3533254,4.4
2022,3533304,3.8
2022,3533403,3.7
2022,3533502,1.4
2022,3533601,9
2022,3533700,4.1
2022,3533809,4.1
2022,3533908,3.7
2022,3534005,2.8
2022,3534104,2.3
2022,3534203,1.9
2022,3534302,4.2
2022,3534401,3.6
2022,3534500,4.1
2022,3534609,2.4
2022,3534708,4.3
2022,3534757,3.7
2022,3534807,1
2022,3534906,2.2
2022,3535002,6.1
2022,3535101,5.4
2022,3535200,3.8
2022,3535309,3.2
2022,3535408,7.2
2022,3535507,0.8
2022,3535606,7.9
2022,3535705,2.8
2022,3535804,3.8
2022,3535903,5.7
2022,3536000,5.8
2022,3536109,7.3
2022,3536208,5.7
2022,3536257,4
2022,3536307,5.1
2022,3536406,4.4
2022,3536505,6.4
2022,3536570,2.6
2022,3536604,5
2022,3536703,7.6
2022,3536802,10.5
2022,3536901,0.3
2022,3537008,13.5
2022,3537107,2
2022,3537156,0
2022,3537206,4
2022,3537305,3.7
2022,3537404,1.9
2022,3537503,13.3
2022,3537602,7.6
2022,3537701,4.1
2022,3537800,1.9
2022,3537909,4.1
2022,3538006,2.7
2022,3538105,8.1
2022,3538204,6.6
2022,3538303,6.5
2022,3538501,5.5
2022,3538600,11.2
2022,3538709,3.5
2022,3538808,3
2022,3538907,1.2
2022,3539004,3.1
2022,3539103,6.4
2022,3539202,3.8
2022,3539301,3.8
2022,3539400,4
2022,3539509,6.9
2022,3539608,6.4
2022,3539707,3.4
2022,3539806,4.4
2022,3539905,7.8
2022,3540002,2.4
2022,3540101,5.9
2022,3540200,4.9
2022,3540259,9.8
2022,3540309,2.7
2022,3540408,5.4
2022,3540507,6.4
2022,3540606,3.5
2022,3540705,12.7
2022,3540754,9.6
2022,3540804,4.7
2022,3540853,1.9
2022,3540903,6.1
2022,3541000,10
2022,3541059,3.4
2022,3541109,3
2022,3541208,5.7
2022,3541307,4.9
2022,3541406,5.9
2022,3541505,3.3
2022,3541604,4.9
2022,3541653,7.2
2022,3541703,1.3
2022,3541802,4.7
2022,3541901,10.7
2022,3542008,1.2
2022,3542107,6.9
2022,3542206,5.8
2022,3542305,5
2022,3542404,4
2022,3542503,4.5
2022,3542602,3.3
2022,3542701,8.9
2022,3542800,1.7
2022,3542909,4.8
2022,3543006,4.6
2022,3543105,9.8
2022,3543204,5.2
2022,3543238,1.8
2022,3543253,7.6
2022,3543303,3.5
2022,3543402,8.8
2022,3543501,4
2022,3543600,11.2
2022,3543709,4.3
2022,3543808,3.2
2022,3543907,5.4
2022,3544004,11.4
2022,3544103,4.5
2022,3544202,3.7
2022,3544251,3
2022,3544301,7.2
2022,3544400,4.3
2022,3544509,3.1
2022,3544608,10
2022,3544707,5.9
2022,3544806,5.1
2022,3544905,4.5
2022,3545001,8
2022,3545100,4.7
2022,3545159,6.5
2022,3545209,3.5
2022,3545308,4.5
2022,3545407,5.8
2022,3545506,5.3
2022,3545605,3.5
2022,3545704,3.7
2022,3545803,2.8
2022,3546009,10.6
2022,3546108,5
2022,3546207,7.5
2022,3546256,5.8
2022,3546306,1.8
2022,3546405,1.9
2022,3546504,1.6
2022,3546603,3.2
2022,3546702,6.6
2022,3546801,6.7
2022,3546900,3.3
2022,3547007,8.2
2022,3547106,2.1
2022,3547205,1.3
2022,3547304,4.1
2022,3547403,3.3
2022,3547502,5
2022,3547601,4.9
2022,3547650,2
2022,3547700,4.2
2022,3547809,4.3
2022,3547908,6
2022,3548005,18.6
2022,3548054,5
2022,3548104,7
2022,3548203,6.1
2022,3548302,7.5
2022,3548401,5
2022,3548500,5.7
2022,3548609,4.6
2022,3548708,5.8
2022,3548807,3.9
2022,3548906,3.5
2022,3549003,3
2022,3549102,3.1
2022,3549201,7.1
2022,3549250,3.4
2022,3549300,1.4
2022,3549409,3.3
2022,3549508,10.6
2022,3549607,7.5
2022,3549706,4.8
2022,3549805,4.2
2022,3549904,3
2022,3549953,2.7
2022,3550001,8.2
2022,3550100,4
2022,3550209,4.1
2022,3550308,5.8
2022,3550407,9.7
2022,3550506,9.9
2022,3550605,8.2
2022,3550704,4.6
2022,3550803,6.7
2022,3550902,8.8
2022,3551009,13
2022,3551108,3.9
2022,3551207,2.5
2022,3551306,3.1
2022,3551405,13.3
2022,3551504,9.5
2022,3551603,2.2
2022,3551702,10.7
2022,3551801,5.8
2022,3551900,5.7
2022,3552007,8.9
2022,3552106,1.7
2022,3552205,3.3
2022,3552304,2.2
2022,3552403,5.1
2022,3552502,3.9
2022,3552551,8.1
2022,3552601,5.7
2022,3552700,2.6
2022,3552809,3.6
2022,3552908,8.6
2022,3553005,1.9
2022,3553104,6.3
2022,3553203,1.8
2022,3553302,4.3
2022,3553401,2.3
2022,3553500,4.9
2022,3553609,6
2022,3553658,3.9
2022,3553708,2.9
2022,3553807,4.1
2022,3553856,4.2
2022,3553906,1.9
2022,3553955,3.7
2022,3554003,3.8
2022,3554102,4.3
2022,3554201,4.9
2022,3554300,2.2
2022,3554409,1
2022,3554508,4.1
2022,3554607,5.8
2022,3554656,8.3
2022,3554706,3.3
2022,3554755,9.9
2022,3554805,7
2022,3554904,5.4
2022,3554953,2.9
2022,3555000,2.6
2022,3555109,2.7
2022,3555208,2.8
2022,3555307,6
2022,3555356,6.2
2022,3555406,5.6
2022,3555505,6.3
2022,3555604,11
2022,3555703,4.5
2022,3555802,2.8
2022,3555901,2.4
2022,3556008,1.3
2022,3556107,3.6
2022,3556206,9.1
2022,3556305,2.7
2022,3556354,9
2022,3556404,4.1
2022,3556453,4.7
2022,3556503,3.4
2022,3556602,2.1
2022,3556701,8
2022,3556800,2.5
2022,3556909,5.8
2022,3556958,2.3
2022,3557006,2.2
2022,3557105,3.1
2022,3557154,6.8
2022,3557204,4
2022,3557303,8
2022,4100103,14
2022,4100202,2
2022,4100301,11.2
2022,4100400,14.2
2022,4100459,4.9
2022,4100509,9.2
2022,4100608,15.9
2022,4100707,9
2022,4100806,13.2
2022,4100905,13.1
2022,4101002,6
2022,4101051,3.4
2022,4101101,6.5
2022,4101150,9.8
2022,4101200,18.6
2022,4101309,6.4
2022,4101408,5.4
2022,4101507,4.9
2022,4101606,7.3
2022,4101655,10.1
2022,4101705,8.1
2022,4101804,8.7
2022,4101853,10.2
2022,4101903,14.1
2022,4102000,6.4
2022,4102109,3
2022,4102208,5.4
2022,4102307,11.5
2022,4102406,6.3
2022,4102505,7.3
2022,4102604,5.1
2022,4102703,7.1
2022,4102752,6.6
2022,4102802,17.1
2022,4102901,7.6
2022,4103008,7.8
2022,4103024,1
2022,4103040,9.9
2022,4103057,3.8
2022,4103107,16.8
2022,4103156,4.5
2022,4103206,13.5
2022,4103222,2.9
2022,4103305,7
2022,4103354,5.1
2022,4103370,8.7
2022,4103404,7.3
2022,4103453,5.9
2022,4103479,11.4
2022,4103503,9.8
2022,4103602,14.9
2022,4103701,15.2
2022,4103800,11.5
2022,4103909,16.3
2022,4103958,10.8
2022,4104006,8.4
2022,4104055,9.5
2022,4104105,8.7
2022,4104204,8.1
2022,4104253,10.2
2022,4104303,10.9
2022,4104402,14.2
2022,4104428,10.8
2022,4104451,8.5
2022,4104501,7.5
2022,4104600,5.4
2022,4104659,5.4
2022,4104709,10.5
2022,4104808,3.6
2022,4104907,5.3
2022,4105003,5.9
2022,4105102,7.1
2022,4105201,8.8
2022,4105300,7.7
2022,4105409,3.9
2022,4105508,6.5
2022,4105607,10.7
2022,4105706,10.8
2022,4105805,13.1
2022,4105904,7.5
2022,4106001,11.5
2022,4106100,4.9
2022,4106209,13.4
2022,4106308,6.6
2022,4106407,8.3
2022,4106456,11
2022,4106506,5.6
2022,4106555,11.5
2022,4106571,12.9
2022,4106605,6.1
2022,4106704,8.9
2022,4106803,6.9
2022,4106852,12.9
2022,4106902,4.2
2022,4107009,7.6
2022,4107108,6.8
2022,4107124,9.9
2022,4107157,10.5
2022,4107207,3.9
2022,4107256,4.2
2022,4107306,5.2
2022,4107405,4.3
2022,4107504,5
2022,4107520,6.6
2022,4107538,6.4
2022,4107546,11.6
2022,4107553,9.5
2022,4107603,6.8
2022,4107652,6.3
2022,4107702,11.6
2022,4107736,6.9
2022,4107751,11
2022,4107801,9.5
2022,4107850,4.2
2022,4107900,9.8
2022,4108007,12
2022,4108106,9.8
2022,4108205,4.9
2022,4108304,7.9
2022,4108320,17.1
2022,4108403,4.5
2022,4108452,18.6
2022,4108502,8.9
2022,4108551,4.7
2022,4108601,12.2
2022,4108650,9.5
2022,4108700,15.6
2022,4108809,10.1
2022,4108908,19.3
2022,4108957,3.1
2022,4109005,10.2
2022,4109104,9.3
2022,4109203,11.4
2022,4109302,7.3
2022,4109401,7.4
2022,4109500,17.9
2022,4109609,11.4
2022,4109658,5.7
2022,4109708,9.4
2022,4109757,8.1
2022,4109807,12.7
2022,4109906,12.8
2022,4110003,8.7
2022,4110052,3
2022,4110078,7.8
2022,4110102,7.8
2022,4110201,11.1
2022,4110300,9.8
2022,4110409,10.8
2022,4110508,12.2
2022,4110607,11
2022,4110656,13.9
2022,4110706,5.4
2022,4110805,12.5
2022,4110904,11.2
2022,4110953,10.9
2022,4111001,9.3
2022,4111100,12.3
2022,4111209,5.2
2022,4111258,14.5
2022,4111308,14.4
2022,4111407,4.7
2022,4111506,6.2
2022,4111555,3.2
2022,4111605,6.3
2022,4111704,11.2
2022,4111803,10.8
2022,4111902,16.9
2022,4112009,2.8
2022,4112108,7.2
2022,4112207,9
2022,4112306,8.3
2022,4112405,4.2
2022,4112504,6.1
2022,4112603,13.1
2022,4112702,13.4
2022,4112751,9.2
2022,4112801,15.8
2022,4112900,13.1
2022,4112959,9.4
2022,4113007,10.1
2022,4113106,7.8
2022,4113205,6
2022,4113254,13.9
2022,4113304,13.6
2022,4113403,11.3
2022,4113429,4.2
2022,4113452,8.8
2022,4113502,11.7
2022,4113601,6.9
2022,4113700,7.8
2022,4113734,17.1
2022,4113759,3.4
2022,4113809,9.4
2022,4113908,3.6
2022,4114005,9.3
2022,4114104,8.3
2022,4114203,4.6
2022,4114302,7.2
2022,4114351,4
2022,4114401,5.8
2022,4114500,14.2
2022,4114609,7.8
2022,4114708,10.8
2022,4114807,10.1
2022,4114906,13.2
2022,4115002,7.2
2022,4115101,14.2
2022,4115200,6.9
2022,4115309,8.8
2022,4115358,9.4
2022,4115408,3.5
2022,4115457,7.7
2022,4115507,14.4
2022,4115606,5.7
2022,4115705,11.3
2022,4115739,14.1
2022,4115754,20.4
2022,4115804,7.2
2022,4115853,7.3
2022,4115903,7.7
2022,4116000,11.7
2022,4116059,4.9
2022,4116109,12.8
2022,4116208,13.9
2022,4116307,10
2022,4116406,9.3
2022,4116505,9.2
2022,4116604,8.8
2022,4116703,4.8
2022,4116802,16.5
2022,4116901,7.7
2022,4116950,3.1
2022,4117008,10.1
2022,4117057,16.2
2022,4117107,6.1
2022,4117206,6.8
2022,4117214,15.3
2022,4117222,5
2022,4117255,7.9
2022,4117271,8.7
2022,4117297,8
2022,4117305,8.3
2022,4117404,12.3
2022,4117453,6.2
2022,4117503,14.4
2022,4117602,11
2022,4117701,7.6
2022,4117800,7.1
2022,4117909,6.3
2022,4118006,7.4
2022,4118105,8
2022,4118204,10.8
2022,4118303,5.7
2022,4118402,6
2022,4118451,10
2022,4118501,4.4
2022,4118600,11.2
2022,4118709,11.5
2022,4118808,9.1
2022,4118857,9.8
2022,4118907,7.7
2022,4119004,3.8
2022,4119103,8.3
2022,4119152,8.9
2022,4119202,8.7
2022,4119251,7.7
2022,4119301,10.2
2022,4119400,6.5
2022,4119509,9.2
2022,4119608,5.4
2022,4119657,9.6
2022,4119707,13.7
2022,4119806,4.7
2022,4119905,3.4
2022,4119954,12.2
2022,4120002,6.7
2022,4120101,10.5
2022,4120150,6.8
2022,4120200,17.5
2022,4120309,8.7
2022,4120333,16.1
2022,4120358,6
2022,4120408,6.2
2022,4120507,8
2022,4120606,5.1
2022,4120655,8.8
2022,4120705,9.8
2022,4120804,7.3
2022,4120853,5.5
2022,4120903,8.5
2022,4121000,17.4
2022,4121109,14.7
2022,4121208,7
2022,4121257,11.7
2022,4121307,12.1
2022,4121356,15.3
2022,4121406,4.9
2022,4121505,6.8
2022,4121604,3.7
2022,4121703,7.6
2022,4121752,13.8
2022,4121802,8.1
2022,4121901,11.6
2022,4122008,4.2
2022,4122107,3.6
2022,4122156,12.2
2022,4122172,8.9
2022,4122206,9
2022,4122305,4.6
2022,4122404,10.1
2022,4122503,5.2
2022,4122602,8.1
2022,4122651,6.3
2022,4122701,7.8
2022,4122800,2.1
2022,4122909,5.1
2022,4123006,5.9
2022,4123105,12.1
2022,4123204,7.2
2022,4123303,13.4
2022,4123402,3.9
2022,4123501,9.6
2022,4123600,3.8
2022,4123709,14.2
2022,4123808,7.4
2022,4123824,8.3
2022,4123857,10.2
2022,4123907,11.5
2022,4123956,10
2022,4124004,13.6
2022,4124020,8.7
2022,4124053,5.5
2022,4124103,17.6
2022,4124202,19.1
2022,4124301,5.8
2022,4124400,10
2022,4124509,14.3
2022,4124608,7.3
2022,4124707,8.3
2022,4124806,6.2
2022,4124905,16.9
2022,4125001,9.3
2022,4125100,11.1
2022,4125209,2.8
2022,4125308,3.7
2022,4125357,4.2
2022,4125407,7.8
2022,4125456,11.8
2022,4125506,8.9
2022,4125555,6.3
2022,4125605,5.9
2022,4125704,10
2022,4125753,7.1
2022,4125803,9.8
2022,4125902,18.8
2022,4126009,4.8
2022,4126108,4.6
2022,4126207,17.6
2022,4126256,13
2022,4126272,6.2
2022,4126306,9.4
2022,4126355,4.7
2022,4126405,11.6
2022,4126504,13.9
2022,4126603,11.2
2022,4126652,6.6
2022,4126678,24.6
2022,4126702,8.3
2022,4126801,4.1
2022,4126900,10.8
2022,4127007,10.8
2022,4127106,7.1
2022,4127205,5.3
2022,4127304,13.7
2022,4127403,11.2
2022,4127502,13.5
2022,4127601,13.1
2022,4127700,3.9
2022,4127809,8.8
2022,4127858,5.1
2022,4127882,10.9
2022,4127908,7.1
2022,4127957,9.1
2022,4127965,15.9
2022,4128005,6.3
2022,4128104,6.2
2022,4128203,6.5
2022,4128302,9.2
2022,4128401,6.1
2022,4128500,11
2022,4128534,12.8
2022,4128559,7.3
2022,4128609,3.4
2022,4128625,10.6
2022,4128633,8.2
2022,4128658,13.3
2022,4128708,2.7
2022,4128807,9.9
2022,4200051,8.2
2022,4200101,7.6
2022,4200200,8.4
2022,4200309,13.8
2022,4200408,12.4
2022,4200507,12.2
2022,4200556,6.3
2022,4200606,7.9
2022,4200705,6.6
2022,4200754,9.6
2022,4200804,8.5
2022,4200903,18.9
2022,4201000,6.5
2022,4201109,20.2
2022,4201208,7.3
2022,4201257,6.9
2022,4201273,13.4
2022,4201307,10.5
2022,4201406,9.4
2022,4201505,11.5
2022,4201604,11.9
2022,4201653,4.5
2022,4201703,9.7
2022,4201802,7.2
2022,4201901,6.7
2022,4201950,14.8
2022,4202008,11.9
2022,4202057,16.1
2022,4202073,14.6
2022,4202081,6.7
2022,4202099,5.1
2022,4202107,10.3
2022,4202131,5
2022,4202156,14.9
2022,4202206,7.3
2022,4202305,16.9
2022,4202404,9.7
2022,4202438,13.8
2022,4202453,8.6
2022,4202503,14.3
2022,4202537,12.8
2022,4202578,8.8
2022,4202602,16.9
2022,4202701,12.4
2022,4202800,10
2022,4202859,9.5
2022,4202875,8.8
2022,4202909,9.1
2022,4203006,13.9
2022,4203105,7.7
2022,4203154,17.9
2022,4203204,17.3
2022,4203253,15.2
2022,4203303,5.4
2022,4203402,9.5
2022,4203501,6
2022,4203600,10.9
2022,4203709,13.4
2022,4203808,3.5
2022,4203907,17.8
2022,4203956,11.6
2022,4204004,13.1
2022,4204103,4.7
2022,4204152,6.8
2022,4204178,11.6
2022,4204194,11.1
2022,4204202,6.6
2022,4204251,5.3
2022,4204301,7
2022,4204350,2.6
2022,4204400,4.3
2022,4204459,5.5
2022,4204509,7.1
2022,4204558,9.8
2022,4204608,5.5
2022,4204707,12.4
2022,4204756,9.7
2022,4204806,6.9
2022,4204905,12
2022,4205001,7.6
2022,4205100,10.6
2022,4205159,9.6
2022,4205175,11.5
2022,4205191,6.6
2022,4205209,8.9
2022,4205308,11.7
2022,4205357,10.5
2022,4205407,10.4
2022,4205431,8.5
2022,4205456,9.6
2022,4205506,9.2
2022,4205555,6
2022,4205605,3.2
2022,4205704,7.7
2022,4205803,10.8
2022,4205902,8.5
2022,4206009,14.3
2022,4206108,7.7
2022,4206207,13.4
2022,4206306,7.3
2022,4206405,3.2
2022,4206504,7
2022,4206603,7.3
2022,4206652,8.7
2022,4206702,13.1
2022,4206751,7.3
2022,4206801,9.7
2022,4206900,9.3
2022,4207007,9.5
2022,4207106,9
2022,4207205,15.4
2022,4207304,14.2
2022,4207403,8.3
2022,4207502,8.8
2022,4207577,11.3
2022,4207601,7.9
2022,4207650,7.5
2022,4207684,12.6
2022,4207700,6.1
2022,4207759,5.3
2022,4207809,10.7
2022,4207858,11.2
2022,4207908,5.9
2022,4208005,9.9
2022,4208104,10.7
2022,4208203,7.2
2022,4208302,7.4
2022,4208401,9.1
2022,4208450,6.4
2022,4208500,9.6
2022,4208609,13.8
2022,4208708,8.4
2022,4208807,10.4
2022,4208906,5.8
2022,4208955,10.3
2022,4209003,10.2
2022,4209102,8.5
2022,4209151,12.3
2022,4209177,6.5
2022,4209201,6.2
2022,4209300,13.1
2022,4209409,12.4
2022,4209458,7.5
2022,4209508,10.4
2022,4209607,10.3
2022,4209706,16.7
2022,4209805,10.2
2022,4209854,10.8
2022,4209904,15.4
2022,4210001,13.2
2022,4210035,5.5
2022,4210050,12.2
2022,4210100,6.7
2022,4210209,10.8
2022,4210308,3.8
2022,4210407,8.8
2022,4210506,12.3
2022,4210555,11.7
2022,4210605,7.7
2022,4210704,16.2
2022,4210803,6.9
2022,4210852,5.2
2022,4210902,15.5
2022,4211009,6.7
2022,4211058,10
2022,4211108,10
2022,4211207,13
2022,4211256,6.1
2022,4211306,11.5
2022,4211405,10.6
2022,4211454,12.2
2022,4211504,8.7
2022,4211603,5
2022,4211652,9.5
2022,4211702,7.9
2022,4211751,8.8
2022,4211801,12.6
2022,4211850,3.8
2022,4211876,5.9
2022,4211892,17.1
2022,4211900,16.3
2022,4212007,8.9
2022,4212056,18.4
2022,4212106,8.3
2022,4212205,8.4
2022,4212239,10.1
2022,4212254,16.6
2022,4212270,14.1
2022,4212304,16.7
2022,4212403,13
2022,4212502,9.4
2022,4212601,6.2
2022,4212650,14.7
2022,4212700,9.3
2022,4212809,11.1
2022,4212908,8.7
2022,4213005,12.4
2022,4213104,6.4
2022,4213153,5
2022,4213203,4.6
2022,4213302,13.7
2022,4213351,15.9
2022,4213401,15.3
2022,4213500,10.7
2022,4213609,8.9
2022,4213708,10.2
2022,4213807,12.6
2022,4213906,5.3
2022,4214003,11.4
2022,4214102,9.7
2022,4214151,10.9
2022,4214201,8.4
2022,4214300,9.4
2022,4214409,13.7
2022,4214508,5.1
2022,4214607,9
2022,4214706,8.9
2022,4214805,9.5
2022,4214904,12.2
2022,4215000,4.3
2022,4215059,16.8
2022,4215075,9.5
2022,4215109,6.9
2022,4215208,8.5
2022,4215307,5.8
2022,4215356,14
2022,4215406,12.3
2022,4215455,15.4
2022,4215505,11.2
2022,4215554,4.9
2022,4215604,4.8
2022,4215653,16.3
2022,4215679,3.3
2022,4215687,5.6
2022,4215695,6.5
2022,4215703,12.3
2022,4215752,13.5
2022,4215802,4.4
2022,4215901,5.9
2022,4216008,8.3
2022,4216057,12.6
2022,4216107,4
2022,4216206,10.8
2022,4216255,9.6
2022,4216305,11.9
2022,4216354,17.5
2022,4216404,13.9
2022,4216503,11.2
2022,4216602,11.3
2022,4216701,7.6
2022,4216800,17.2
2022,4216909,11.8
2022,4217006,11.7
2022,4217105,8.5
2022,4217154,5
2022,4217204,8.2
2022,4217253,8.4
2022,4217303,9.5
2022,4217402,7.4
2022,4217501,8.1
2022,4217550,7.5
2022,4217600,10.8
2022,4217709,10.9
2022,4217758,3.9
2022,4217808,7
2022,4217907,6.8
2022,4217956,9.7
2022,4218004,13.7
2022,4218103,7.6
2022,4218202,7
2022,4218251,2.6
2022,4218301,10.7
2022,4218350,11.3
2022,4218400,16.2
2022,4218509,16
2022,4218608,10.4
2022,4218707,9.7
2022,4218756,10.2
2022,4218806,9.2
2022,4218855,8
2022,4218905,14.9
2022,4218954,18.3
2022,4219002,9.3
2022,4219101,9.3
2022,4219150,11.9
2022,4219176,9.9
2022,4219200,4.9
2022,4219309,10.5
2022,4219358,11.2
2022,4219408,8.7
2022,4219507,10.9
2022,4219606,7
2022,4219705,13.9
2022,4219853,16
2022,4220000,12.2
2022,4300034,13.8
2022,4300059,12.5
2022,4300109,14.6
2022,4300208,8
2022,4300307,6.3
2022,4300406,11.8
2022,4300455,5.9
2022,4300471,9.3
2022,4300505,4.8
2022,4300554,7.2
2022,4300570,7.8
2022,4300604,18.5
2022,4300638,15.1
2022,4300646,11.8
2022,4300661,18.3
2022,4300703,6.4
2022,4300802,8.4
2022,4300851,17.6
2022,4300877,9.3
2022,4300901,3.8
2022,4301008,9.7
2022,4301057,15.5
2022,4301073,15.1
2022,4301107,15
2022,4301206,6.6
2022,4301305,18.5
2022,4301404,9.7
2022,4301503,9.4
2022,4301552,5.5
2022,4301602,14
2022,4301636,21.5
2022,4301651,7.2
2022,4301701,8.1
2022,4301750,13.7
2022,4301800,12.9
2022,4301859,12.9
2022,4301875,11.9
2022,4301909,18.7
2022,4301925,0.8
2022,4301958,4.2
2022,4302006,11.1
2022,4302055,8.6
2022,4302105,11.4
2022,4302154,10.5
2022,4302204,11
2022,4302220,8.3
2022,4302238,10
2022,4302253,7
2022,4302303,10.4
2022,4302352,12.2
2022,4302378,7.5
2022,4302402,10
2022,4302451,12
2022,4302501,8.6
2022,4302584,5.4
2022,4302600,12.6
2022,4302659,16.7
2022,4302709,16.6
2022,4302808,19
2022,4302907,15.5
2022,4303004,13.7
2022,4303103,13.2
2022,4303202,7.4
2022,4303301,15
2022,4303400,5.2
2022,4303509,9.9
2022,4303558,6.6
2022,4303608,9.1
2022,4303673,10.9
2022,4303707,4.6
2022,4303806,1.7
2022,4303905,3.1
2022,4304002,12.2
2022,4304101,3.5
2022,4304200,15.5
2022,4304309,8
2022,4304358,15
2022,4304408,10.9
2022,4304507,17.1
2022,4304606,16.5
2022,4304614,8.2
2022,4304622,5.6
2022,4304630,18.7
2022,4304655,15.7
2022,4304663,22.8
2022,4304671,11.7
2022,4304689,23
2022,4304697,7.7
2022,4304705,7.9
2022,4304713,13.5
2022,4304804,6.7
2022,4304853,6
2022,4304903,4.1
2022,4304952,6.8
2022,4305009,3.9
2022,4305108,9.4
2022,4305116,3.8
2022,4305124,17.5
2022,4305132,11.5
2022,4305157,10.1
2022,4305173,14.6
2022,4305207,9.2
2022,4305306,8
2022,4305355,16.4
2022,4305371,23.3
2022,4305405,9.3
2022,4305439,12.2
2022,4305447,15.3
2022,4305454,25.9
2022,4305504,2.8
2022,4305587,8.7
2022,4305603,9.1
2022,4305702,13.5
2022,4305801,6.3
2022,4305835,11.5
2022,4305850,5.2
2022,4305871,9.8
2022,4305900,13.6
2022,4305934,5.3
2022,4305959,12.2
2022,4305975,12.4
2022,4306007,7.7
2022,4306056,16.1
2022,4306072,6.4
2022,4306106,11.8
2022,4306130,6.8
2022,4306205,13.7
2022,4306304,3.4
2022,4306320,5.7
2022,4306353,5.4
2022,4306379,16.3
2022,4306403,10
2022,4306429,11.9
2022,4306452,2.8
2022,4306502,19.3
2022,4306551,8.4
2022,4306601,19.1
2022,4306700,13.7
2022,4306734,7.9
2022,4306759,6.3
2022,4306767,18.2
2022,4306809,10
2022,4306908,21.5
2022,4306924,12.3
2022,4306932,15.1
2022,4306957,4.5
2022,4306973,11.3
2022,4307005,6.5
2022,4307054,6.9
2022,4307104,16.7
2022,4307203,12.8
2022,4307302,9.2
2022,4307401,16.2
2022,4307450,5.6
2022,4307500,9
2022,4307559,4.5
2022,4307609,6.2
2022,4307708,8.7
2022,4307807,8.3
2022,4307815,13
2022,4307831,21.2
2022,4307864,7.3
2022,4307906,6.1
2022,4308003,11.7
2022,4308052,11.8
2022,4308078,13.3
2022,4308102,8.5
2022,4308201,9.2
2022,4308250,5
2022,4308300,11.2
2022,4308409,15.4
2022,4308433,11.6
2022,4308458,9.1
2022,4308508,8.3
2022,4308607,7.3
2022,4308656,11.6
2022,4308706,4.3
2022,4308805,18.4
2022,4308854,8.1
2022,4308904,3.9
2022,4309001,5.1
2022,4309050,12
2022,4309100,9.5
2022,4309126,18.3
2022,4309159,15.4
2022,4309209,13
2022,4309258,2.9
2022,4309308,10.2
2022,4309407,6.7
2022,4309506,7.4
2022,4309555,12.9
2022,4309571,18
2022,4309605,5.9
2022,4309654,12.2
2022,4309704,8
2022,4309753,16
2022,4309803,4.8
2022,4309902,13.6
2022,4309951,11.5
2022,4310009,11.1
2022,4310108,5.9
2022,4310207,6.8
2022,4310306,6.2
2022,4310330,14.8
2022,4310363,15.8
2022,4310405,16.8
2022,4310413,12.4
2022,4310439,9.8
2022,4310462,10.9
2022,4310504,10.6
2022,4310538,14.2
2022,4310553,12.5
2022,4310579,12.2
2022,4310603,10.9
2022,4310652,16.7
2022,4310702,6
2022,4310751,20.6
2022,4310801,5.8
2022,4310850,11.7
2022,4310876,13.7
2022,4310900,5.1
2022,4311007,19.8
2022,4311106,13.5
2022,4311122,9.3
2022,4311130,6.6
2022,4311155,11.5
2022,4311205,13.4
2022,4311239,5.9
2022,4311254,7.5
2022,4311270,3.1
2022,4311304,8.6
2022,4311403,7.6
2022,4311429,12.1
2022,4311502,17
2022,4311601,5.4
2022,4311627,8.3
2022,4311643,9.8
2022,4311700,11.1
2022,4311718,17.8
2022,4311734,7.9
2022,4311759,13
2022,4311775,12.9
2022,4311791,11.3
2022,4311809,6.7
2022,4311908,6.8
2022,4311981,13.6
2022,4312005,3.6
2022,4312054,10
2022,4312104,10.6
2022,4312138,10.7
2022,4312153,12.8
2022,4312179,5.2
2022,4312203,6.3
2022,4312252,17.6
2022,4312302,7
2022,4312351,11.2
2022,4312377,22.4
2022,4312385,9
2022,4312401,12.7
2022,4312427,5.2
2022,4312443,3.4
2022,4312450,18.4
2022,4312476,3.2
2022,4312500,16.4
2022,4312609,12.3
2022,4312617,13.5
2022,4312625,12.5
2022,4312658,9.8
2022,4312674,10.9
2022,4312708,6.2
2022,4312757,5.6
2022,4312807,6.9
2022,4312906,8.3
2022,4312955,5.9
2022,4313003,2.1
2022,4313011,10.9
2022,4313037,4.3
2022,4313060,8.9
2022,4313086,8.2
2022,4313102,6.7
2022,4313201,7.6
2022,4313300,9
2022,4313334,7.9
2022,4313359,6.9
2022,4313375,16.5
2022,4313391,9.5
2022,4313409,8.9
2022,4313425,8.2
2022,4313441,5.6
2022,4313466,5.3
2022,4313490,9.8
2022,4313508,11
2022,4313607,5.2
2022,4313656,17.2
2022,4313706,12.1
2022,4313805,3.1
2022,4313904,10.4
2022,4313953,13.6
2022,4314001,4.2
2022,4314027,18
2022,4314035,14
2022,4314050,8.9
2022,4314068,10.9
2022,4314076,10.8
2022,4314100,13.1
2022,4314134,3.5
2022,4314159,17.4
2022,4314175,18.1
2022,4314209,22.2
2022,4314308,7.2
2022,4314407,15.4
2022,4314423,7.3
2022,4314456,7.2
2022,4314464,3.9
2022,4314472,10.6
2022,4314498,9.3
2022,4314506,19.4
2022,4314548,4.8
2022,4314555,9.7
2022,4314605,12
2022,4314704,7.9
2022,4314753,9.6
2022,4314779,6.3
2022,4314787,8.4
2022,4314803,18
2022,4314902,16.2
2022,4315008,6.8
2022,4315057,14.6
2022,4315073,4
2022,4315107,7.6
2022,4315131,7.4
2022,4315149,8.7
2022,4315156,5.9
2022,4315172,7.5
2022,4315206,5
2022,4315305,12.8
2022,4315313,8.4
2022,4315321,11.1
2022,4315354,5.4
2022,4315404,18.5
2022,4315453,14.3
2022,4315503,15.6
2022,4315552,6
2022,4315602,17.4
2022,4315701,13.5
2022,4315750,6.6
2022,4315800,10
2022,4315909,5.8
2022,4315958,11.8
2022,4316006,7.8
2022,4316105,8.3
2022,4316204,4.8
2022,4316303,10.1
2022,4316402,14.3
2022,4316428,9.1
2022,4316436,4
2022,4316451,19
2022,4316477,5.4
2022,4316501,12.1
2022,4316600,7.6
2022,4316709,9.4
2022,4316733,6.6
2022,4316758,11.2
2022,4316808,12.8
2022,4316907,12.1
2022,4316956,8.8
2022,4316972,30
2022,4317004,21.3
2022,4317103,15.5
2022,4317202,8.4
2022,4317251,5.9
2022,4317301,14.1
2022,4317400,8.5
2022,4317509,10.6
2022,4317558,4.8
2022,4317608,9.8
2022,4317707,17.5
2022,4317756,8.8
2022,4317806,6.2
2022,4317905,7.3
2022,4317954,5.3
2022,4318002,10
2022,4318051,5.6
2022,4318101,5.7
2022,4318200,13
2022,4318309,19.3
2022,4318408,15
2022,4318424,4.3
2022,4318432,11.6
2022,4318440,8.3
2022,4318457,9.4
2022,4318465,4.3
2022,4318481,13.4
2022,4318499,1
2022,4318507,24
2022,4318606,5.7
2022,4318614,9.4
2022,4318622,11.1
2022,4318705,14.9
2022,4318804,19.7
2022,4318903,10.6
2022,4319000,11.9
2022,4319109,14.4
2022,4319125,10.5
2022,4319158,14.1
2022,4319208,11.2
2022,4319307,11.1
2022,4319356,10.1
2022,4319364,12.1
2022,4319372,6.7
2022,4319406,7.2
2022,4319505,18.8
2022,4319604,13.8
2022,4319703,5.3
2022,4319711,4.2
2022,4319737,40.5
2022,4319752,10.1
2022,4319802,12.6
2022,4319901,9.5
2022,4320008,13
2022,4320107,8.2
2022,4320206,11.2
2022,4320230,13.8
2022,4320263,13.7
2022,4320305,7.8
2022,4320321,7.4
2022,4320354,12.8
2022,4320404,5.3
2022,4320453,7.3
2022,4320503,9.4
2022,4320552,13.4
2022,4320578,8.5
2022,4320602,4.5
2022,4320651,5.9
2022,4320677,19.4
2022,4320701,10.1
2022,4320800,11
2022,4320859,12.8
2022,4320909,5.7
2022,4321006,6.1
2022,4321105,21.1
2022,4321204,10.2
2022,4321303,11.7
2022,4321329,9.7
2022,4321352,12.6
2022,4321402,8.9
2022,4321436,21.9
2022,4321451,10.3
2022,4321469,7.6
2022,4321477,15.6
2022,4321493,6
2022,4321501,8.9
2022,4321600,14.3
2022,4321626,4.1
2022,4321634,4.3
2022,4321667,8.3
2022,4321709,8.9
2022,4321808,7.8
2022,4321832,11.8
2022,4321857,4.4
2022,4321907,7.3
2022,4321956,6.7
2022,4322004,15.2
2022,4322103,10.1
2022,4322152,7.2
2022,4322186,8
2022,4322202,11.1
2022,4322251,10
2022,4322301,7.6
2022,4322327,23.4
2022,4322343,6.1
2022,4322350,5.7
2022,4322376,5.1
2022,4322400,11
2022,4322509,11.4
2022,4322525,16.2
2022,4322533,23.7
2022,4322541,15.1
2022,4322558,7.3
2022,4322608,13.6
2022,4322707,11.9
2022,4322806,6.8
2022,4322855,4.3
2022,4322905,5
2022,4323002,15.5
2022,4323101,10.4
2022,4323200,6.1
2022,4323309,15.2
2022,4323358,6.5
2022,4323408,7.5
2022,4323457,8.8
2022,4323507,6.2
2022,4323606,8.5
2022,4323705,1.4
2022,4323754,20.2
2022,4323770,6
2022,4323804,14.4
2022,5000203,18.3
2022,5000252,27.3
2022,5000609,25.9
2022,5000708,25.7
2022,5000807,25.9
2022,5000856,19.4
2022,5000906,12.3
2022,5001003,16.7
2022,5001102,23.9
2022,5001243,20.4
2022,5001508,22.1
2022,5001904,14.8
2022,5002001,17.8
2022,5002100,12.2
2022,5002159,21.7
2022,5002209,19.3
2022,5002308,14.9
2022,5002407,22.6
2022,5002605,14.9
2022,5002704,10.4
2022,5002803,17.4
2022,5002902,14.4
2022,5002951,15.6
2022,5003108,26.3
2022,5003157,24.4
2022,5003207,15.9
2022,5003256,14.4
2022,5003306,18.7
2022,5003454,17.9
2022,5003488,16.9
2022,5003504,19.3
2022,5003702,21.4
2022,5003751,30.1
2022,5003801,19.7
2022,5003900,14.6
2022,5004007,16
2022,5004106,17.6
2022,5004304,23.9
2022,5004403,21.4
2022,5004502,18.6
2022,5004601,27.3
2022,5004700,23.5
2022,5004809,27.9
2022,5004908,23.5
2022,5005004,17.9
2022,5005103,15.9
2022,5005152,27.5
2022,5005202,19.1
2022,5005251,29.3
2022,5005400,20.1
2022,5005608,25.8
2022,5005681,18.3
2022,5005707,20.7
2022,5005806,19.9
2022,5006002,21.7
2022,5006200,12.8
2022,5006259,21.2
2022,5006275,23.5
2022,5006309,16.1
2022,5006358,31.4
2022,5006408,25.9
2022,5006606,17.8
2022,5006903,25.1
2022,5007109,26.4
2022,5007208,20.1
2022,5007307,20.2
2022,5007406,20.2
2022,5007505,18.7
2022,5007554,21.8
2022,5007695,24.8
2022,5007703,21.5
2022,5007802,16.2
2022,5007901,22.1
2022,5007935,12.5
2022,5007950,37.5
2022,5007976,8.6
2022,5008008,19.6
2022,5008305,15.8
2022,5008404,18.3
2022,5100102,3.4
2022,5100201,5.2
2022,5100250,4.4
2022,5100300,7.5
2022,5100359,6.2
2022,5100409,6.6
2022,5100508,5.2
2022,5100607,10.1
2022,5100805,8.8
2022,5101001,6.4
2022,5101209,10.2
2022,5101258,2.7
2022,5101308,7
2022,5101407,12.9
2022,5101605,7
2022,5101704,7.8
2022,5101803,8.8
2022,5101852,11.7
2022,5101902,14.4
2022,5102504,5.9
2022,5102603,17.5
2022,5102637,8.9
2022,5102678,6.4
2022,5102686,7.6
2022,5102694,8.3
2022,5102702,9
2022,5102793,4.2
2022,5102850,4.7
2022,5103007,10.1
2022,5103056,6.2
2022,5103106,8.5
2022,5103205,6.7
2022,5103254,9.4
2022,5103304,8.4
2022,5103353,8.4
2022,5103361,12.6
2022,5103379,8.3
2022,5103403,7.3
2022,5103437,6.3
2022,5103452,9.3
2022,5103502,3.8
2022,5103601,2.6
2022,5103700,10.9
2022,5103809,3.9
2022,5103858,14.8
2022,5103908,20.3
2022,5103957,3.3
2022,5104104,3.5
2022,5104203,3.3
2022,5104500,9
2022,5104526,7.3
2022,5104542,5.8
2022,5104559,10.5
2022,5104609,5.6
2022,5104807,3.8
2022,5104906,4.8
2022,5105002,3.1
2022,5105101,5
2022,5105150,8.7
2022,5105176,9.9
2022,5105200,3.3
2022,5105234,10
2022,5105259,5
2022,5105309,7.1
2022,5105507,12.4
2022,5105580,8.9
2022,5105606,3.9
2022,5105622,5
2022,5105903,5
2022,5106000,7
2022,5106109,4.2
2022,5106158,4.4
2022,5106174,25.7
2022,5106182,8.9
2022,5106190,4.4
2022,5106208,5.1
2022,5106216,6.3
2022,5106224,2.5
2022,5106232,6.2
2022,5106240,13
2022,5106257,6
2022,5106265,4.2
2022,5106273,2.3
2022,5106281,5.7
2022,5106299,6.9
2022,5106307,5.1
2022,5106315,7.8
2022,5106372,5
2022,5106422,5.5
2022,5106455,4.3
2022,5106505,6.7
2022,5106653,9.5
2022,5106703,7.7
2022,5106752,6.4
2022,5106778,6.6
2022,5106802,5.4
2022,5106828,9.8
2022,5106851,10.8
2022,5107008,7
2022,5107040,6.9
2022,5107065,6.7
2022,5107107,4.5
2022,5107156,3.2
2022,5107180,6.4
2022,5107198,4
2022,5107206,7.9
2022,5107248,11.2
2022,5107263,6.2
2022,5107297,7.5
2022,5107305,3.1
2022,5107354,8.6
2022,5107404,4.4
2022,5107578,13.8
2022,5107602,5.1
2022,5107701,6.6
2022,5107743,16.9
2022,5107750,1.9
2022,5107768,2.5
2022,5107776,11
2022,5107792,13.3
2022,5107800,7.9
2022,5107859,13.7
2022,5107875,8.6
2022,5107883,16
2022,5107909,9.9
2022,5107925,5
2022,5107941,6.3
2022,5107958,4.1
2022,5108006,3.5
2022,5108055,6.7
2022,5108105,5.3
2022,5108204,3.7
2022,5108303,6.5
2022,5108352,3.1
2022,5108402,6.5
2022,5108501,6.3
2022,5108600,15.5
2022,5108808,8.7
2022,5108857,2.3
2022,5108907,4.5
2022,5108956,4.4
2022,5200050,22.5
2022,5200100,7.9
2022,5200134,7.1
2022,5200159,9.7
2022,5200175,11.7
2022,5200209,5.6
2022,5200258,14.9
2022,5200308,7.3
2022,5200506,12.3
2022,5200555,5.3
2022,5200605,19.9
2022,5200803,7.3
2022,5200829,13.2
2022,5200852,8
2022,5200902,5.6
2022,5201108,10.1
2022,5201207,5.5
2022,5201306,5.1
2022,5201405,10.1
2022,5201454,13.2
2022,5201504,7.6
2022,5201603,5.6
2022,5201702,9.3
2022,5201801,14.1
2022,5202155,6.1
2022,5202353,3.3
2022,5202502,8.8
2022,5202601,2.6
2022,5202809,6.9
2022,5203104,6
2022,5203203,5
2022,5203302,7
2022,5203401,9.4
2022,5203500,7.6
2022,5203559,7.6
2022,5203575,7.5
2022,5203609,9.6
2022,5203807,12.6
2022,5203906,5.9
2022,5203939,5
2022,5203962,7.8
2022,5204003,10.6
2022,5204102,11.2
2022,5204201,4.6
2022,5204250,4.8
2022,5204300,10.8
2022,5204409,6.2
2022,5204508,11.7
2022,5204557,10.3
2022,5204607,7.5
2022,5204656,5.4
2022,5204706,9
2022,5204805,11.5
2022,5204854,10.5
2022,5204904,20.3
2022,5204953,5.5
2022,5205000,3.2
2022,5205059,16
2022,5205109,9.6
2022,5205208,12.4
2022,5205307,17.3
2022,5205406,2.4
2022,5205455,8.3
2022,5205471,9.2
2022,5205497,14.1
2022,5205513,10
2022,5205521,5
2022,5205703,1.9
2022,5205802,13.4
2022,5205901,7.9
2022,5206206,12.4
2022,5206305,15.3
2022,5206404,3.7
2022,5206503,6
2022,5206602,7.9
2022,5206701,7.1
2022,5206800,5.8
2022,5206909,19
2022,5207105,14.9
2022,5207253,8.7
2022,5207352,11.9
2022,5207402,5
2022,5207501,5.4
2022,5207535,8.8
2022,5207600,2.9
2022,5207808,3
2022,5207907,15.8
2022,5208004,10.6
2022,5208103,5.6
2022,5208152,15.9
2022,5208301,13.7
2022,5208400,8.3
2022,5208509,3.4
2022,5208608,2.8
2022,5208707,4.7
2022,5208806,10.2
2022,5208905,8
2022,5209101,14.7
2022,5209150,10.2
2022,5209200,7.4
2022,5209291,2.9
2022,5209408,9.7
2022,5209457,10.7
2022,5209606,2.5
2022,5209705,15.4
2022,5209804,3.2
2022,5209903,9
2022,5209937,6
2022,5209952,6.4
2022,5210000,4.2
2022,5210109,13.2
2022,5210158,2.9
2022,5210208,4.3
2022,5210307,7.8
2022,5210406,5.5
2022,5210562,5.8
2022,5210604,4.8
2022,5210802,10.1
2022,5210901,8
2022,5211008,9.4
2022,5211206,5.2
2022,5211305,9.8
2022,5211404,5.5
2022,5211503,8.5
2022,5211602,1.3
2022,5211701,5
2022,5211800,3.1
2022,5211909,10
2022,5212006,2.7
2022,5212055,2.3
2022,5212105,10
2022,5212204,5.5
2022,5212253,4.4
2022,5212303,13.4
2022,5212501,14.6
2022,5212600,3.7
2022,5212709,12.6
2022,5212808,6.5
2022,5212907,8.9
2022,5212956,7.2
2022,5213004,6.7
2022,5213053,11.7
2022,5213087,6.9
2022,5213103,12.1
2022,5213400,1.3
2022,5213509,10.5
2022,5213707,5.1
2022,5213756,11.6
2022,5213772,7.6
2022,5213806,10.5
2022,5213855,5.9
2022,5213905,2.8
2022,5214002,12.8
2022,5214051,11.3
2022,5214101,6.7
2022,5214408,8.2
2022,5214507,6.7
2022,5214606,8.3
2022,5214705,3.4
2022,5214804,7.1
2022,5214838,14.5
2022,5214861,3.1
2022,5214879,3.8
2022,5214903,8
2022,5215009,9.6
2022,5215207,5.3
2022,5215231,20.3
2022,5215256,14.3
2022,5215306,10.7
2022,5215405,5.7
2022,5215504,9.5
2022,5215603,16.2
2022,5215652,3.4
2022,5215702,7.5
2022,5215801,10.5
2022,5215900,6.3
2022,5216007,10.6
2022,5216304,12.8
2022,5216403,12
2022,5216452,10.6
2022,5216809,6.2
2022,5216908,2.9
2022,5217104,14.7
2022,5217203,5.2
2022,5217302,9.8
2022,5217401,11.2
2022,5217609,21.4
2022,5217708,8
2022,5218003,11.3
2022,5218052,17.7
2022,5218102,18.2
2022,5218300,8.1
2022,5218391,5.3
2022,5218508,5.9
2022,5218607,3.7
2022,5218706,3.2
2022,5218789,10.4
2022,5218805,6.1
2022,5218904,3.3
2022,5219001,3.2
2022,5219100,6.5
2022,5219209,11.7
2022,5219258,7.3
2022,5219308,5
2022,5219357,4.8
2022,5219407,11.9
2022,5219456,4.8
2022,5219506,3.1
2022,5219605,5.3
2022,5219704,6.2
2022,5219712,5.6
2022,5219738,7.5
2022,5219753,22.9
2022,5219803,11.6
2022,5219902,4.2
2022,5220009,13.3
2022,5220058,5.7
2022,5220108,5
2022,5220157,11.5
2022,5220207,9.6
2022,5220264,7.7
2022,5220280,3.8
2022,5220405,18.1
2022,5220454,14.6
2022,5220504,10.9
2022,5220603,8.1
2022,5220686,9.6
2022,5220702,5.3
2022,5221007,3
2022,5221080,15.1
2022,5221197,13.7
2022,5221304,12.3
2022,5221403,7.4
2022,5221452,8.8
2022,5221502,4.3
2022,5221551,8.1
2022,5221577,14.2
2022,5221601,4.5
2022,5221700,2.5
2022,5221809,10
2022,5221858,13.9
2022,5221908,8.6
2022,5222005,9.6
2022,5222054,11.8
2022,5222203,17.7
2022,5222302,6.6
2022,5300108,11.5
