ano,cod_municipio,tdi_em
2022,1100015,19.6
2022,1100023,20.5
2022,1100031,14.3
2022,1100049,14.3
2022,1100056,17
2022,1100064,13.2
2022,1100072,17.7
2022,1100080,22
2022,1100098,11.2
2022,1100106,28.6
2022,1100114,17.6
2022,1100122,16.8
2022,1100130,29
2022,1100148,14.5
2022,1100155,17.9
2022,1100189,20.1
2022,1100205,23.2
2022,1100254,10.2
2022,1100262,23.9
2022,1100288,15.3
2022,1100296,9.3
2022,1100304,21.6
2022,1100320,16.2
2022,1100338,26.9
2022,1100346,13.5
2022,1100379,22.8
2022,1100403,20.4
2022,1100452,20.4
2022,1100502,15.3
2022,1100601,14.6
2022,1100700,33.8
2022,1100809,16.2
2022,1100908,24.7
2022,1100924,27.9
2022,1100940,23.7
2022,1101005,20.7
2022,1101104,25.8
2022,1101203,16.4
2022,1101302,20.1
2022,1101401,24.9
2022,1101435,27.1
2022,1101450,15.3
2022,1101468,21.3
2022,1101476,20.5
2022,1101484,25.3
2022,1101492,16.3
2022,1101500,15.8
2022,1101559,25.9
2022,1101609,20.9
2022,1101708,21.7
2022,1101757,35.2
2022,1101807,27.2
2022,1200013,35.4
2022,1200054,39.9
2022,1200104,19.4
2022,1200138,39.3
2022,1200179,34.1
2022,1200203,31.9
2022,1200252,17.2
2022,1200302,48.5
2022,1200328,31.8
2022,1200336,37.8
2022,1200344,33
2022,1200351,50.9
2022,1200385,26
2022,1200393,48.9
2022,1200401,23.2
2022,1200427,39.1
2022,1200435,65.2
2022,1200450,21
2022,1200500,43.6
2022,1200609,40.8
2022,1200708,36.2
2022,1200807,38.9
2022,1300029,54.2
2022,1300060,41.3
2022,1300086,27.6
2022,1300102,22.5
2022,1300144,27.3
2022,1300201,53.2
2022,1300300,37.5
2022,1300409,33.8
2022,1300508,48.8
2022,1300607,29.3
2022,1300631,44.4
2022,1300680,39.2
2022,1300706,29.2
2022,1300805,39.4
2022,1300839,39.2
2022,1300904,28.9
2022,1301001,22.8
2022,1301100,40.7
2022,1301159,36.9
2022,1301209,34.3
2022,1301308,42.5
2022,1301407,27.7
2022,1301506,17
2022,1301605,48.6
2022,1301654,38.7
2022,1301704,34
2022,1301803,55.4
2022,1301852,39.8
2022,1301902,34.6
2022,1301951,27.4
2022,1302009,21.4
2022,1302108,55.8
2022,1302207,51.7
2022,1302306,44.9
2022,1302405,39.7
2022,1302504,28.8
2022,1302553,40
2022,1302603,24.3
2022,1302702,35.3
2022,1302801,63.9
2022,1302900,48.6
2022,1303007,32.1
2022,1303106,43
2022,1303205,31.9
2022,1303304,38.7
2022,1303403,25.5
2022,1303502,35.8
2022,1303536,30.6
2022,1303569,33.4
2022,1303601,39.6
2022,1303700,45.2
2022,1303809,44.9
2022,1303908,41.6
2022,1303957,25.7
2022,1304005,32.6
2022,1304062,37.7
2022,1304104,29.1
2022,1304203,42.7
2022,1304237,42.6
2022,1304260,52.1
2022,1304302,32.5
2022,1304401,28.4
2022,1400027,38.5
2022,1400050,25.1
2022,1400100,17.8
2022,1400159,30.9
2022,1400175,30
2022,1400209,24.6
2022,1400233,35.9
2022,1400282,38.5
2022,1400308,25.2
2022,1400407,39
2022,1400456,27.8
2022,1400472,32.1
2022,1400506,36.4
2022,1400605,27.4
2022,1400704,43.3
2022,1500107,33.9
2022,1500131,50.4
2022,1500206,60.5
2022,1500305,52.5
2022,1500347,36.4
2022,1500404,40.8
2022,1500503,55.4
2022,1500602,32.1
2022,1500701,63
2022,1500800,32.3
2022,1500859,45.6
2022,1500909,54.2
2022,1500958,54.5
2022,1501006,43.7
2022,1501105,60
2022,1501204,55
2022,1501253,51
2022,1501303,47.5
2022,1501402,33.9
2022,1501451,44
2022,1501501,35.7
2022,1501576,47.1
2022,1501600,56.5
2022,1501709,42.5
2022,1501725,34
2022,1501758,47.3
2022,1501782,46.4
2022,1501808,59.5
2022,1501907,53.5
2022,1501956,49
2022,1502004,45.6
2022,1502103,44.5
2022,1502152,39.9
2022,1502202,44.3
2022,1502301,48.6
2022,1502400,40.5
2022,1502509,62.3
2022,1502608,37.6
2022,1502707,35.5
2022,1502756,57.6
2022,1502764,51.9
2022,1502772,38.4
2022,1502806,61.9
2022,1502855,34.7
2022,1502905,59.8
2022,1502939,40.3
2022,1502954,41.2
2022,1503002,34.4
2022,1503044,40.1
2022,1503077,46.3
2022,1503093,54.7
2022,1503101,57.9
2022,1503200,44.4
2022,1503309,44.5
2022,1503408,51.1
2022,1503457,57
2022,1503507,53.8
2022,1503606,42.7
2022,1503705,44.6
2022,1503754,63.3
2022,1503804,39.9
2022,1503903,44.5
2022,1504000,47.7
2022,1504059,45.4
2022,1504109,51.4
2022,1504208,31.7
2022,1504307,51.4
2022,1504406,58.9
2022,1504422,39.9
2022,1504455,43.3
2022,1504505,61.4
2022,1504604,49.2
2022,1504703,51.9
2022,1504752,27.5
2022,1504802,32.6
2022,1504901,49.5
2022,1504950,51.5
2022,1504976,54.2
2022,1505007,51.4
2022,1505031,31.8
2022,1505064,44.5
2022,1505106,52.7
2022,1505205,66.6
2022,1505304,37.3
2022,1505403,43.6
2022,1505437,37.5
2022,1505486,42.6
2022,1505494,61.7
2022,1505502,38.7
2022,1505536,30
2022,1505551,52.3
2022,1505601,55.2
2022,1505635,36.2
2022,1505650,32
2022,1505700,33.7
2022,1505809,50.8
2022,1505908,54.1
2022,1506005,49.5
2022,1506104,58.5
2022,1506112,64.8
2022,1506138,30.8
2022,1506161,35.1
2022,1506187,39.4
2022,1506195,41
2022,1506203,35.6
2022,1506302,41.1
2022,1506351,37
2022,1506401,53.5
2022,1506500,41.8
2022,1506559,43.6
2022,1506583,62.4
2022,1506609,52
2022,1506708,46.9
2022,1506807,29
2022,1506906,43.6
2022,1507003,45.8
2022,1507102,48.7
2022,1507151,43.3
2022,1507201,57.5
2022,1507300,46.3
2022,1507409,56.8
2022,1507458,33.1
2022,1507466,52.9
2022,1507474,55.1
2022,1507508,57
2022,1507607,53.4
2022,1507706,40.9
2022,1507755,53.7
2022,1507805,55.2
2022,1507904,42.3
2022,1507953,51.3
2022,1507961,52.1
2022,1507979,35.6
2022,1508001,42.2
2022,1508035,42.9
2022,1508050,46.8
2022,1508084,34.1
2022,1508100,36.3
2022,1508126,32.1
2022,1508159,35.2
2022,1508209,40
2022,1508308,55.4
2022,1508357,43.6
2022,1508407,31.2
2022,1600055,47.4
2022,1600105,25.9
2022,1600154,39.4
2022,1600204,36
2022,1600212,41.3
2022,1600238,36.3
2022,1600253,47.6
2022,1600279,45.6
2022,1600303,33.7
2022,1600402,42.6
2022,1600501,48.8
2022,1600535,41.5
2022,1600550,53.8
2022,1600600,31.7
2022,1600709,47.3
2022,1600808,33.7
2022,1700251,20.6
2022,1700301,25.4
2022,1700350,17.9
2022,1700400,25.3
2022,1700707,17.7
2022,1701002,21
2022,1701051,14.8
2022,1701101,17.3
2022,1701309,21.7
2022,1701903,23.2
2022,1702000,13.6
2022,1702109,20.8
2022,1702158,29.5
2022,1702208,27
2022,1702307,22.8
2022,1702406,29.7
2022,1702554,23.7
2022,1702703,21.1
2022,1702901,33
2022,1703008,29.7
2022,1703057,25.4
2022,1703073,23.3
2022,1703107,23.9
2022,1703206,24
2022,1703305,18.8
2022,1703602,18.5
2022,1703701,16.6
2022,1703800,32.5
2022,1703826,19.8
2022,1703842,34.9
2022,1703867,32.3
2022,1703883,22.2
2022,1703891,21.8
2022,1703909,19.5
2022,1704105,24.4
2022,1704600,--
2022,1705102,36.1
2022,1705508,18.7
2022,1705557,16.7
2022,1705607,40.2
2022,1706001,31.6
2022,1706100,29.8
2022,1706258,23.2
2022,1706506,25.9
2022,1707009,30.3
2022,1707108,10.6
2022,1707207,26.4
2022,1707306,25.2
2022,1707405,39.7
2022,1707553,17.8
2022,1707652,31.7
2022,1707702,36.6
2022,1708205,28.3
2022,1708254,14.4
2022,1708304,56.1
2022,1709005,42.9
2022,1709302,18.9
2022,1709500,16.1
2022,1709807,17.5
2022,1710508,23.2
2022,1710706,28.3
2022,1710904,22.7
2022,1711100,20.2
2022,1711506,23.1
2022,1711803,29.4
2022,1711902,32.9
2022,1711951,34.1
2022,1712009,20
2022,1712157,17.9
2022,1712405,26.7
2022,1712454,25.5
2022,1712504,26.9
2022,1712702,41
2022,1712801,26.9
2022,1713205,26
2022,1713304,21
2022,1713601,30.4
2022,1713700,--
2022,1713809,36.5
2022,1713957,18.6
2022,1714203,22.6
2022,1714302,23.3
2022,1714880,32.6
2022,1715002,11.3
2022,1715101,33.3
2022,1715150,23.5
2022,1715259,47
2022,1715507,35.9
2022,1715705,35.9
2022,1715754,12.8
2022,1716109,18.4
2022,1716208,23.4
2022,1716307,23.3
2022,1716505,16.3
2022,1716604,30.9
2022,1716653,33.3
2022,1716703,16.7
2022,1717008,28.6
2022,1717206,35.5
2022,1717503,23.8
2022,1717800,32.4
2022,1717909,31.5
2022,1718006,34.2
2022,1718204,23.3
2022,1718303,31.9
2022,1718402,28.3
2022,1718451,37.4
2022,1718501,36.3
2022,1718550,31.3
2022,1718659,34.2
2022,1718709,28
2022,1718758,30.8
2022,1718808,32.9
2022,1718840,23.5
2022,1718865,37.3
2022,1718881,25
2022,1718899,35.1
2022,1718907,22.8
2022,1719004,20.9
2022,1720002,31.4
2022,1720101,41.1
2022,1720150,27.5
2022,1720200,38.4
2022,1720259,35.1
2022,1720309,20.5
2022,1720499,19.3
2022,1720655,22.1
2022,1720804,28.9
2022,1720853,19.4
2022,1720903,31.3
2022,1720937,35.8
2022,1720978,25.3
2022,1721000,12.1
2022,1721109,50.3
2022,1721208,34.3
2022,1721257,15.4
2022,1721307,32.5
2022,1722081,18.8
2022,1722107,19.6
2022,2100055,23.1
2022,2100105,34.1
2022,2100154,27.9
2022,2100204,28.8
2022,2100303,24
2022,2100402,29.9
2022,2100436,20.1
2022,2100477,16.5
2022,2100501,21.1
2022,2100550,30.6
2022,2100600,32.4
2022,2100709,35.1
2022,2100808,29.6
2022,2100832,22.7
2022,2100873,36.9
2022,2100907,36.5
2022,2100956,34.6
2022,2101004,16.2
2022,2101103,16.5
2022,2101202,24.2
2022,2101251,19.5
2022,2101301,27.3
2022,2101350,33.8
2022,2101400,17.8
2022,2101509,27.6
2022,2101608,34.1
2022,2101707,21.6
2022,2101731,33.5
2022,2101772,35.9
2022,2101806,37.6
2022,2101905,27.9
2022,2101939,25.9
2022,2101970,31.1
2022,2102002,34.3
2022,2102036,31.3
2022,2102077,30.4
2022,2102101,32
2022,2102150,32.1
2022,2102200,25.3
2022,2102309,14.9
2022,2102325,32.7
2022,2102358,31
2022,2102374,26
2022,2102408,39.3
2022,2102507,36.8
2022,2102556,14.2
2022,2102606,37.4
2022,2102705,38.9
2022,2102754,25.2
2022,2102804,23.9
2022,2102903,27.7
2022,2103000,27.6
2022,2103109,27.1
2022,2103125,27.1
2022,2103158,26.6
2022,2103174,31.6
2022,2103208,20.6
2022,2103257,38.8
2022,2103307,29.7
2022,2103406,36.8
2022,2103505,17.4
2022,2103554,31.9
2022,2103604,20.6
2022,2103703,29.3
2022,2103752,33.8
2022,2103802,17.2
2022,2103901,33
2022,2104008,24.3
2022,2104057,27
2022,2104073,28.1
2022,2104081,71.1
2022,2104099,25.4
2022,2104107,22.1
2022,2104206,21
2022,2104305,35.8
2022,2104404,18.2
2022,2104503,28.7
2022,2104552,31.9
2022,2104602,30.3
2022,2104628,33.4
2022,2104651,41.6
2022,2104677,37.3
2022,2104701,25.8
2022,2104800,29.6
2022,2104909,37.9
2022,2105005,29.5
2022,2105104,21.4
2022,2105153,33.2
2022,2105203,23.2
2022,2105302,17.9
2022,2105351,32.4
2022,2105401,30.2
2022,2105427,32.6
2022,2105450,23.1
2022,2105476,60.2
2022,2105500,26.2
2022,2105609,19.6
2022,2105658,10.3
2022,2105708,20.9
2022,2105807,38
2022,2105906,30.3
2022,2105922,13.2
2022,2105948,17.9
2022,2105963,27
2022,2105989,16.1
2022,2106003,23.9
2022,2106102,19.1
2022,2106201,24.1
2022,2106300,28.2
2022,2106326,26.4
2022,2106359,58.9
2022,2106375,38.3
2022,2106409,35.8
2022,2106508,26.5
2022,2106607,32.6
2022,2106631,43.1
2022,2106672,31.4
2022,2106706,28
2022,2106755,20.7
2022,2106805,27.4
2022,2106904,46.6
2022,2107001,35.7
2022,2107100,40.5
2022,2107209,22.6
2022,2107258,24.4
2022,2107308,21
2022,2107357,14.7
2022,2107407,35.6
2022,2107456,35.9
2022,2107506,18.2
2022,2107605,23.5
2022,2107704,25.9
2022,2107803,41
2022,2107902,19.1
2022,2108009,20
2022,2108058,23.5
2022,2108108,28.3
2022,2108207,17.3
2022,2108256,32.2
2022,2108306,25.5
2022,2108405,20
2022,2108454,25.3
2022,2108504,30.7
2022,2108603,20.3
2022,2108702,31
2022,2108801,20
2022,2108900,49.1
2022,2109007,18.8
2022,2109056,25.9
2022,2109106,22.7
2022,2109205,22
2022,2109239,29.7
2022,2109270,18.7
2022,2109304,24.3
2022,2109403,40.9
2022,2109452,23
2022,2109502,25.8
2022,2109551,19.2
2022,2109601,21.2
2022,2109700,23.4
2022,2109759,46
2022,2109809,32.7
2022,2109908,21.6
2022,2110005,25.2
2022,2110039,28
2022,2110104,35.9
2022,2110203,33.9
2022,2110237,29.3
2022,2110278,30.7
2022,2110302,26.6
2022,2110401,22.9
2022,2110500,17.5
2022,2110609,30.9
2022,2110658,22.7
2022,2110708,14.6
2022,2110807,28
2022,2110856,32
2022,2110906,36.7
2022,2111003,31.3
2022,2111029,30.9
2022,2111052,23.4
2022,2111078,35.7
2022,2111102,20.7
2022,2111201,17.9
2022,2111250,24.4
2022,2111300,19
2022,2111409,17.1
2022,2111508,21.5
2022,2111532,24.5
2022,2111573,33.8
2022,2111607,19.7
2022,2111631,37.1
2022,2111672,31.5
2022,2111706,27
2022,2111722,42.1
2022,2111748,17
2022,2111763,33.4
2022,2111789,34.6
2022,2111805,22
2022,2111904,24.4
2022,2111953,31.3
2022,2112001,19.7
2022,2112100,26.6
2022,2112209,24.4
2022,2112233,22.7
2022,2112274,31.6
2022,2112308,27.5
2022,2112407,64.8
2022,2112456,44.2
2022,2112506,27.5
2022,2112605,29.6
2022,2112704,27.8
2022,2112803,25.3
2022,2112852,32
2022,2112902,25.2
2022,2113009,27.2
2022,2114007,25.2
2022,2200053,19.9
2022,2200103,26.7
2022,2200202,21.4
2022,2200251,27
2022,2200277,16.4
2022,2200301,24.2
2022,2200400,30
2022,2200459,25
2022,2200509,37.2
2022,2200608,22.9
2022,2200707,35.9
2022,2200806,42
2022,2200905,29.2
2022,2200954,43.1
2022,2201002,38.7
2022,2201051,26.7
2022,2201101,28.7
2022,2201150,23.5
2022,2201176,31.4
2022,2201200,37.8
2022,2201309,49.6
2022,2201408,23
2022,2201507,43.2
2022,2201556,17.9
2022,2201572,21.5
2022,2201606,35.3
2022,2201705,36.1
2022,2201739,28.4
2022,2201770,21.9
2022,2201804,16.8
2022,2201903,33.7
2022,2201919,60.4
2022,2201929,36.8
2022,2201945,43.9
2022,2201960,20.7
2022,2201988,54.1
2022,2202000,42.9
2022,2202026,31.9
2022,2202059,31.2
2022,2202075,25.5
2022,2202083,47.2
2022,2202091,11.1
2022,2202109,39.7
2022,2202117,60.3
2022,2202133,22.4
2022,2202174,30.7
2022,2202208,29.6
2022,2202251,57.3
2022,2202307,31.1
2022,2202406,27.7
2022,2202455,38.4
2022,2202505,38
2022,2202539,64.1
2022,2202554,30.1
2022,2202604,22
2022,2202653,51.9
2022,2202703,41.5
2022,2202711,38.7
2022,2202729,23.8
2022,2202737,49.5
2022,2202752,32.1
2022,2202778,23.8
2022,2202802,47.1
2022,2202851,40.5
2022,2202901,45.8
2022,2203008,53.3
2022,2203107,56
2022,2203206,41.6
2022,2203230,52.1
2022,2203255,42.1
2022,2203271,25.2
2022,2203305,34.4
2022,2203354,35.5
2022,2203404,27.3
2022,2203420,21.6
2022,2203453,36.3
2022,2203503,38.8
2022,2203602,35
2022,2203701,34.8
2022,2203750,43.4
2022,2203800,27.4
2022,2203859,38.3
2022,2203909,29.4
2022,2204006,30
2022,2204105,26.2
2022,2204154,27.3
2022,2204204,26.3
2022,2204303,41.8
2022,2204352,34.5
2022,2204402,46.2
2022,2204501,43.7
2022,2204550,40
2022,2204600,17.3
2022,2204659,40.7
2022,2204709,25
2022,2204808,19.5
2022,2204907,35.7
2022,2205003,34.5
2022,2205102,20.4
2022,2205151,39.6
2022,2205201,41.5
2022,2205250,43.8
2022,2205276,39.7
2022,2205300,35.7
2022,2205359,63.8
2022,2205409,30.7
2022,2205458,33.6
2022,2205508,28.8
2022,2205516,17.5
2022,2205524,42.3
2022,2205532,53.5
2022,2205540,29.7
2022,2205557,36.7
2022,2205565,27.8
2022,2205573,31.7
2022,2205581,55.9
2022,2205599,46.8
2022,2205607,26.1
2022,2205706,37.3
2022,2205805,37.5
2022,2205854,21.9
2022,2205904,36.6
2022,2205953,20.8
2022,2206001,24
2022,2206050,46.7
2022,2206100,30.3
2022,2206209,53
2022,2206308,39
2022,2206357,55
2022,2206407,44.3
2022,2206506,34.3
2022,2206605,53.8
2022,2206654,34.8
2022,2206670,34.9
2022,2206696,49.3
2022,2206704,24.4
2022,2206720,26
2022,2206753,26.5
2022,2206803,38.1
2022,2206902,37.3
2022,2206951,41.8
2022,2207009,27.6
2022,2207108,15.9
2022,2207207,24
2022,2207306,42.1
2022,2207355,3.6
2022,2207405,32.3
2022,2207504,43.8
2022,2207553,45.1
2022,2207603,50.8
2022,2207702,36.2
2022,2207751,41.9
2022,2207777,29.9
2022,2207793,65.2
2022,2207801,54.6
2022,2207850,38.8
2022,2207900,33.4
2022,2207934,26.3
2022,2207959,33.5
2022,2208007,23.9
2022,2208106,35.6
2022,2208205,22.2
2022,2208304,17.2
2022,2208403,26
2022,2208502,49.3
2022,2208551,24
2022,2208601,31.2
2022,2208650,33.4
2022,2208700,24.4
2022,2208809,43.5
2022,2208858,48.7
2022,2208874,32.2
2022,2208908,21.1
2022,2209005,38.3
2022,2209104,33.5
2022,2209153,31.5
2022,2209203,21.2
2022,2209302,27.9
2022,2209351,20.8
2022,2209377,26.1
2022,2209401,34.3
2022,2209450,27.8
2022,2209500,42.8
2022,2209559,33.9
2022,2209609,40.7
2022,2209658,23.8
2022,2209708,33.2
2022,2209757,41.7
2022,2209807,22.8
2022,2209856,31.3
2022,2209872,24.9
2022,2209906,18
2022,2209955,44
2022,2209971,33.9
2022,2210003,33.2
2022,2210052,22.1
2022,2210102,21.6
2022,2210201,24.4
2022,2210300,26.2
2022,2210359,40.8
2022,2210375,33.6
2022,2210383,35.2
2022,2210391,15.7
2022,2210409,23.3
2022,2210508,43
2022,2210607,25.1
2022,2210623,48.8
2022,2210631,16.8
2022,2210656,38.5
2022,2210706,24.2
2022,2210805,30.6
2022,2210904,20.7
2022,2210938,26.1
2022,2210953,48.8
2022,2210979,37.2
2022,2211001,24
2022,2211100,34.8
2022,2211209,38.6
2022,2211308,29.7
2022,2211357,47.4
2022,2211407,30.6
2022,2211506,46.2
2022,2211605,19.7
2022,2211704,24.1
2022,2300101,7.9
2022,2300150,24.5
2022,2300200,11.5
2022,2300309,10.5
2022,2300408,12.9
2022,2300507,19.3
2022,2300606,13.9
2022,2300705,23.4
2022,2300754,13.4
2022,2300804,10.7
2022,2300903,14.7
2022,2301000,20.3
2022,2301109,18.1
2022,2301208,12
2022,2301257,18.6
2022,2301307,18.8
2022,2301406,15.5
2022,2301505,12.3
2022,2301604,8.6
2022,2301703,22.8
2022,2301802,22.3
2022,2301851,21.8
2022,2301901,16.7
2022,2301950,19
2022,2302008,19.7
2022,2302057,19.8
2022,2302107,25.6
2022,2302206,19.3
2022,2302305,5.5
2022,2302404,26.3
2022,2302503,12.6
2022,2302602,12.4
2022,2302701,10
2022,2302800,23.1
2022,2302909,21.8
2022,2303006,21.8
2022,2303105,9.7
2022,2303204,14.3
2022,2303303,16.9
2022,2303402,19.1
2022,2303501,12.6
2022,2303600,9.8
2022,2303659,5.8
2022,2303709,19.4
2022,2303808,33.5
2022,2303907,21.6
2022,2303931,20.3
2022,2303956,22.8
2022,2304004,9
2022,2304103,19
2022,2304202,22.2
2022,2304236,20.2
2022,2304251,8.2
2022,2304269,8.2
2022,2304277,19.2
2022,2304285,13.4
2022,2304301,14.5
2022,2304350,6.1
2022,2304400,21.8
2022,2304459,26.2
2022,2304509,10.2
2022,2304608,19.6
2022,2304657,17.1
2022,2304707,11.1
2022,2304806,18.5
2022,2304905,5.1
2022,2304954,22
2022,2305001,13.2
2022,2305100,32
2022,2305209,12.7
2022,2305233,12.4
2022,2305266,20.4
2022,2305308,21.6
2022,2305332,12.2
2022,2305357,32.5
2022,2305407,17.9
2022,2305506,15.3
2022,2305605,11
2022,2305654,10.7
2022,2305704,43.9
2022,2305803,18.1
2022,2305902,33.2
2022,2306009,5.8
2022,2306108,7.1
2022,2306207,11.9
2022,2306256,16.2
2022,2306306,11.8
2022,2306405,11.5
2022,2306504,23.6
2022,2306553,11.3
2022,2306603,27.4
2022,2306702,19
2022,2306801,17.5
2022,2306900,15.3
2022,2307007,10.5
2022,2307106,22.8
2022,2307205,17.2
2022,2307254,7
2022,2307304,18
2022,2307403,8.6
2022,2307502,29.6
2022,2307601,13.2
2022,2307635,28.7
2022,2307650,14.1
2022,2307700,12.1
2022,2307809,7.7
2022,2307908,17.6
2022,2308005,7.2
2022,2308104,11.4
2022,2308203,7.4
2022,2308302,17.2
2022,2308351,13.7
2022,2308377,16.5
2022,2308401,18.4
2022,2308500,14.2
2022,2308609,32.7
2022,2308708,27.3
2022,2308807,17.4
2022,2308906,6.4
2022,2309003,13
2022,2309102,15.9
2022,2309201,7.7
2022,2309300,21.7
2022,2309409,8.4
2022,2309458,19.2
2022,2309508,20.4
2022,2309607,15.7
2022,2309706,14.2
2022,2309805,22.1
2022,2309904,7.4
2022,2310001,10.4
2022,2310100,10.4
2022,2310209,8.4
2022,2310258,10.3
2022,2310308,9.2
2022,2310407,38.7
2022,2310506,9.2
2022,2310605,14.1
2022,2310704,10.2
2022,2310803,21.1
2022,2310852,16.2
2022,2310902,17.1
2022,2310951,9.1
2022,2311009,22.4
2022,2311108,10.5
2022,2311207,32.4
2022,2311231,14.3
2022,2311264,12.1
2022,2311306,13.9
2022,2311355,21.3
2022,2311405,14.9
2022,2311504,17
2022,2311603,11.1
2022,2311702,11.7
2022,2311801,16.8
2022,2311900,24.3
2022,2311959,25.1
2022,2312007,17.2
2022,2312106,18.8
2022,2312205,13.7
2022,2312304,14.4
2022,2312403,10.9
2022,2312502,17.3
2022,2312601,19.6
2022,2312700,10.8
2022,2312809,10.7
2022,2312908,6.4
2022,2313005,7.9
2022,2313104,16.8
2022,2313203,20.9
2022,2313252,15.6
2022,2313302,7.5
2022,2313351,17.2
2022,2313401,8.2
2022,2313500,11.2
2022,2313559,7.2
2022,2313609,7.7
2022,2313708,31.6
2022,2313757,24.5
2022,2313807,8.8
2022,2313906,21.6
2022,2313955,14.7
2022,2314003,11.4
2022,2314102,19.8
2022,2400109,17.1
2022,2400208,30.1
2022,2400307,57.5
2022,2400406,27.3
2022,2400505,39.3
2022,2400604,38.5
2022,2400703,35.6
2022,2400802,54.8
2022,2400901,45.7
2022,2401008,28.1
2022,2401107,35.9
2022,2401206,58.2
2022,2401305,48.5
2022,2401404,52.2
2022,2401453,48.3
2022,2401503,51.5
2022,2401602,41.7
2022,2401651,45.8
2022,2401701,45.6
2022,2401800,26.6
2022,2401859,18.2
2022,2401909,42.1
2022,2402006,22.5
2022,2402105,44.3
2022,2402204,42.5
2022,2402303,36.3
2022,2402402,21.8
2022,2402501,65
2022,2402600,49
2022,2402709,30.2
2022,2402808,43.4
2022,2402907,47.7
2022,2403004,31
2022,2403103,23.7
2022,2403202,29.5
2022,2403251,28.8
2022,2403301,41.7
2022,2403400,43.9
2022,2403509,25.9
2022,2403608,36.1
2022,2403707,37.6
2022,2403756,60.7
2022,2403806,29.4
2022,2403905,26.8
2022,2404002,47.1
2022,2404101,43.8
2022,2404200,58.1
2022,2404309,55.3
2022,2404408,47
2022,2404507,52
2022,2404606,59.3
2022,2404705,34.1
2022,2404804,41.4
2022,2404853,49.1
2022,2404903,48
2022,2405009,38.4
2022,2405108,30.8
2022,2405207,49.8
2022,2405306,61.1
2022,2405405,40.1
2022,2405504,39.5
2022,2405603,29.5
2022,2405702,31.5
2022,2405801,36.7
2022,2405900,52.9
2022,2406007,35.4
2022,2406106,40.1
2022,2406155,48.4
2022,2406205,40
2022,2406304,29.6
2022,2406403,74.5
2022,2406502,49.2
2022,2406601,47.3
2022,2406700,29.6
2022,2406809,33.8
2022,2406908,57.1
2022,2407005,44.6
2022,2407104,40.6
2022,2407203,33.3
2022,2407252,32.2
2022,2407302,42.6
2022,2407401,40.9
2022,2407500,49.1
2022,2407609,41.7
2022,2407708,44.9
2022,2407807,56.8
2022,2407906,33.6
2022,2408003,29.9
2022,2408102,35.3
2022,2408201,48
2022,2408300,27.6
2022,2408409,29.4
2022,2408508,22
2022,2408607,31.5
2022,2408706,57.7
2022,2408805,46.6
2022,2408904,28.8
2022,2408953,55.7
2022,2409100,36.5
2022,2409209,50
2022,2409308,47.7
2022,2409332,49.5
2022,2409407,20.5
2022,2409506,39
2022,2409605,40.4
2022,2409704,71
2022,2409803,40.9
2022,2409902,34.2
2022,2410009,48.6
2022,2410108,27.1
2022,2410207,46.5
2022,2410256,49.8
2022,2410306,52.1
2022,2410405,71.8
2022,2410504,40.9
2022,2410603,25.8
2022,2410702,40
2022,2410801,44.5
2022,2410900,44.2
2022,2411007,37.5
2022,2411056,53
2022,2411106,29
2022,2411205,26.1
2022,2411403,53
2022,2411429,22.4
2022,2411502,47
2022,2411601,39.2
2022,2411700,30.4
2022,2411809,30.8
2022,2411908,25.9
2022,2412005,50
2022,2412104,25.3
2022,2412203,58.8
2022,2412302,44.8
2022,2412401,18.3
2022,2412500,40.5
2022,2412559,68.8
2022,2412609,27
2022,2412708,42.5
2022,2412807,35.5
2022,2412906,50.4
2022,2413003,32.5
2022,2413102,59.9
2022,2413201,59.7
2022,2413300,48.1
2022,2413359,39.2
2022,2413409,24.6
2022,2413508,48.1
2022,2413557,40.1
2022,2413607,30.2
2022,2413706,34.7
2022,2413805,47.9
2022,2413904,55.6
2022,2414001,42.6
2022,2414100,42
2022,2414159,27.5
2022,2414209,58.6
2022,2414308,37.7
2022,2414407,49.4
2022,2414456,47.4
2022,2414506,24.9
2022,2414605,39
2022,2414704,40.1
2022,2414753,52.3
2022,2414803,59
2022,2414902,42.4
2022,2415008,63
2022,2500106,31.5
2022,2500205,27.7
2022,2500304,42.2
2022,2500403,46.5
2022,2500502,26.5
2022,2500536,22.9
2022,2500577,36.4
2022,2500601,38
2022,2500700,42.5
2022,2500734,25
2022,2500775,17.2
2022,2500809,42.6
2022,2500908,41.4
2022,2501005,36.6
2022,2501104,28
2022,2501153,44.8
2022,2501203,26.4
2022,2501302,35.2
2022,2501351,33.1
2022,2501401,37.6
2022,2501500,36.4
2022,2501534,21.9
2022,2501575,34.7
2022,2501609,33
2022,2501708,28
2022,2501807,33.6
2022,2501906,19.8
2022,2502003,36.7
2022,2502052,35
2022,2502102,26.6
2022,2502151,25.9
2022,2502201,41.7
2022,2502300,18.2
2022,2502409,28.8
2022,2502508,25.2
2022,2502607,25.1
2022,2502706,30.8
2022,2502805,22.8
2022,2502904,30.4
2022,2503001,36.5
2022,2503100,18.8
2022,2503209,31
2022,2503308,59.2
2022,2503407,22.1
2022,2503506,31.7
2022,2503555,29.1
2022,2503605,22.1
2022,2503704,24.1
2022,2503753,28.9
2022,2503803,22.9
2022,2503902,23.2
2022,2504009,22.5
2022,2504033,30.9
2022,2504074,19
2022,2504108,14
2022,2504157,42.3
2022,2504207,21.4
2022,2504306,14.5
2022,2504355,36.5
2022,2504405,31.5
2022,2504504,19.9
2022,2504603,36.6
2022,2504702,22.1
2022,2504801,25.9
2022,2504850,21.4
2022,2504900,35.3
2022,2505006,40.9
2022,2505105,22.6
2022,2505204,22.3
2022,2505238,35.9
2022,2505279,36.4
2022,2505303,26.1
2022,2505352,25.8
2022,2505402,21.5
2022,2505501,25.6
2022,2505600,18.2
2022,2505709,13.9
2022,2505808,27.8
2022,2505907,28.7
2022,2506004,20.1
2022,2506103,28.2
2022,2506202,22.2
2022,2506251,35.9
2022,2506301,19.9
2022,2506400,31.1
2022,2506509,19.7
2022,2506608,26.8
2022,2506707,28.3
2022,2506806,42.6
2022,2506905,24.4
2022,2507002,19.6
2022,2507101,33.6
2022,2507200,24.9
2022,2507309,34.5
2022,2507408,22.4
2022,2507507,22.3
2022,2507606,38.6
2022,2507705,33.7
2022,2507804,22.2
2022,2507903,23.3
2022,2508000,26.8
2022,2508109,30.4
2022,2508208,35.3
2022,2508307,43.2
2022,2508406,29.6
2022,2508505,21.2
2022,2508554,17.3
2022,2508604,47.4
2022,2508703,33.3
2022,2508802,18.4
2022,2508901,29.4
2022,2509008,27.7
2022,2509057,55.1
2022,2509107,32.2
2022,2509156,34.9
2022,2509206,35.4
2022,2509305,49.3
2022,2509339,42.3
2022,2509370,23.8
2022,2509396,37.4
2022,2509404,29.5
2022,2509503,43.8
2022,2509602,32
2022,2509701,16.3
2022,2509800,49.7
2022,2509909,18
2022,2510006,29.4
2022,2510105,32.9
2022,2510204,25.3
2022,2510303,25.8
2022,2510402,23.7
2022,2510501,33.3
2022,2510600,11.8
2022,2510659,21.7
2022,2510709,18.2
2022,2510808,15
2022,2510907,20.2
2022,2511004,17.2
2022,2511103,25.2
2022,2511202,31.7
2022,2511301,28.5
2022,2511400,19.8
2022,2511509,31
2022,2511608,34.6
2022,2511707,22.4
2022,2511806,37.7
2022,2511905,37.7
2022,2512002,35.1
2022,2512036,23.1
2022,2512077,27.2
2022,2512101,19.6
2022,2512200,23.6
2022,2512309,25.3
2022,2512408,27.6
2022,2512507,35.9
2022,2512606,50
2022,2512705,37.1
2022,2512721,28.7
2022,2512747,21.4
2022,2512754,24.5
2022,2512762,33.7
2022,2512788,42.5
2022,2512804,20.4
2022,2512903,30.8
2022,2513000,26.4
2022,2513109,32
2022,2513158,37.2
2022,2513208,24
2022,2513307,22.2
2022,2513356,23
2022,2513406,16.8
2022,2513505,34
2022,2513604,19.5
2022,2513653,36
2022,2513703,38.7
2022,2513802,25.2
2022,2513851,23.4
2022,2513901,34
2022,2513927,13.5
2022,2513943,22.3
2022,2513968,18.8
2022,2513984,14.4
2022,2514008,25.4
2022,2514107,20.9
2022,2514206,35.6
2022,2514305,41
2022,2514404,37.8
2022,2514453,50.7
2022,2514503,36.8
2022,2514552,22.8
2022,2514602,24.5
2022,2514651,44.2
2022,2514701,26.8
2022,2514800,26.4
2022,2514909,16.5
2022,2515005,29.5
2022,2515104,37
2022,2515203,29.5
2022,2515302,35.5
2022,2515401,21.9
2022,2515500,23.8
2022,2515609,24.5
2022,2515708,26.8
2022,2515807,41.1
2022,2515906,31.5
2022,2515930,32.1
2022,2515971,39
2022,2516003,40.5
2022,2516102,33.2
2022,2516151,22
2022,2516201,22.8
2022,2516300,28.2
2022,2516409,23.3
2022,2516508,38.4
2022,2516607,28.1
2022,2516706,20.7
2022,2516755,22.2
2022,2516805,24.2
2022,2516904,42.8
2022,2517001,24.9
2022,2517100,21.5
2022,2517209,28.9
2022,2517407,14.5
2022,2600054,20.5
2022,2600104,17.9
2022,2600203,18.9
2022,2600302,23.7
2022,2600401,29.5
2022,2600500,31.5
2022,2600609,33.1
2022,2600708,29.8
2022,2600807,27.7
2022,2600906,22.1
2022,2601003,33.8
2022,2601052,19.7
2022,2601102,13.7
2022,2601201,16.7
2022,2601300,18.4
2022,2601409,23.5
2022,2601508,16.9
2022,2601607,26.7
2022,2601706,29.2
2022,2601805,28.4
2022,2601904,17.8
2022,2602001,19.9
2022,2602100,27.8
2022,2602209,16.7
2022,2602308,12
2022,2602407,23.9
2022,2602506,14
2022,2602605,23.9
2022,2602704,20.3
2022,2602803,27.7
2022,2602902,22.8
2022,2603009,12.3
2022,2603108,19.9
2022,2603207,26.5
2022,2603306,23.6
2022,2603405,19.8
2022,2603454,20.1
2022,2603504,19.4
2022,2603603,22.8
2022,2603702,31.8
2022,2603801,26
2022,2603900,11.9
2022,2603926,39.9
2022,2604007,14.6
2022,2604106,23.6
2022,2604155,24.7
2022,2604205,24
2022,2604304,16.8
2022,2604403,9.6
2022,2604502,17.8
2022,2604601,25
2022,2604700,30.6
2022,2604809,17.6
2022,2604908,22.1
2022,2605004,23.7
2022,2605103,16.8
2022,2605152,12.9
2022,2605202,15.8
2022,2605301,16.9
2022,2605400,17.4
2022,2605459,8.1
2022,2605509,24.2
2022,2605608,20.3
2022,2605707,29.6
2022,2605806,26.3
2022,2605905,35.3
2022,2606002,21.3
2022,2606101,21
2022,2606200,19.9
2022,2606309,28.2
2022,2606408,17.5
2022,2606507,28.9
2022,2606606,23.2
2022,2606705,17.3
2022,2606804,18.9
2022,2606903,17.1
2022,2607000,34.5
2022,2607109,20.6
2022,2607208,21.3
2022,2607307,13.7
2022,2607406,43
2022,2607505,28.2
2022,2607604,13.5
2022,2607653,23.6
2022,2607703,26.5
2022,2607752,21.2
2022,2607802,24.7
2022,2607901,20
2022,2607950,27.9
2022,2608008,17
2022,2608057,39.4
2022,2608107,17.2
2022,2608206,27.2
2022,2608255,22.4
2022,2608305,17.6
2022,2608404,29.2
2022,2608453,20.1
2022,2608503,19.9
2022,2608602,27.4
2022,2608701,19.1
2022,2608750,17.6
2022,2608800,13.1
2022,2608909,14.1
2022,2609006,15.8
2022,2609105,18.7
2022,2609154,20
2022,2609204,38.8
2022,2609303,22.7
2022,2609402,22.3
2022,2609501,17
2022,2609600,22
2022,2609709,12.2
2022,2609808,17.2
2022,2609907,19.1
2022,2610004,22.6
2022,2610103,31.5
2022,2610202,20.4
2022,2610301,24.7
2022,2610400,10.5
2022,2610509,16.7
2022,2610608,24.6
2022,2610707,17
2022,2610806,37.1
2022,2610905,26.4
2022,2611002,25.5
2022,2611101,18
2022,2611200,22.4
2022,2611309,14.5
2022,2611408,19.1
2022,2611507,19.3
2022,2611533,11.5
2022,2611606,17.3
2022,2611705,17.7
2022,2611804,21.3
2022,2611903,26.7
2022,2612000,14.5
2022,2612109,16.3
2022,2612208,14.6
2022,2612307,29
2022,2612406,22.6
2022,2612455,23.6
2022,2612471,16.1
2022,2612505,23.9
2022,2612554,18.1
2022,2612604,30.8
2022,2612703,21.4
2022,2612802,18
2022,2612901,19
2022,2613008,19.6
2022,2613107,21.3
2022,2613206,34
2022,2613305,20.6
2022,2613404,24
2022,2613503,14.3
2022,2613602,15
2022,2613701,23.6
2022,2613800,23.3
2022,2613909,16.5
2022,2614006,17.9
2022,2614105,23
2022,2614204,21.3
2022,2614303,16.8
2022,2614402,13.4
2022,2614501,15.9
2022,2614600,17
2022,2614709,36.4
2022,2614808,34.8
2022,2614857,23
2022,2615003,23.6
2022,2615102,25.1
2022,2615201,9.9
2022,2615300,16.2
2022,2615409,23.7
2022,2615508,13.1
2022,2615607,19.2
2022,2615706,10.8
2022,2615805,28
2022,2615904,14.7
2022,2616001,20.2
2022,2616100,19.3
2022,2616183,25.1
2022,2616209,14.3
2022,2616308,23
2022,2616407,20
2022,2616506,16.4
2022,2700102,35.4
2022,2700201,34.6
2022,2700300,22.8
2022,2700409,36.3
2022,2700508,38.6
2022,2700607,28.2
2022,2700706,23
2022,2700805,19.8
2022,2700904,43.2
2022,2701001,36.8
2022,2701100,27.9
2022,2701209,31.6
2022,2701308,38.3
2022,2701357,23.8
2022,2701407,26.1
2022,2701506,0
2022,2701605,19.6
2022,2701704,27.8
2022,2701803,35.2
2022,2701902,33.2
2022,2702009,30.5
2022,2702108,33
2022,2702207,35.1
2022,2702306,23.8
2022,2702355,37
2022,2702405,26.6
2022,2702504,48
2022,2702553,24.6
2022,2702603,32.5
2022,2702702,28.3
2022,2702801,--
2022,2702900,40.2
2022,2703007,31.1
2022,2703106,22.4
2022,2703205,34.5
2022,2703304,24.7
2022,2703403,41.3
2022,2703502,35.7
2022,2703601,36
2022,2703700,33.5
2022,2703759,--
2022,2703809,36.5
2022,2703908,24.9
2022,2704005,24.7
2022,2704104,38.8
2022,2704203,35.3
2022,2704302,24.2
2022,2704401,17.3
2022,2704500,38
2022,2704609,25.5
2022,2704708,42.3
2022,2704807,25.5
2022,2704906,21.4
2022,2705002,33.2
2022,2705101,31.9
2022,2705200,27.2
2022,2705309,22.4
2022,2705408,43.1
2022,2705507,32.2
2022,2705606,35.4
2022,2705705,42.4
2022,2705804,33
2022,2705903,33.8
2022,2706000,36.8
2022,2706109,25.5
2022,2706208,23.5
2022,2706307,22.4
2022,2706406,27.7
2022,2706422,28.4
2022,2706448,32.9
2022,2706505,32.4
2022,2706604,27.8
2022,2706703,23.7
2022,2706802,32.1
2022,2706901,26.3
2022,2707008,28.1
2022,2707107,23.8
2022,2707206,41.2
2022,2707305,24.5
2022,2707404,28.6
2022,2707503,29.5
2022,2707602,33.5
2022,2707701,30.4
2022,2707800,--
2022,2707909,35.4
2022,2708006,30.9
2022,2708105,30.9
2022,2708204,26.5
2022,2708303,27.1
2022,2708402,25.6
2022,2708501,30.6
2022,2708600,29.6
2022,2708709,25.9
2022,2708808,30.2
2022,2708907,29
2022,2708956,31.2
2022,2709004,23.3
2022,2709103,25.8
2022,2709152,20.7
2022,2709202,33.4
2022,2709301,21.3
2022,2709400,25.2
2022,2800100,37.3
2022,2800209,42.1
2022,2800308,25.8
2022,2800407,30.4
2022,2800506,48.2
2022,2800605,39.7
2022,2800670,24.6
2022,2800704,49
2022,2801009,30.8
2022,2801108,23.1
2022,2801207,34.2
2022,2801306,36.1
2022,2801405,49.7
2022,2801504,27.1
2022,2801603,32.9
2022,2801702,33.6
2022,2801900,37.3
2022,2802007,38.9
2022,2802106,40.4
2022,2802205,41.1
2022,2802304,45.7
2022,2802403,28.8
2022,2802502,28.6
2022,2802601,41.6
2022,2802700,42.4
2022,2802809,40.2
2022,2802908,33.2
2022,2803005,37.2
2022,2803104,17.5
2022,2803203,42.2
2022,2803302,37.7
2022,2803401,43.9
2022,2803500,25.3
2022,2803609,53.8
2022,2803708,33.6
2022,2803807,30.1
2022,2803906,40
2022,2804003,35.6
2022,2804102,30.8
2022,2804201,33.7
2022,2804300,27.9
2022,2804409,29.1
2022,2804458,38.1
2022,2804508,36.3
2022,2804607,27.4
2022,2804706,19.2
2022,2804805,36.4
2022,2804904,42.4
2022,2805000,56.6
2022,2805109,39.4
2022,2805208,55
2022,2805307,51.4
2022,2805406,45.9
2022,2805505,31.1
2022,2805604,37.4
2022,2805703,22.1
2022,2805802,43.4
2022,2805901,54.6
2022,2806008,33.2
2022,2806107,32.4
2022,2806206,30.8
2022,2806305,52.4
2022,2806404,34.8
2022,2806503,39.1
2022,2806602,37
2022,2806701,34.5
2022,2806800,32.4
2022,2806909,31.3
2022,2807006,51.3
2022,2807105,26.4
2022,2807204,35.5
2022,2807303,36.4
2022,2807402,29.9
2022,2807501,35.3
2022,2807600,32.3
2022,2900108,30.9
2022,2900207,31.3
2022,2900306,37.8
2022,2900355,51.1
2022,2900405,58.5
2022,2900504,40.1
2022,2900603,34.3
2022,2900702,40.4
2022,2900801,46.1
2022,2900900,40.9
2022,2901007,46.1
2022,2901106,45.8
2022,2901155,18.8
2022,2901205,41.3
2022,2901304,37.6
2022,2901353,45.4
2022,2901403,39.2
2022,2901502,32.2
2022,2901601,52.3
2022,2901700,40.9
2022,2901809,34.8
2022,2901908,47.2
2022,2901957,42.6
2022,2902005,31.4
2022,2902054,49
2022,2902104,53.3
2022,2902203,49
2022,2902252,49.9
2022,2902302,43.3
2022,2902401,48.7
2022,2902500,37.5
2022,2902609,32.2
2022,2902658,36.2
2022,2902708,46.2
2022,2902807,44.4
2022,2902906,43.8
2022,2903003,22.7
2022,2903102,47.6
2022,2903201,35
2022,2903235,26.4
2022,2903276,32.2
2022,2903300,39.8
2022,2903409,47.6
2022,2903508,31.2
2022,2903607,57.2
2022,2903706,34.9
2022,2903805,36.9
2022,2903904,40.9
2022,2903953,32.5
2022,2904001,23.5
2022,2904050,31.7
2022,2904100,30.1
2022,2904209,29.7
2022,2904308,39.6
2022,2904407,30.9
2022,2904506,28.5
2022,2904605,33.9
2022,2904704,48.5
2022,2904753,29.7
2022,2904803,29.1
2022,2904852,35.3
2022,2904902,38.6
2022,2905008,38.4
2022,2905107,33.3
2022,2905156,36.1
2022,2905206,38.1
2022,2905305,29.8
2022,2905404,42.2
2022,2905503,32.3
2022,2905602,39.1
2022,2905701,35.6
2022,2905800,38.8
2022,2905909,34.3
2022,2906006,43.4
2022,2906105,32.8
2022,2906204,29.4
2022,2906303,44.9
2022,2906402,30.4
2022,2906501,34.1
2022,2906600,18.8
2022,2906709,24.5
2022,2906808,52.8
2022,2906824,33.2
2022,2906857,27.1
2022,2906873,35.5
2022,2906899,36.7
2022,2906907,46.6
2022,2907004,57.5
2022,2907103,33
2022,2907202,42.7
2022,2907301,29.5
2022,2907400,35.6
2022,2907509,47.7
2022,2907558,39.4
2022,2907608,34.5
2022,2907707,41.9
2022,2907806,41.9
2022,2907905,41.3
2022,2908002,43.5
2022,2908101,40.2
2022,2908200,45.2
2022,2908309,38.2
2022,2908408,35.5
2022,2908507,40.6
2022,2908606,61
2022,2908705,35.5
2022,2908804,48.6
2022,2908903,42.9
2022,2909000,18.2
2022,2909109,29.9
2022,2909208,44.1
2022,2909307,36.9
2022,2909406,33.5
2022,2909505,37.2
2022,2909604,33.5
2022,2909703,33.3
2022,2909802,37.6
2022,2909901,37
2022,2910008,29.9
2022,2910057,35.9
2022,2910107,46.4
2022,2910206,32.6
2022,2910305,25.7
2022,2910404,43.8
2022,2910503,50.6
2022,2910602,54.1
2022,2910701,43.8
2022,2910727,38.4
2022,2910750,28.8
2022,2910776,31.9
2022,2910800,38.4
2022,2910859,41.4
2022,2910909,50.5
2022,2911006,45.8
2022,2911105,38.5
2022,2911204,31.1
2022,2911253,24.1
2022,2911303,30.8
2022,2911402,37.6
2022,2911501,48.3
2022,2911600,21.5
2022,2911659,32.2
2022,2911709,32.2
2022,2911808,45.1
2022,2911857,33.5
2022,2911907,41.3
2022,2912004,24
2022,2912103,44.2
2022,2912202,45.7
2022,2912301,49.1
2022,2912400,29.2
2022,2912509,15.4
2022,2912608,43.5
2022,2912707,40.4
2022,2912806,33.6
2022,2912905,52.5
2022,2913002,14.6
2022,2913101,27.1
2022,2913200,29.1
2022,2913309,29.3
2022,2913408,39.8
2022,2913457,36
2022,2913507,40.1
2022,2913606,41.2
2022,2913705,57.2
2022,2913804,49.4
2022,2913903,36
2022,2914000,40.9
2022,2914109,36.8
2022,2914208,30
2022,2914307,38.4
2022,2914406,24.1
2022,2914505,49.2
2022,2914604,26.5
2022,2914653,43
2022,2914703,37.7
2022,2914802,31.9
2022,2914901,43.9
2022,2915007,20.8
2022,2915106,47.5
2022,2915205,32.8
2022,2915304,56.1
2022,2915353,25
2022,2915403,41.7
2022,2915502,52.6
2022,2915601,34.2
2022,2915700,48.8
2022,2915809,43.7
2022,2915908,59.3
2022,2916005,48.2
2022,2916104,46.3
2022,2916203,40
2022,2916302,59.6
2022,2916401,37.5
2022,2916500,47.6
2022,2916609,48.8
2022,2916708,40.4
2022,2916807,34.6
2022,2916856,38.1
2022,2916906,27.5
2022,2917003,45.5
2022,2917102,54.4
2022,2917201,46
2022,2917300,39.7
2022,2917334,35.7
2022,2917359,22.7
2022,2917409,23.6
2022,2917508,38.7
2022,2917607,38.6
2022,2917706,29.3
2022,2917805,42.1
2022,2917904,50.8
2022,2918001,41.9
2022,2918100,40.9
2022,2918209,39.1
2022,2918308,38.9
2022,2918357,23.8
2022,2918407,36.8
2022,2918456,41.7
2022,2918506,35.4
2022,2918555,37.2
2022,2918605,26.2
2022,2918704,17.6
2022,2918753,38.6
2022,2918803,36.3
2022,2918902,38.6
2022,2919009,46.7
2022,2919058,50
2022,2919108,44.3
2022,2919157,26.6
2022,2919207,31.5
2022,2919306,38.2
2022,2919405,15.8
2022,2919504,29.1
2022,2919553,28.1
2022,2919603,47.7
2022,2919702,33.5
2022,2919801,28.7
2022,2919900,39.5
2022,2919926,34.9
2022,2919959,34.2
2022,2920007,40.2
2022,2920106,44.3
2022,2920205,40.4
2022,2920304,38.6
2022,2920403,33.4
2022,2920452,26.6
2022,2920502,28.6
2022,2920601,39.1
2022,2920700,52.7
2022,2920809,33.4
2022,2920908,40
2022,2921005,32.5
2022,2921054,42.5
2022,2921104,37.4
2022,2921203,37.4
2022,2921302,32.3
2022,2921401,40.6
2022,2921450,32.5
2022,2921500,41.7
2022,2921609,33.9
2022,2921708,40.7
2022,2921807,19
2022,2921906,45.9
2022,2922003,38.1
2022,2922052,26.9
2022,2922102,34.1
2022,2922201,26
2022,2922250,40.4
2022,2922300,43.3
2022,2922409,39.3
2022,2922508,41.2
2022,2922607,38.8
2022,2922656,36
2022,2922706,53.6
2022,2922730,26.4
2022,2922755,46.2
2022,2922805,23.7
2022,2922854,28.5
2022,2922904,36.4
2022,2923001,34.7
2022,2923035,18.1
2022,2923050,44.1
2022,2923100,45.3
2022,2923209,32.8
2022,2923308,58.3
2022,2923357,44.6
2022,2923407,52.5
2022,2923506,35.6
2022,2923605,36.8
2022,2923704,50.5
2022,2923803,37.2
2022,2923902,37.7
2022,2924009,38.5
2022,2924058,35.1
2022,2924108,46.4
2022,2924207,48.9
2022,2924306,25.5
2022,2924405,55.6
2022,2924504,37.7
2022,2924603,38.8
2022,2924652,23.8
2022,2924678,49.8
2022,2924702,30.9
2022,2924801,35.1
2022,2924900,28.5
2022,2925006,32.7
2022,2925105,33.2
2022,2925204,39
2022,2925253,46.9
2022,2925303,39.9
2022,2925402,30.7
2022,2925501,49.8
2022,2925600,27
2022,2925709,40.2
2022,2925758,40.9
2022,2925808,44.5
2022,2925907,42.4
2022,2925931,33.9
2022,2925956,41.3
2022,2926004,40.6
2022,2926103,30.4
2022,2926202,43.8
2022,2926301,32.6
2022,2926400,27.2
2022,2926509,43.1
2022,2926608,35.1
2022,2926657,40.3
2022,2926707,16
2022,2926806,35.7
2022,2926905,26.3
2022,2927002,33.4
2022,2927101,30.2
2022,2927200,37.1
2022,2927309,53.7
2022,2927408,38.7
2022,2927507,46
2022,2927606,45.7
2022,2927705,43.4
2022,2927804,39.3
2022,2927903,40.9
2022,2928000,32.1
2022,2928059,53.5
2022,2928109,34.2
2022,2928208,29
2022,2928307,43.2
2022,2928406,30.5
2022,2928505,25.4
2022,2928604,45.8
2022,2928703,33.1
2022,2928802,42.8
2022,2928901,33.4
2022,2928950,22.8
2022,2929008,45.9
2022,2929057,28.9
2022,2929107,37.2
2022,2929206,37.6
2022,2929255,30.7
2022,2929305,35.8
2022,2929354,36
2022,2929370,40.8
2022,2929404,37.6
2022,2929503,39.6
2022,2929602,38.3
2022,2929701,61.8
2022,2929750,24.8
2022,2929800,36.6
2022,2929909,34.5
2022,2930006,35.6
2022,2930105,39.4
2022,2930154,35.9
2022,2930204,41.7
2022,2930303,23.2
2022,2930402,40
2022,2930501,46.3
2022,2930600,38.5
2022,2930709,44.6
2022,2930758,33.5
2022,2930766,38.4
2022,2930774,42.1
2022,2930808,12.4
2022,2930907,27.6
2022,2931004,48.2
2022,2931053,31.8
2022,2931103,40.2
2022,2931202,46.6
2022,2931301,23
2022,2931350,33.6
2022,2931400,55.6
2022,2931509,35.6
2022,2931608,39.3
2022,2931707,64.7
2022,2931806,45.4
2022,2931905,37.7
2022,2932002,37.6
2022,2932101,39.6
2022,2932200,39
2022,2932309,45.9
2022,2932408,43
2022,2932457,39.3
2022,2932507,42.9
2022,2932606,32
2022,2932705,51.3
2022,2932804,34.2
2022,2932903,49.8
2022,2933000,24.8
2022,2933059,31.7
2022,2933109,45.7
2022,2933158,39.4
2022,2933174,33.8
2022,2933208,51.3
2022,2933257,45.2
2022,2933307,33.1
2022,2933406,40
2022,2933455,27.6
2022,2933505,58.9
2022,2933604,43.2
2022,3100104,5.5
2022,3100203,20.9
2022,3100302,17.1
2022,3100401,18.7
2022,3100500,25.3
2022,3100609,27.4
2022,3100708,22.8
2022,3100807,16.9
2022,3100906,22.1
2022,3101003,25.2
2022,3101102,20.4
2022,3101201,18.9
2022,3101300,22.7
2022,3101409,24.7
2022,3101508,24.3
2022,3101607,15.5
2022,3101631,13.7
2022,3101706,25.1
2022,3101805,19
2022,3101904,17
2022,3102001,12
2022,3102050,24.9
2022,3102100,23.8
2022,3102209,20.6
2022,3102308,16.4
2022,3102407,18.9
2022,3102506,24.6
2022,3102605,14.7
2022,3102704,21.7
2022,3102803,21.6
2022,3102852,13
2022,3102902,18.8
2022,3103009,15.4
2022,3103108,26.9
2022,3103207,12.8
2022,3103306,23.1
2022,3103405,17.1
2022,3103504,11.6
2022,3103603,20.3
2022,3103702,30
2022,3103751,28.3
2022,3103801,4.3
2022,3103900,6.9
2022,3104007,18.5
2022,3104106,21.2
2022,3104205,13.4
2022,3104304,16.6
2022,3104403,45.8
2022,3104452,9.6
2022,3104502,11.2
2022,3104601,16.2
2022,3104700,33
2022,3104809,18.7
2022,3104908,15.3
2022,3105004,16.5
2022,3105103,24.6
2022,3105202,15.5
2022,3105301,33.9
2022,3105400,14.3
2022,3105509,29.8
2022,3105608,20.8
2022,3105707,19.3
2022,3105905,22.3
2022,3106002,16.5
2022,3106101,44
2022,3106200,20.9
2022,3106309,15.2
2022,3106408,28.8
2022,3106507,10.7
2022,3106606,16.7
2022,3106655,10.2
2022,3106705,19.1
2022,3106804,23.1
2022,3106903,22.4
2022,3107000,6
2022,3107109,15.5
2022,3107208,20.4
2022,3107307,18.4
2022,3107406,11.2
2022,3107505,16.7
2022,3107604,3.8
2022,3107703,21.1
2022,3107802,10.4
2022,3107901,19.9
2022,3108008,7.7
2022,3108107,17.6
2022,3108206,7.4
2022,3108255,22.8
2022,3108305,27.2
2022,3108404,13.4
2022,3108503,20.8
2022,3108552,19.5
2022,3108602,14.7
2022,3108701,19.3
2022,3108800,27.4
2022,3108909,14.3
2022,3109006,24.5
2022,3109105,12.7
2022,3109204,25.7
2022,3109253,8.7
2022,3109303,15.7
2022,3109402,23.6
2022,3109451,23.6
2022,3109501,10.2
2022,3109600,24.3
2022,3109709,10.5
2022,3109808,12.1
2022,3109907,13.4
2022,3110004,28.3
2022,3110103,38.7
2022,3110202,20
2022,3110301,15.6
2022,3110400,3.8
2022,3110509,13.1
2022,3110608,8.8
2022,3110707,17.1
2022,3110806,32.7
2022,3110905,25.3
2022,3111002,25.5
2022,3111101,8.1
2022,3111150,10.4
2022,3111200,10.3
2022,3111309,19.7
2022,3111408,24.6
2022,3111507,23
2022,3111606,17.6
2022,3111705,22.8
2022,3111804,18.4
2022,3111903,27
2022,3112000,11.5
2022,3112059,38.2
2022,3112109,12.4
2022,3112208,9.6
2022,3112307,11.5
2022,3112406,18.5
2022,3112505,12
2022,3112604,27.5
2022,3112653,22.7
2022,3112703,17.4
2022,3112802,22.7
2022,3112901,21.5
2022,3113008,30.6
2022,3113107,12.9
2022,3113206,18.6
2022,3113305,22.1
2022,3113404,12.4
2022,3113503,13.4
2022,3113602,12
2022,3113701,22.8
2022,3113800,19.1
2022,3113909,25.1
2022,3114006,9.5
2022,3114105,24.7
2022,3114204,15.2
2022,3114303,7.8
2022,3114402,10.5
2022,3114501,11.2
2022,3114550,18.5
2022,3114600,14.1
2022,3114709,33.9
2022,3114808,14.8
2022,3114907,12.5
2022,3115003,5.5
2022,3115102,13.5
2022,3115201,7.8
2022,3115300,18.4
2022,3115359,11.6
2022,3115409,18.2
2022,3115458,28
2022,3115474,7.5
2022,3115508,12.5
2022,3115607,23.4
2022,3115706,14.3
2022,3115805,22.3
2022,3115904,40.2
2022,3116001,9.7
2022,3116100,23.6
2022,3116159,14.1
2022,3116209,27.5
2022,3116308,13
2022,3116407,12
2022,3116506,13
2022,3116605,8.3
2022,3116704,10.8
2022,3116803,25.8
2022,3116902,7.8
2022,3117009,23.9
2022,3117108,8.1
2022,3117207,14.1
2022,3117306,20.1
2022,3117405,11.7
2022,3117504,22.6
2022,3117603,21.5
2022,3117702,22.5
2022,3117801,23.1
2022,3117836,15.7
2022,3117876,15.1
2022,3117900,13.6
2022,3118007,19.2
2022,3118106,23
2022,3118205,26.8
2022,3118304,22.4
2022,3118403,23.1
2022,3118502,5.3
2022,3118601,21.1
2022,3118700,32.6
2022,3118809,12.4
2022,3118908,17.2
2022,3119005,25.5
2022,3119104,14.8
2022,3119203,22.7
2022,3119302,5.1
2022,3119401,13
2022,3119500,27.7
2022,3119609,14.5
2022,3119708,10.4
2022,3119807,9.4
2022,3119906,1.8
2022,3119955,5.9
2022,3120003,18.1
2022,3120102,13.9
2022,3120151,25.5
2022,3120201,13.5
2022,3120300,11.6
2022,3120409,30.6
2022,3120508,14.1
2022,3120607,16.2
2022,3120706,6.8
2022,3120805,17.8
2022,3120839,20.4
2022,3120870,26.1
2022,3120904,21.9
2022,3121001,12
2022,3121100,9.1
2022,3121209,15.9
2022,3121258,32.2
2022,3121308,17.5
2022,3121407,10.6
2022,3121506,15.6
2022,3121605,19.4
2022,3121704,14.6
2022,3121803,8.2
2022,3121902,18.3
2022,3122009,33
2022,3122108,13.7
2022,3122207,19.6
2022,3122306,13.1
2022,3122355,16.7
2022,3122405,19.1
2022,3122454,9.5
2022,3122470,18
2022,3122504,17.4
2022,3122603,16.7
2022,3122702,9.5
2022,3122801,11.7
2022,3122900,16
2022,3123007,13.8
2022,3123106,22.1
2022,3123205,20.9
2022,3123304,11
2022,3123403,8.3
2022,3123502,3.4
2022,3123528,16.3
2022,3123601,20.4
2022,3123700,15.8
2022,3123809,9.4
2022,3123858,11.1
2022,3123908,19.4
2022,3124005,12.3
2022,3124104,22.7
2022,3124203,21.7
2022,3124302,19.1
2022,3124401,20.2
2022,3124500,9.2
2022,3124609,33.3
2022,3124708,17.8
2022,3124807,7.2
2022,3124906,18.2
2022,3125002,29
2022,3125101,14.8
2022,3125200,16.5
2022,3125309,26.2
2022,3125408,20.9
2022,3125507,24.1
2022,3125606,22
2022,3125705,21.7
2022,3125804,9.9
2022,3125903,23.4
2022,3125952,26.9
2022,3126000,13
2022,3126109,11
2022,3126208,18.7
2022,3126307,15.1
2022,3126406,17.8
2022,3126505,16.7
2022,3126604,12.3
2022,3126703,10.7
2022,3126752,18.3
2022,3126802,24.4
2022,3126901,21.7
2022,3126950,14.1
2022,3127008,13.9
2022,3127057,19.5
2022,3127073,15.8
2022,3127107,19.1
2022,3127206,29.8
2022,3127305,17.2
2022,3127339,7.2
2022,3127354,9.7
2022,3127370,17.6
2022,3127388,18.8
2022,3127404,8.3
2022,3127503,19.9
2022,3127602,14.4
2022,3127701,19.8
2022,3127800,21.5
2022,3127909,5.6
2022,3128006,19
2022,3128105,30.6
2022,3128204,13.7
2022,3128253,8.2
2022,3128303,28.9
2022,3128402,14.7
2022,3128501,28
2022,3128600,20.4
2022,3128709,16.2
2022,3128808,20.6
2022,3128907,18.9
2022,3129004,9
2022,3129103,19.6
2022,3129202,8.9
2022,3129301,16.7
2022,3129400,22.8
2022,3129509,21.7
2022,3129608,24.9
2022,3129657,19.1
2022,3129707,13.7
2022,3129806,28.5
2022,3129905,16.8
2022,3130002,13.8
2022,3130051,30.9
2022,3130101,21.3
2022,3130200,17.5
2022,3130309,15.2
2022,3130408,16.9
2022,3130507,12.7
2022,3130556,18.7
2022,3130606,23.2
2022,3130655,8.2
2022,3130705,25.2
2022,3130804,18.3
2022,3130903,15.4
2022,3131000,35.6
2022,3131109,28.1
2022,3131158,10.5
2022,3131208,11.4
2022,3131307,14.9
2022,3131406,16.5
2022,3131505,10
2022,3131604,16.5
2022,3131703,18.3
2022,3131802,14.6
2022,3131901,29.9
2022,3132008,12.6
2022,3132107,31.6
2022,3132206,12.8
2022,3132305,36.6
2022,3132404,14.1
2022,3132503,13
2022,3132602,28.7
2022,3132701,28.8
2022,3132800,21.5
2022,3132909,14.7
2022,3133006,14.8
2022,3133105,11.5
2022,3133204,25.6
2022,3133303,19.9
2022,3133402,24.5
2022,3133501,15
2022,3133600,20.2
2022,3133709,12
2022,3133758,29.4
2022,3133808,12.1
2022,3133907,23.9
2022,3134004,21.9
2022,3134103,8.5
2022,3134202,16.7
2022,3134301,17.2
2022,3134400,19
2022,3134509,13.2
2022,3134608,19.9
2022,3134707,30.7
2022,3134806,12.3
2022,3134905,12.7
2022,3135001,17.1
2022,3135050,13.4
2022,3135076,21.5
2022,3135100,14.2
2022,3135209,26.7
2022,3135308,7
2022,3135357,13.6
2022,3135407,26.8
2022,3135456,16
2022,3135506,28.8
2022,3135605,18.3
2022,3135704,23.6
2022,3135803,24.1
2022,3135902,17.7
2022,3136009,24.9
2022,3136108,36.9
2022,3136207,19.3
2022,3136306,12.4
2022,3136405,22.5
2022,3136504,23
2022,3136520,12.6
2022,3136553,12.9
2022,3136579,18.2
2022,3136603,16.7
2022,3136652,19.6
2022,3136702,25.5
2022,3136801,15.5
2022,3136900,23.7
2022,3136959,22.9
2022,3137007,25
2022,3137106,7.9
2022,3137205,6.4
2022,3137304,22.5
2022,3137403,13.3
2022,3137502,9.7
2022,3137536,17.6
2022,3137601,25.1
2022,3137700,21.8
2022,3137809,13.3
2022,3137908,17.1
2022,3138005,23.9
2022,3138104,30.1
2022,3138203,16.7
2022,3138302,11.1
2022,3138351,13.8
2022,3138401,29.4
2022,3138500,18.2
2022,3138609,17.4
2022,3138625,20.4
2022,3138658,11.7
2022,3138674,19.3
2022,3138682,18.3
2022,3138708,17.6
2022,3138807,4
2022,3138906,24
2022,3139003,15.3
2022,3139102,11.2
2022,3139201,20.7
2022,3139250,8.4
2022,3139300,31.3
2022,3139409,17
2022,3139508,20.6
2022,3139607,9.9
2022,3139706,26.2
2022,3139805,25.8
2022,3139904,16.7
2022,3140001,27.2
2022,3140100,18.5
2022,3140159,30.7
2022,3140209,14.7
2022,3140308,44.2
2022,3140407,10.9
2022,3140506,23.3
2022,3140530,12.9
2022,3140555,29.6
2022,3140605,22.7
2022,3140704,25.5
2022,3140803,35.4
2022,3140852,20.1
2022,3140902,21.1
2022,3141009,7.1
2022,3141108,12.1
2022,3141207,18.4
2022,3141306,10.8
2022,3141405,19.2
2022,3141504,17.2
2022,3141603,27.2
2022,3141702,23.5
2022,3141801,17.4
2022,3141900,24.1
2022,3142007,11.4
2022,3142106,29
2022,3142205,14.3
2022,3142254,30
2022,3142304,27.1
2022,3142403,10.6
2022,3142502,15.9
2022,3142601,14.6
2022,3142700,18.9
2022,3142809,24.9
2022,3142908,6.6
2022,3143005,18.9
2022,3143104,7.3
2022,3143153,17.2
2022,3143203,15.6
2022,3143302,14.9
2022,3143401,21.9
2022,3143450,12.1
2022,3143500,17.4
2022,3143609,11.1
2022,3143708,43.3
2022,3143807,14.8
2022,3143906,14
2022,3144003,10.6
2022,3144102,19
2022,3144201,18.3
2022,3144300,21.5
2022,3144359,19
2022,3144375,16.7
2022,3144409,7.1
2022,3144508,12.6
2022,3144607,25.6
2022,3144656,16.1
2022,3144672,12.3
2022,3144706,17.8
2022,3144805,22.7
2022,3144904,12.3
2022,3145000,11.2
2022,3145059,17.3
2022,3145109,15.8
2022,3145208,6.8
2022,3145307,23.8
2022,3145356,18.9
2022,3145372,8.2
2022,3145406,17.2
2022,3145455,28.1
2022,3145505,34.2
2022,3145604,11.1
2022,3145703,5.4
2022,3145802,21.2
2022,3145851,35.3
2022,3145877,18.8
2022,3145901,21.8
2022,3146008,12.5
2022,3146107,32.9
2022,3146206,24.4
2022,3146255,20.3
2022,3146305,26
2022,3146404,23.1
2022,3146503,13.8
2022,3146552,14.7
2022,3146602,39.1
2022,3146701,18.9
2022,3146750,23.1
2022,3146909,22.6
2022,3147006,17.7
2022,3147105,14
2022,3147204,11.6
2022,3147303,19.2
2022,3147402,13.7
2022,3147501,9.1
2022,3147600,9.1
2022,3147709,16.3
2022,3147808,30.6
2022,3147907,12.3
2022,3147956,14.7
2022,3148004,12.6
2022,3148103,14.5
2022,3148202,33.8
2022,3148301,23
2022,3148400,23.9
2022,3148509,20.7
2022,3148608,18.1
2022,3148707,17.5
2022,3148756,17.7
2022,3148806,27.2
2022,3148905,7.3
2022,3149002,13
2022,3149101,18.2
2022,3149150,30
2022,3149200,12.1
2022,3149309,14.9
2022,3149408,28.6
2022,3149507,45.2
2022,3149606,18.6
2022,3149705,12.9
2022,3149804,13.9
2022,3149903,8.7
2022,3149952,31.4
2022,3150000,31
2022,3150109,33.8
2022,3150158,19.6
2022,3150208,35.6
2022,3150307,11.7
2022,3150406,29.8
2022,3150505,12.6
2022,3150539,10.8
2022,3150570,17.1
2022,3150604,18.4
2022,3150703,35.3
2022,3150802,10.4
2022,3150901,16.8
2022,3151008,21.9
2022,3151107,37.4
2022,3151206,16.5
2022,3151305,22
2022,3151404,14.1
2022,3151503,12.4
2022,3151602,31.8
2022,3151701,10.8
2022,3151800,16.7
2022,3151909,6.6
2022,3152006,17
2022,3152105,31.2
2022,3152131,28.5
2022,3152170,15.4
2022,3152204,10.8
2022,3152303,16.5
2022,3152402,18.7
2022,3152501,19.7
2022,3152600,14.2
2022,3152709,11.8
2022,3152808,12.3
2022,3152907,22.2
2022,3153004,21.2
2022,3153103,10.8
2022,3153202,16.9
2022,3153301,13.7
2022,3153400,12.8
2022,3153509,7
2022,3153608,22.3
2022,3153707,27.4
2022,3153806,17.5
2022,3153905,24.6
2022,3154002,12.7
2022,3154101,19.2
2022,3154150,22.2
2022,3154200,18.2
2022,3154309,19.1
2022,3154408,19.4
2022,3154457,10.1
2022,3154507,12.4
2022,3154606,21.8
2022,3154705,23.1
2022,3154804,33.1
2022,3154903,20.6
2022,3155009,21.8
2022,3155108,45.4
2022,3155207,11.8
2022,3155306,17.1
2022,3155405,29.3
2022,3155504,20.3
2022,3155603,11.9
2022,3155702,10.1
2022,3155801,20
2022,3155900,38.3
2022,3156007,32.8
2022,3156106,25.8
2022,3156205,49.4
2022,3156304,19.3
2022,3156403,13.3
2022,3156452,21.8
2022,3156502,14.4
2022,3156601,35.1
2022,3156700,26.1
2022,3156809,15.4
2022,3156908,27.4
2022,3157005,9.1
2022,3157104,26.7
2022,3157203,13.9
2022,3157252,11.9
2022,3157278,40.4
2022,3157302,27.4
2022,3157336,41.6
2022,3157377,17.4
2022,3157401,24.5
2022,3157500,13.3
2022,3157609,26.5
2022,3157658,19.6
2022,3157708,22.4
2022,3157807,22.4
2022,3157906,26.1
2022,3158003,18.9
2022,3158102,15.4
2022,3158201,15.1
2022,3158300,11
2022,3158409,6.2
2022,3158508,21.2
2022,3158607,35.4
2022,3158706,10.5
2022,3158805,12.1
2022,3158904,21.9
2022,3158953,17.6
2022,3159001,21.6
2022,3159100,11.4
2022,3159209,6.3
2022,3159308,15.4
2022,3159357,21.1
2022,3159407,23
2022,3159506,16.1
2022,3159605,16.3
2022,3159704,13.8
2022,3159803,8.3
2022,3159902,13.1
2022,3160009,17.8
2022,3160108,37.8
2022,3160207,20.6
2022,3160306,26.2
2022,3160405,8.3
2022,3160454,12.8
2022,3160504,7.8
2022,3160603,21.6
2022,3160702,15.4
2022,3160801,27.4
2022,3160900,11.6
2022,3160959,15.7
2022,3161007,13.5
2022,3161056,28.5
2022,3161106,28.5
2022,3161205,19.4
2022,3161304,12.9
2022,3161403,11.4
2022,3161502,16.8
2022,3161601,11.3
2022,3161650,20.2
2022,3161700,16.9
2022,3161809,6.1
2022,3161908,22.7
2022,3162005,15.7
2022,3162104,16.6
2022,3162203,9.7
2022,3162252,19.5
2022,3162302,14.5
2022,3162401,29.6
2022,3162450,30.6
2022,3162500,16.6
2022,3162559,29.7
2022,3162575,20.8
2022,3162609,11.2
2022,3162658,6.7
2022,3162708,14.7
2022,3162807,16.8
2022,3162906,27.9
2022,3162922,25.5
2022,3162948,31
2022,3162955,25.9
2022,3163003,14.2
2022,3163102,20.3
2022,3163201,22.2
2022,3163300,9.5
2022,3163409,42.5
2022,3163508,22.1
2022,3163607,11.9
2022,3163706,14.2
2022,3163805,17.9
2022,3163904,18.8
2022,3164001,17.6
2022,3164100,15.2
2022,3164209,19.4
2022,3164308,16.1
2022,3164407,12.1
2022,3164431,13.6
2022,3164472,13.5
2022,3164506,24.2
2022,3164605,18
2022,3164704,15
2022,3164803,21.3
2022,3164902,4.9
2022,3165008,17.4
2022,3165107,22.7
2022,3165206,12.5
2022,3165305,10.1
2022,3165404,16.6
2022,3165503,17.8
2022,3165537,17.5
2022,3165552,21.5
2022,3165560,15.7
2022,3165578,22.8
2022,3165602,34.5
2022,3165701,14.3
2022,3165800,11.3
2022,3165909,27.7
2022,3166006,13.5
2022,3166105,21.4
2022,3166204,7.6
2022,3166303,19.8
2022,3166402,8.1
2022,3166501,24.3
2022,3166600,--
2022,3166709,23.1
2022,3166808,12.1
2022,3166907,14.1
2022,3166956,14.7
2022,3167004,8.2
2022,3167103,19.8
2022,3167202,15
2022,3167301,18.9
2022,3167400,24.1
2022,3167509,52
2022,3167608,18.1
2022,3167707,14.3
2022,3167806,14.5
2022,3167905,32.5
2022,3168002,12.1
2022,3168051,8.7
2022,3168101,21.4
2022,3168200,17.8
2022,3168309,25.8
2022,3168408,10.7
2022,3168507,18
2022,3168606,21.5
2022,3168705,22.4
2022,3168804,16.9
2022,3168903,21.2
2022,3169000,13.1
2022,3169059,2.3
2022,3169109,21
2022,3169208,20
2022,3169307,19.8
2022,3169356,18
2022,3169406,10.7
2022,3169505,9.4
2022,3169604,31.2
2022,3169703,16.9
2022,3169802,27.7
2022,3169901,15.8
2022,3170008,28.2
2022,3170057,13.2
2022,3170107,19
2022,3170206,16.6
2022,3170305,31.1
2022,3170404,13.5
2022,3170438,32.6
2022,3170479,11.8
2022,3170503,24.5
2022,3170529,20.6
2022,3170578,22.6
2022,3170602,10.8
2022,3170651,6.3
2022,3170701,16
2022,3170750,13.6
2022,3170800,18.4
2022,3170909,22.6
2022,3171006,9.2
2022,3171030,9.4
2022,3171071,13.9
2022,3171105,40.4
2022,3171154,23.1
2022,3171204,25.2
2022,3171303,20
2022,3171402,13.9
2022,3171501,31.9
2022,3171600,12.2
2022,3171709,10.3
2022,3171808,24.5
2022,3171907,28.9
2022,3172004,24.2
2022,3172103,20.6
2022,3172202,15.2
2022,3200102,14.3
2022,3200136,12.8
2022,3200169,18
2022,3200201,21
2022,3200300,19
2022,3200359,18
2022,3200409,27
2022,3200508,24.3
2022,3200607,17.2
2022,3200706,21.1
2022,3200805,16.7
2022,3200904,20
2022,3201001,17.7
2022,3201100,37.8
2022,3201159,13.3
2022,3201209,17.1
2022,3201308,21.8
2022,3201407,14.8
2022,3201506,18.8
2022,3201605,22.5
2022,3201704,19.1
2022,3201803,21.6
2022,3201902,13.8
2022,3202009,13.3
2022,3202108,16
2022,3202207,24.2
2022,3202256,15.7
2022,3202306,19.8
2022,3202405,25.6
2022,3202454,21
2022,3202504,21.6
2022,3202553,13.9
2022,3202603,14.7
2022,3202652,17.8
2022,3202702,14.9
2022,3202801,28.1
2022,3202900,15.5
2022,3203007,19
2022,3203056,19.6
2022,3203106,28
2022,3203130,30.6
2022,3203163,16.7
2022,3203205,21
2022,3203304,11.3
2022,3203320,23.2
2022,3203346,15.1
2022,3203353,15.7
2022,3203403,23.4
2022,3203502,22.1
2022,3203601,23.9
2022,3203700,19.1
2022,3203809,18.4
2022,3203908,18.6
2022,3204005,9.9
2022,3204054,16.8
2022,3204104,19.5
2022,3204203,24.6
2022,3204252,20.4
2022,3204302,23.1
2022,3204351,17.8
2022,3204401,33.1
2022,3204500,33.8
2022,3204559,19
2022,3204609,27.5
2022,3204658,19.3
2022,3204708,12.2
2022,3204807,27.3
2022,3204906,25
2022,3204955,13.5
2022,3205002,26.7
2022,3205010,14.2
2022,3205036,21.9
2022,3205069,13.8
2022,3205101,26.2
2022,3205150,13.7
2022,3205176,13.6
2022,3205200,20.4
2022,3205309,18.2
2022,3300100,35.7
2022,3300159,16.5
2022,3300209,32.5
2022,3300225,34.8
2022,3300233,37.3
2022,3300258,29.7
2022,3300308,34.3
2022,3300407,27.6
2022,3300456,35.5
2022,3300506,35.1
2022,3300605,22.8
2022,3300704,31.5
2022,3300803,36.5
2022,3300902,27.8
2022,3300936,27.4
2022,3300951,40.9
2022,3301009,38.9
2022,3301108,24.8
2022,3301157,30.4
2022,3301207,28.1
2022,3301306,29.3
2022,3301405,25.1
2022,3301504,19.2
2022,3301603,33
2022,3301702,42.8
2022,3301801,25.9
2022,3301850,32.6
2022,3301876,30.3
2022,3301900,34
2022,3302007,34
2022,3302056,26.8
2022,3302106,20.2
2022,3302205,20.6
2022,3302254,25.6
2022,3302270,35
2022,3302304,23.2
2022,3302403,34.7
2022,3302452,27
2022,3302502,32.2
2022,3302601,37.1
2022,3302700,26.6
2022,3302809,31.9
2022,3302858,33.8
2022,3302908,28.1
2022,3303005,28.9
2022,3303104,19.2
2022,3303203,25.6
2022,3303302,27
2022,3303401,27.2
2022,3303500,33.9
2022,3303609,25
2022,3303708,32.4
2022,3303807,28.2
2022,3303856,29.1
2022,3303906,29.6
2022,3303955,24.3
2022,3304003,38.5
2022,3304102,26.9
2022,3304110,28.4
2022,3304128,30.3
2022,3304144,36.9
2022,3304151,31.7
2022,3304201,21.6
2022,3304300,32.1
2022,3304409,32.2
2022,3304508,33.9
2022,3304524,25.9
2022,3304557,24.9
2022,3304607,35.9
2022,3304706,17.7
2022,3304755,30
2022,3304805,23.1
2022,3304904,34.2
2022,3305000,35.1
2022,3305109,30.4
2022,3305133,33
2022,3305158,27.4
2022,3305208,30.1
2022,3305307,30.4
2022,3305406,25.4
2022,3305505,34.2
2022,3305554,35.2
2022,3305604,36.5
2022,3305703,26.3
2022,3305752,38.1
2022,3305802,21.9
2022,3305901,32.8
2022,3306008,28.6
2022,3306107,29
2022,3306156,25.9
2022,3306206,31.9
2022,3306305,23.2
2022,3500105,5.7
2022,3500204,15.2
2022,3500303,16.7
2022,3500402,11.8
2022,3500501,14.3
2022,3500550,6.7
2022,3500600,12
2022,3500709,11.6
2022,3500758,9
2022,3500808,9.2
2022,3500907,2.7
2022,3501004,11.1
2022,3501103,16.3
2022,3501152,20.6
2022,3501202,2.2
2022,3501301,12.5
2022,3501400,11
2022,3501509,6.3
2022,3501608,8
2022,3501707,8.4
2022,3501806,12
2022,3501905,12.4
2022,3502002,12.4
2022,3502101,6.6
2022,3502200,9.8
2022,3502309,13
2022,3502408,7.4
2022,3502507,12.6
2022,3502606,4.3
2022,3502705,5.7
2022,3502754,19.1
2022,3502804,6.2
2022,3502903,6.2
2022,3503000,18.8
2022,3503109,9.3
2022,3503158,26.7
2022,3503208,8.1
2022,3503307,9.5
2022,3503356,3.8
2022,3503406,11.3
2022,3503505,12
2022,3503604,17.9
2022,3503703,6.1
2022,3503802,12.5
2022,3503901,6.6
2022,3503950,8.9
2022,3504008,9.2
2022,3504107,5.2
2022,3504206,2.4
2022,3504305,7.9
2022,3504404,21
2022,3504503,7.5
2022,3504602,16.9
2022,3504701,2.4
2022,3504800,6.1
2022,3504909,25
2022,3505005,4.5
2022,3505104,12.2
2022,3505203,7.1
2022,3505302,4.7
2022,3505351,4.7
2022,3505401,12.6
2022,3505500,9.7
2022,3505609,14.4
2022,3505708,13.8
2022,3505807,5.6
2022,3505906,10.4
2022,3506003,9.5
2022,3506102,7.8
2022,3506201,6.6
2022,3506300,4.4
2022,3506359,13.3
2022,3506409,7.4
2022,3506508,4.9
2022,3506607,7.7
2022,3506706,17
2022,3506805,13.6
2022,3506904,20.1
2022,3507001,11.7
2022,3507100,9.7
2022,3507159,13.1
2022,3507209,5.6
2022,3507308,8.7
2022,3507407,3
2022,3507456,16.3
2022,3507506,11.5
2022,3507605,9.6
2022,3507704,13.3
2022,3507753,11.8
2022,3507803,15.1
2022,3507902,7.5
2022,3508009,8.6
2022,3508108,3.4
2022,3508207,17
2022,3508306,8.5
2022,3508405,14.4
2022,3508504,11.9
2022,3508603,13.8
2022,3508702,8.3
2022,3508801,11.8
2022,3508900,5.6
2022,3509007,5.5
2022,3509106,7.8
2022,3509205,8.7
2022,3509254,4.6
2022,3509304,5.9
2022,3509403,8.8
2022,3509452,7.3
2022,3509502,12.3
2022,3509601,12.1
2022,3509700,10.6
2022,3509809,7.5
2022,3509908,9.7
2022,3509957,12.2
2022,3510005,4.6
2022,3510104,3.7
2022,3510153,5.7
2022,3510203,7.4
2022,3510302,7.6
2022,3510401,14.9
2022,3510500,8.3
2022,3510609,9.4
2022,3510708,6.2
2022,3510807,9.5
2022,3510906,11.6
2022,3511003,6.3
2022,3511102,6.6
2022,3511201,17.5
2022,3511300,17
2022,3511409,8.1
2022,3511508,6.6
2022,3511607,13.9
2022,3511706,10.6
2022,3511904,15.7
2022,3512001,8.6
2022,3512100,16.2
2022,3512209,6.9
2022,3512308,11
2022,3512407,20.4
2022,3512506,5.4
2022,3512605,12.6
2022,3512704,9.5
2022,3512803,15.7
2022,3512902,12.6
2022,3513009,13.1
2022,3513108,24.9
2022,3513207,14.2
2022,3513306,6.8
2022,3513405,6.6
2022,3513504,14.6
2022,3513603,11.1
2022,3513702,9.8
2022,3513801,9.8
2022,3513850,5.1
2022,3513900,6.8
2022,3514007,3.6
2022,3514106,7
2022,3514205,13.2
2022,3514304,7.1
2022,3514403,4.5
2022,3514502,4.8
2022,3514601,4.8
2022,3514700,6.8
2022,3514809,12.2
2022,3514908,12.5
2022,3514924,4.4
2022,3514957,9.7
2022,3515004,13.4
2022,3515103,4.9
2022,3515129,8.6
2022,3515152,10
2022,3515186,7.5
2022,3515194,17.4
2022,3515202,9.5
2022,3515301,1.5
2022,3515350,7
2022,3515400,2
2022,3515509,6.9
2022,3515608,11
2022,3515657,1.3
2022,3515707,11.7
2022,3515806,5.6
2022,3515905,15
2022,3516002,9.3
2022,3516101,3
2022,3516200,6.1
2022,3516309,9.9
2022,3516408,6.9
2022,3516507,7.2
2022,3516606,12.8
2022,3516705,6.9
2022,3516804,7.3
2022,3516853,5.9
2022,3516903,5.4
2022,3517000,10
2022,3517109,3
2022,3517208,20.3
2022,3517307,13.7
2022,3517406,15
2022,3517505,23
2022,3517604,4.6
2022,3517703,7.5
2022,3517802,1.9
2022,3517901,6.6
2022,3518008,2
2022,3518107,8.4
2022,3518206,3
2022,3518305,5.8
2022,3518404,12.8
2022,3518503,10.5
2022,3518602,11.9
2022,3518701,13.6
2022,3518800,8.6
2022,3518859,22
2022,3518909,7.5
2022,3519006,4.8
2022,3519055,5.9
2022,3519071,7.8
2022,3519105,9.2
2022,3519204,9
2022,3519253,24
2022,3519303,7.1
2022,3519402,10.2
2022,3519501,13.3
2022,3519600,7.5
2022,3519709,7.9
2022,3519808,15.6
2022,3519907,2.3
2022,3520004,5.6
2022,3520103,12.5
2022,3520202,7.1
2022,3520301,4.7
2022,3520400,9
2022,3520426,5.8
2022,3520442,7.4
2022,3520509,9.9
2022,3520608,12.9
2022,3520707,3.4
2022,3520806,14.8
2022,3520905,15.8
2022,3521002,15.8
2022,3521101,7.1
2022,3521150,10.5
2022,3521200,10.1
2022,3521309,10.6
2022,3521408,8
2022,3521507,5.4
2022,3521606,17.8
2022,3521705,3.6
2022,3521804,4.2
2022,3521903,9
2022,3522000,6.5
2022,3522109,14.5
2022,3522158,5
2022,3522208,9.3
2022,3522307,8
2022,3522406,4.3
2022,3522505,10.7
2022,3522604,15.6
2022,3522653,2.8
2022,3522703,6
2022,3522802,5.1
2022,3522901,14.4
2022,3523008,7.3
2022,3523107,12
2022,3523206,14
2022,3523305,8.6
2022,3523404,9.2
2022,3523503,17.8
2022,3523602,3.8
2022,3523701,12.2
2022,3523800,13
2022,3523909,10.4
2022,3524006,13.4
2022,3524105,17.3
2022,3524204,24.7
2022,3524303,8.2
2022,3524402,7
2022,3524501,13.6
2022,3524600,8.4
2022,3524709,10.1
2022,3524808,5.8
2022,3524907,22.9
2022,3525003,10.3
2022,3525102,12.5
2022,3525201,10.8
2022,3525300,9.2
2022,3525409,24.2
2022,3525508,8.4
2022,3525607,2.9
2022,3525706,6.7
2022,3525805,1.8
2022,3525854,14.8
2022,3525904,5.4
2022,3526001,6.3
2022,3526100,3.5
2022,3526209,8.9
2022,3526308,9.6
2022,3526407,13.4
2022,3526506,4.9
2022,3526605,8
2022,3526704,6.2
2022,3526803,12.5
2022,3526902,7.8
2022,3527009,29.9
2022,3527108,9.5
2022,3527207,14.2
2022,3527256,14.3
2022,3527306,10.8
2022,3527405,7.5
2022,3527504,3.4
2022,3527603,23.8
2022,3527702,18.7
2022,3527801,6.1
2022,3527900,20.2
2022,3528007,14.8
2022,3528106,5.8
2022,3528205,10.1
2022,3528304,3.8
2022,3528403,15.4
2022,3528502,8.8
2022,3528601,6.2
2022,3528700,3.4
2022,3528809,3.2
2022,3528858,5.6
2022,3528908,9.6
2022,3529005,5
2022,3529104,1.9
2022,3529203,6.2
2022,3529302,6.3
2022,3529401,8
2022,3529500,6.3
2022,3529609,7.8
2022,3529658,11.1
2022,3529708,13.6
2022,3529807,6
2022,3529906,5.4
2022,3530003,7.7
2022,3530102,4.5
2022,3530201,6.1
2022,3530300,10.1
2022,3530409,10.5
2022,3530508,11.7
2022,3530607,6.6
2022,3530706,14.7
2022,3530805,10.4
2022,3530904,13.7
2022,3531001,0
2022,3531100,18.1
2022,3531209,13.1
2022,3531308,6.5
2022,3531407,12
2022,3531506,11.6
2022,3531605,4.3
2022,3531704,23.8
2022,3531803,17.7
2022,3531902,8.4
2022,3532009,13.2
2022,3532058,29.8
2022,3532108,4.8
2022,3532157,3.2
2022,3532207,9.9
2022,3532306,6.6
2022,3532405,9.4
2022,3532504,18.6
2022,3532603,2.3
2022,3532702,7.8
2022,3532801,19.6
2022,3532827,9.9
2022,3532843,5
2022,3532868,7.1
2022,3532900,4.9
2022,3533007,10.9
2022,3533106,4.9
2022,3533205,4.4
2022,3533254,4
2022,3533304,6.5
2022,3533403,6.5
2022,3533502,6.3
2022,3533601,11.1
2022,3533700,9.7
2022,3533809,7.5
2022,3533908,7.1
2022,3534005,6.3
2022,3534104,2.6
2022,3534203,3.4
2022,3534302,8.5
2022,3534401,10.4
2022,3534500,9
2022,3534609,2.6
2022,3534708,7.9
2022,3534757,5.8
2022,3534807,7.2
2022,3534906,7.4
2022,3535002,6.7
2022,3535101,10.2
2022,3535200,4.2
2022,3535309,5.7
2022,3535408,7
2022,3535507,4.5
2022,3535606,15.1
2022,3535705,10
2022,3535804,8
2022,3535903,4.4
2022,3536000,7
2022,3536109,17.4
2022,3536208,8.2
2022,3536257,6.8
2022,3536307,11.7
2022,3536406,10.4
2022,3536505,13.6
2022,3536570,10
2022,3536604,3.7
2022,3536703,10.4
2022,3536802,13.5
2022,3536901,1.5
2022,3537008,15
2022,3537107,8
2022,3537156,0
2022,3537206,7
2022,3537305,9.1
2022,3537404,4.9
2022,3537503,8.1
2022,3537602,11.7
2022,3537701,7.1
2022,3537800,3.9
2022,3537909,4.3
2022,3538006,6.8
2022,3538105,20.2
2022,3538204,13
2022,3538303,2.8
2022,3538501,8.3
2022,3538600,13
2022,3538709,7
2022,3538808,9.6
2022,3538907,3.7
2022,3539004,2.2
2022,3539103,14.3
2022,3539202,9.8
2022,3539301,9.5
2022,3539400,6.6
2022,3539509,11.6
2022,3539608,9.4
2022,3539707,2.5
2022,3539806,6.7
2022,3539905,11
2022,3540002,8.1
2022,3540101,14.2
2022,3540200,7.7
2022,3540259,18.7
2022,3540309,4.4
2022,3540408,3.9
2022,3540507,14.6
2022,3540606,6.9
2022,3540705,18.4
2022,3540754,10.9
2022,3540804,14.1
2022,3540853,4.1
2022,3540903,13.6
2022,3541000,16
2022,3541059,4.6
2022,3541109,6.5
2022,3541208,9.7
2022,3541307,7.8
2022,3541406,8.9
2022,3541505,9.2
2022,3541604,11.2
2022,3541653,11.8
2022,3541703,4
2022,3541802,7.2
2022,3541901,20.2
2022,3542008,9.2
2022,3542107,10.2
2022,3542206,8.6
2022,3542305,11.6
2022,3542404,7.2
2022,3542503,2.7
2022,3542602,8.1
2022,3542701,12.4
2022,3542800,3.1
2022,3542909,9.1
2022,3543006,8.8
2022,3543105,15.3
2022,3543204,11
2022,3543238,8.5
2022,3543253,12.8
2022,3543303,7.1
2022,3543402,15.3
2022,3543501,10.7
2022,3543600,12.8
2022,3543709,12.4
2022,3543808,2
2022,3543907,9.9
2022,3544004,19.8
2022,3544103,6.3
2022,3544202,4.8
2022,3544251,5.9
2022,3544301,16.4
2022,3544400,4.3
2022,3544509,13
2022,3544608,8.8
2022,3544707,6.5
2022,3544806,8.3
2022,3544905,11.5
2022,3545001,10.7
2022,3545100,2.9
2022,3545159,3.8
2022,3545209,8.5
2022,3545308,7.6
2022,3545407,11.1
2022,3545506,11.4
2022,3545605,10.6
2022,3545704,4.8
2022,3545803,7.3
2022,3546009,22.1
2022,3546108,6.7
2022,3546207,11.9
2022,3546256,16
2022,3546306,9.8
2022,3546405,6.3
2022,3546504,2.2
2022,3546603,5.1
2022,3546702,11.6
2022,3546801,7.7
2022,3546900,11.5
2022,3547007,12.5
2022,3547106,16.1
2022,3547205,0
2022,3547304,8.8
2022,3547403,3.6
2022,3547502,14
2022,3547601,10.8
2022,3547650,0.7
2022,3547700,7.2
2022,3547809,9.6
2022,3547908,8.1
2022,3548005,19.7
2022,3548054,11.4
2022,3548104,11.6
2022,3548203,5.4
2022,3548302,18.3
2022,3548401,3.1
2022,3548500,11.5
2022,3548609,10.7
2022,3548708,11.3
2022,3548807,11.3
2022,3548906,7.1
2022,3549003,1.6
2022,3549102,6
2022,3549201,8.8
2022,3549250,7
2022,3549300,3.4
2022,3549409,7.9
2022,3549508,19
2022,3549607,18.8
2022,3549706,7.1
2022,3549805,8.9
2022,3549904,7.3
2022,3549953,5.8
2022,3550001,12
2022,3550100,9.8
2022,3550209,5
2022,3550308,13.9
2022,3550407,16.2
2022,3550506,12.3
2022,3550605,16.4
2022,3550704,8.3
2022,3550803,15.6
2022,3550902,12.1
2022,3551009,20
2022,3551108,6.4
2022,3551207,9.1
2022,3551306,10.4
2022,3551405,19.8
2022,3551504,17.9
2022,3551603,7.6
2022,3551702,17.3
2022,3551801,10.2
2022,3551900,13.8
2022,3552007,20.8
2022,3552106,7.2
2022,3552205,6
2022,3552304,3.4
2022,3552403,9.8
2022,3552502,7.9
2022,3552551,9.5
2022,3552601,11.8
2022,3552700,4.7
2022,3552809,13
2022,3552908,9.3
2022,3553005,4
2022,3553104,6.9
2022,3553203,2.1
2022,3553302,7
2022,3553401,7.6
2022,3553500,7.7
2022,3553609,14.9
2022,3553658,6.1
2022,3553708,6.8
2022,3553807,5
2022,3553856,13.6
2022,3553906,28.3
2022,3553955,11.9
2022,3554003,6.7
2022,3554102,10.9
2022,3554201,9.4
2022,3554300,6.1
2022,3554409,6.3
2022,3554508,9.1
2022,3554607,2.9
2022,3554656,19.3
2022,3554706,9.8
2022,3554755,5.7
2022,3554805,16.9
2022,3554904,8.4
2022,3554953,6.8
2022,3555000,4.5
2022,3555109,4.7
2022,3555208,3.3
2022,3555307,7.9
2022,3555356,20.3
2022,3555406,9.1
2022,3555505,9.5
2022,3555604,25.1
2022,3555703,7.4
2022,3555802,7.4
2022,3555901,0
2022,3556008,9.6
2022,3556107,6.3
2022,3556206,14.3
2022,3556305,6.8
2022,3556354,16.2
2022,3556404,15.1
2022,3556453,11.8
2022,3556503,9.4
2022,3556602,9
2022,3556701,13.3
2022,3556800,6.6
2022,3556909,12.4
2022,3556958,6
2022,3557006,5.6
2022,3557105,5.3
2022,3557154,5
2022,3557204,4.8
2022,3557303,14.1
2022,4100103,23.3
2022,4100202,10.4
2022,4100301,17.7
2022,4100400,27.3
2022,4100459,7.5
2022,4100509,10.3
2022,4100608,17.9
2022,4100707,16.8
2022,4100806,26.4
2022,4100905,22.9
2022,4101002,12.2
2022,4101051,11.1
2022,4101101,11.4
2022,4101150,18.6
2022,4101200,28.7
2022,4101309,11.8
2022,4101408,14
2022,4101507,8.1
2022,4101606,12.9
2022,4101655,14.3
2022,4101705,22.5
2022,4101804,17.6
2022,4101853,15.4
2022,4101903,12.4
2022,4102000,18.2
2022,4102109,6.8
2022,4102208,8.7
2022,4102307,17.3
2022,4102406,15.7
2022,4102505,16.2
2022,4102604,10.2
2022,4102703,12
2022,4102752,11.2
2022,4102802,18
2022,4102901,12.3
2022,4103008,14.6
2022,4103024,9.6
2022,4103040,14.5
2022,4103057,7.9
2022,4103107,26.8
2022,4103156,11.6
2022,4103206,26.5
2022,4103222,9.6
2022,4103305,9.2
2022,4103354,12.5
2022,4103370,22.6
2022,4103404,8.1
2022,4103453,11.4
2022,4103479,29.2
2022,4103503,24.6
2022,4103602,14.3
2022,4103701,21.5
2022,4103800,22.8
2022,4103909,12.3
2022,4103958,8.4
2022,4104006,18.4
2022,4104055,14.1
2022,4104105,18.7
2022,4104204,11.8
2022,4104253,17.1
2022,4104303,14
2022,4104402,13.6
2022,4104428,15
2022,4104451,14.9
2022,4104501,8.6
2022,4104600,8.6
2022,4104659,10.7
2022,4104709,12.1
2022,4104808,10.7
2022,4104907,9.6
2022,4105003,11.8
2022,4105102,19.8
2022,4105201,14.4
2022,4105300,17.7
2022,4105409,8.5
2022,4105508,9
2022,4105607,17.2
2022,4105706,15.3
2022,4105805,27.7
2022,4105904,13.6
2022,4106001,20.2
2022,4106100,17.6
2022,4106209,16.8
2022,4106308,12.7
2022,4106407,11.7
2022,4106456,15.7
2022,4106506,7
2022,4106555,17
2022,4106571,19.7
2022,4106605,9.3
2022,4106704,13.5
2022,4106803,12.3
2022,4106852,12.9
2022,4106902,11.7
2022,4107009,13.2
2022,4107108,14
2022,4107124,21.6
2022,4107157,15.9
2022,4107207,9.1
2022,4107256,12.1
2022,4107306,15.3
2022,4107405,10.3
2022,4107504,17.2
2022,4107520,16.9
2022,4107538,11.9
2022,4107546,12.9
2022,4107553,15.2
2022,4107603,11.9
2022,4107652,16.4
2022,4107702,29
2022,4107736,8.8
2022,4107751,17.2
2022,4107801,17.9
2022,4107850,6.7
2022,4107900,16.2
2022,4108007,15.1
2022,4108106,18.3
2022,4108205,18.8
2022,4108304,13.7
2022,4108320,12.7
2022,4108403,9.1
2022,4108452,20
2022,4108502,15.3
2022,4108551,16.2
2022,4108601,14.1
2022,4108650,21
2022,4108700,21.9
2022,4108809,16.1
2022,4108908,11
2022,4108957,7.8
2022,4109005,24
2022,4109104,13.8
2022,4109203,17.7
2022,4109302,11.8
2022,4109401,15.4
2022,4109500,21.2
2022,4109609,17.6
2022,4109658,7.1
2022,4109708,12.6
2022,4109757,12.8
2022,4109807,17.4
2022,4109906,21.2
2022,4110003,19.8
2022,4110052,6.3
2022,4110078,12.2
2022,4110102,13.7
2022,4110201,13.7
2022,4110300,10.8
2022,4110409,18.4
2022,4110508,18.3
2022,4110607,13.1
2022,4110656,20.9
2022,4110706,10.8
2022,4110805,17.7
2022,4110904,13.1
2022,4110953,23.7
2022,4111001,35.1
2022,4111100,22
2022,4111209,15.1
2022,4111258,19.6
2022,4111308,37.8
2022,4111407,8.3
2022,4111506,10.2
2022,4111555,5.9
2022,4111605,11.8
2022,4111704,17.9
2022,4111803,18.2
2022,4111902,27.1
2022,4112009,7.2
2022,4112108,10.5
2022,4112207,13.7
2022,4112306,14.4
2022,4112405,10.1
2022,4112504,15.4
2022,4112603,16.7
2022,4112702,17.7
2022,4112751,15.2
2022,4112801,17.7
2022,4112900,15
2022,4112959,18
2022,4113007,27.4
2022,4113106,9.9
2022,4113205,9.3
2022,4113254,20.1
2022,4113304,22.3
2022,4113403,16.5
2022,4113429,13.5
2022,4113452,16.6
2022,4113502,17.7
2022,4113601,6.4
2022,4113700,14.1
2022,4113734,17.8
2022,4113759,11.4
2022,4113809,19.8
2022,4113908,9.1
2022,4114005,16.1
2022,4114104,12.8
2022,4114203,10.3
2022,4114302,16.3
2022,4114351,14
2022,4114401,16.7
2022,4114500,32.8
2022,4114609,11.2
2022,4114708,20.6
2022,4114807,15
2022,4114906,12.8
2022,4115002,25.9
2022,4115101,17.8
2022,4115200,11
2022,4115309,18.7
2022,4115358,13.2
2022,4115408,8.4
2022,4115457,10.3
2022,4115507,13.2
2022,4115606,10.9
2022,4115705,20.4
2022,4115739,11.8
2022,4115754,19
2022,4115804,16
2022,4115853,10.5
2022,4115903,17.5
2022,4116000,23.8
2022,4116059,14.3
2022,4116109,12.7
2022,4116208,20.9
2022,4116307,16
2022,4116406,15
2022,4116505,11.9
2022,4116604,21
2022,4116703,13.1
2022,4116802,17.1
2022,4116901,14.9
2022,4116950,15.8
2022,4117008,15
2022,4117057,23
2022,4117107,12
2022,4117206,15.4
2022,4117214,19.8
2022,4117222,7.5
2022,4117255,10.4
2022,4117271,18.2
2022,4117297,6.7
2022,4117305,18.1
2022,4117404,17.7
2022,4117453,15.4
2022,4117503,20
2022,4117602,16.8
2022,4117701,9.3
2022,4117800,16.2
2022,4117909,13.6
2022,4118006,15.5
2022,4118105,24.8
2022,4118204,24.7
2022,4118303,5.4
2022,4118402,12.7
2022,4118451,11.9
2022,4118501,9.9
2022,4118600,11
2022,4118709,6.6
2022,4118808,11.6
2022,4118857,24.5
2022,4118907,20.2
2022,4119004,11.1
2022,4119103,13.7
2022,4119152,19.2
2022,4119202,11.4
2022,4119251,12.7
2022,4119301,13.9
2022,4119400,7.2
2022,4119509,23.7
2022,4119608,11.7
2022,4119657,16.8
2022,4119707,34.5
2022,4119806,10.4
2022,4119905,10.1
2022,4119954,19.5
2022,4120002,9.6
2022,4120101,19.4
2022,4120150,20.4
2022,4120200,20.2
2022,4120309,18.5
2022,4120333,16.3
2022,4120358,8.6
2022,4120408,14.4
2022,4120507,21.4
2022,4120606,8.6
2022,4120655,25
2022,4120705,8.8
2022,4120804,15.1
2022,4120853,9.9
2022,4120903,9.1
2022,4121000,18.7
2022,4121109,26.6
2022,4121208,12.8
2022,4121257,21.4
2022,4121307,15.7
2022,4121356,16.4
2022,4121406,8.7
2022,4121505,10.6
2022,4121604,8.4
2022,4121703,10.4
2022,4121752,14.8
2022,4121802,17.7
2022,4121901,14
2022,4122008,9.9
2022,4122107,10.6
2022,4122156,20.5
2022,4122172,19.4
2022,4122206,14.8
2022,4122305,11.1
2022,4122404,12.9
2022,4122503,12.9
2022,4122602,22
2022,4122651,14.3
2022,4122701,14.7
2022,4122800,8.7
2022,4122909,4.4
2022,4123006,11.7
2022,4123105,18.5
2022,4123204,19.1
2022,4123303,19.8
2022,4123402,10.6
2022,4123501,10.9
2022,4123600,11.8
2022,4123709,20.4
2022,4123808,12.6
2022,4123824,16.4
2022,4123857,16.7
2022,4123907,18.8
2022,4123956,19.3
2022,4124004,21.3
2022,4124020,19.2
2022,4124053,11.4
2022,4124103,20.5
2022,4124202,36.9
2022,4124301,14.7
2022,4124400,10.4
2022,4124509,17.6
2022,4124608,24.3
2022,4124707,24.1
2022,4124806,13.9
2022,4124905,32
2022,4125001,15.9
2022,4125100,15.1
2022,4125209,8.3
2022,4125308,7.5
2022,4125357,6.1
2022,4125407,12.3
2022,4125456,11.2
2022,4125506,20.1
2022,4125555,4.3
2022,4125605,8.1
2022,4125704,17.2
2022,4125753,16.7
2022,4125803,18
2022,4125902,26.3
2022,4126009,15.7
2022,4126108,9.1
2022,4126207,24.1
2022,4126256,16.6
2022,4126272,12.1
2022,4126306,14.4
2022,4126355,12.3
2022,4126405,31.3
2022,4126504,16.8
2022,4126603,12.1
2022,4126652,7.3
2022,4126678,32.9
2022,4126702,17.8
2022,4126801,12.5
2022,4126900,20.3
2022,4127007,25.5
2022,4127106,14.9
2022,4127205,10.4
2022,4127304,23.1
2022,4127403,18.1
2022,4127502,21.7
2022,4127601,21.8
2022,4127700,11.5
2022,4127809,14.1
2022,4127858,14.8
2022,4127882,20.8
2022,4127908,11.1
2022,4127957,14.1
2022,4127965,20.2
2022,4128005,9.6
2022,4128104,10.5
2022,4128203,12.6
2022,4128302,18
2022,4128401,13.5
2022,4128500,18.7
2022,4128534,16.7
2022,4128559,12.6
2022,4128609,6.3
2022,4128625,15.6
2022,4128633,9.9
2022,4128658,14.9
2022,4128708,13.9
2022,4128807,16
2022,4200051,21.1
2022,4200101,24.7
2022,4200200,17.2
2022,4200309,17.9
2022,4200408,13.6
2022,4200507,22.7
2022,4200556,15.9
2022,4200606,17.4
2022,4200705,17.5
2022,4200754,14.3
2022,4200804,17.9
2022,4200903,16.7
2022,4201000,16.5
2022,4201109,22.8
2022,4201208,15.8
2022,4201257,15.7
2022,4201273,9.8
2022,4201307,21.9
2022,4201406,16.9
2022,4201505,23
2022,4201604,24.7
2022,4201653,17.1
2022,4201703,12.6
2022,4201802,13.8
2022,4201901,17
2022,4201950,25.6
2022,4202008,20.3
2022,4202057,21
2022,4202073,36.3
2022,4202081,25.2
2022,4202099,5.3
2022,4202107,19.9
2022,4202131,16.5
2022,4202156,14.3
2022,4202206,18.4
2022,4202305,24.2
2022,4202404,20.3
2022,4202438,33.6
2022,4202453,16.9
2022,4202503,44
2022,4202537,28.2
2022,4202578,11.9
2022,4202602,31.9
2022,4202701,17.5
2022,4202800,20.5
2022,4202859,13.5
2022,4202875,15.2
2022,4202909,18.7
2022,4203006,22.4
2022,4203105,12.4
2022,4203154,20.3
2022,4203204,24.9
2022,4203253,32
2022,4203303,16.1
2022,4203402,15.4
2022,4203501,17.1
2022,4203600,19.8
2022,4203709,15.6
2022,4203808,14
2022,4203907,18.1
2022,4203956,23.3
2022,4204004,17.3
2022,4204103,13.1
2022,4204152,16.7
2022,4204178,18.6
2022,4204194,13.2
2022,4204202,18.2
2022,4204251,17.6
2022,4204301,14.3
2022,4204350,8.3
2022,4204400,15.6
2022,4204459,12.5
2022,4204509,15.6
2022,4204558,20.6
2022,4204608,17.2
2022,4204707,17.8
2022,4204756,15.4
2022,4204806,15.3
2022,4204905,17.3
2022,4205001,20.6
2022,4205100,17.2
2022,4205159,10.6
2022,4205175,13.6
2022,4205191,13.3
2022,4205209,18.9
2022,4205308,10.5
2022,4205357,6.8
2022,4205407,23.9
2022,4205431,17.4
2022,4205456,15
2022,4205506,19.9
2022,4205555,11.2
2022,4205605,15.5
2022,4205704,21.2
2022,4205803,23.4
2022,4205902,24.8
2022,4206009,23.3
2022,4206108,18.4
2022,4206207,17.2
2022,4206306,17.2
2022,4206405,11.3
2022,4206504,19.3
2022,4206603,11.8
2022,4206652,23.1
2022,4206702,30.1
2022,4206751,13.5
2022,4206801,19.7
2022,4206900,22.3
2022,4207007,23.6
2022,4207106,20.1
2022,4207205,25
2022,4207304,23.3
2022,4207403,13.3
2022,4207502,23.8
2022,4207577,15.1
2022,4207601,9.9
2022,4207650,13
2022,4207684,28.4
2022,4207700,11.6
2022,4207759,10.7
2022,4207809,15
2022,4207858,22.8
2022,4207908,13.7
2022,4208005,31.6
2022,4208104,18.7
2022,4208203,19
2022,4208302,19.5
2022,4208401,13.5
2022,4208450,20.3
2022,4208500,18.2
2022,4208609,9.3
2022,4208708,17.8
2022,4208807,22.9
2022,4208906,15.8
2022,4208955,18.9
2022,4209003,12.6
2022,4209102,19.6
2022,4209151,35.2
2022,4209177,10
2022,4209201,24.6
2022,4209300,22.5
2022,4209409,23.5
2022,4209458,21.7
2022,4209508,11.4
2022,4209607,19.4
2022,4209706,20.6
2022,4209805,10.7
2022,4209854,16.8
2022,4209904,24
2022,4210001,21.1
2022,4210035,13.6
2022,4210050,9.8
2022,4210100,13.7
2022,4210209,15.8
2022,4210308,21.2
2022,4210407,18.1
2022,4210506,22.8
2022,4210555,13
2022,4210605,12.9
2022,4210704,22.2
2022,4210803,19.1
2022,4210852,11.2
2022,4210902,14.1
2022,4211009,10
2022,4211058,22.4
2022,4211108,20
2022,4211207,20.6
2022,4211256,12.5
2022,4211306,19.7
2022,4211405,16
2022,4211454,12.9
2022,4211504,10.7
2022,4211603,15.6
2022,4211652,13.7
2022,4211702,18.6
2022,4211751,20
2022,4211801,18.9
2022,4211850,15.1
2022,4211876,13.3
2022,4211892,15.5
2022,4211900,29.4
2022,4212007,13.1
2022,4212056,32.1
2022,4212106,16.7
2022,4212205,18.4
2022,4212239,16
2022,4212254,22.7
2022,4212270,30.8
2022,4212304,36
2022,4212403,25.4
2022,4212502,22.3
2022,4212601,13.8
2022,4212650,23
2022,4212700,19
2022,4212809,19.3
2022,4212908,19.2
2022,4213005,22.6
2022,4213104,8.3
2022,4213153,12.2
2022,4213203,14.1
2022,4213302,20.1
2022,4213351,14.9
2022,4213401,24.8
2022,4213500,22.2
2022,4213609,25.1
2022,4213708,20.3
2022,4213807,17.9
2022,4213906,10.2
2022,4214003,19.6
2022,4214102,19.1
2022,4214151,12.3
2022,4214201,12.4
2022,4214300,15.3
2022,4214409,27.4
2022,4214508,13.8
2022,4214607,12.3
2022,4214706,15.3
2022,4214805,17.1
2022,4214904,17.3
2022,4215000,15.7
2022,4215059,29.1
2022,4215075,12.4
2022,4215109,14.6
2022,4215208,21.1
2022,4215307,11.5
2022,4215356,19.5
2022,4215406,36.1
2022,4215455,24.9
2022,4215505,17.1
2022,4215554,5.3
2022,4215604,9
2022,4215653,18.6
2022,4215679,14.3
2022,4215687,21.1
2022,4215695,15
2022,4215703,18.1
2022,4215752,5.3
2022,4215802,13.9
2022,4215901,10.6
2022,4216008,16.1
2022,4216057,25.8
2022,4216107,10.2
2022,4216206,29.5
2022,4216255,11.7
2022,4216305,19.2
2022,4216354,23.9
2022,4216404,25.6
2022,4216503,26.8
2022,4216602,22.6
2022,4216701,15.6
2022,4216800,23.6
2022,4216909,19.6
2022,4217006,13.7
2022,4217105,15.7
2022,4217154,13.4
2022,4217204,12.5
2022,4217253,11.2
2022,4217303,12.3
2022,4217402,13.9
2022,4217501,16
2022,4217550,22.4
2022,4217600,21.5
2022,4217709,19
2022,4217758,15.3
2022,4217808,16.6
2022,4217907,16.6
2022,4217956,13.6
2022,4218004,20.6
2022,4218103,14.1
2022,4218202,14.8
2022,4218251,10.6
2022,4218301,30
2022,4218350,16.4
2022,4218400,23.6
2022,4218509,27.7
2022,4218608,21.3
2022,4218707,16
2022,4218756,20
2022,4218806,19.9
2022,4218855,14.1
2022,4218905,25.1
2022,4218954,31.5
2022,4219002,18.7
2022,4219101,12.1
2022,4219150,15.9
2022,4219176,17.3
2022,4219200,14.9
2022,4219309,21.8
2022,4219358,18.5
2022,4219408,24.1
2022,4219507,19.2
2022,4219606,11.7
2022,4219705,17.8
2022,4219853,21.2
2022,4220000,28.8
2022,4300034,16.4
2022,4300059,15.7
2022,4300109,20.8
2022,4300208,22.7
2022,4300307,14.5
2022,4300406,36.1
2022,4300455,26.4
2022,4300471,17.9
2022,4300505,12.4
2022,4300554,27
2022,4300570,34.6
2022,4300604,36.6
2022,4300638,27.9
2022,4300646,22
2022,4300661,50
2022,4300703,5.5
2022,4300802,15.6
2022,4300851,33.1
2022,4300877,24.7
2022,4300901,9.7
2022,4301008,11.3
2022,4301057,25.4
2022,4301073,29.9
2022,4301107,26
2022,4301206,17.4
2022,4301305,21
2022,4301404,14.1
2022,4301503,23.4
2022,4301552,9
2022,4301602,31.1
2022,4301636,34.4
2022,4301651,22.2
2022,4301701,15.8
2022,4301750,23.3
2022,4301800,10
2022,4301859,12.5
2022,4301875,31.9
2022,4301909,23.3
2022,4301925,5.3
2022,4301958,18.4
2022,4302006,27.9
2022,4302055,33.8
2022,4302105,21.5
2022,4302154,13.2
2022,4302204,19.1
2022,4302220,12.2
2022,4302238,19
2022,4302253,16.4
2022,4302303,23.9
2022,4302352,16.3
2022,4302378,27.1
2022,4302402,18.3
2022,4302451,20.9
2022,4302501,28.1
2022,4302584,20
2022,4302600,23.4
2022,4302659,27.7
2022,4302709,30.8
2022,4302808,32.8
2022,4302907,36.5
2022,4303004,28.7
2022,4303103,29.3
2022,4303202,15.6
2022,4303301,23.3
2022,4303400,13.3
2022,4303509,33.5
2022,4303558,8.4
2022,4303608,13.6
2022,4303673,10
2022,4303707,8.7
2022,4303806,4.4
2022,4303905,12.2
2022,4304002,18.4
2022,4304101,9.5
2022,4304200,18.8
2022,4304309,10.2
2022,4304358,31.1
2022,4304408,15.5
2022,4304507,26.8
2022,4304606,36.3
2022,4304614,6.7
2022,4304622,22.7
2022,4304630,24.3
2022,4304655,30.1
2022,4304663,48
2022,4304671,21.8
2022,4304689,45.5
2022,4304697,17.3
2022,4304705,17.3
2022,4304713,24.1
2022,4304804,14.1
2022,4304853,5.9
2022,4304903,17
2022,4304952,24.2
2022,4305009,16.5
2022,4305108,19.7
2022,4305116,9.3
2022,4305124,46.6
2022,4305132,27.8
2022,4305157,18.5
2022,4305173,26.4
2022,4305207,17.4
2022,4305306,18
2022,4305355,28.3
2022,4305371,58.8
2022,4305405,6.3
2022,4305439,48
2022,4305447,28.3
2022,4305454,34
2022,4305504,13.6
2022,4305587,21.6
2022,4305603,22
2022,4305702,29.7
2022,4305801,18.6
2022,4305835,14.8
2022,4305850,13.1
2022,4305871,20
2022,4305900,29.8
2022,4305934,24.1
2022,4305959,21.4
2022,4305975,33.3
2022,4306007,24.4
2022,4306056,21.9
2022,4306072,13.5
2022,4306106,26.2
2022,4306130,9.7
2022,4306205,17.7
2022,4306304,8.2
2022,4306320,16.5
2022,4306353,10.1
2022,4306379,38.6
2022,4306403,23.4
2022,4306429,48.4
2022,4306452,11.1
2022,4306502,30
2022,4306551,21.9
2022,4306601,33.6
2022,4306700,43.2
2022,4306734,9.5
2022,4306759,16.7
2022,4306767,33.8
2022,4306809,26
2022,4306908,29.1
2022,4306924,32.6
2022,4306932,29.8
2022,4306957,8
2022,4306973,21.1
2022,4307005,15.1
2022,4307054,17.8
2022,4307104,51.4
2022,4307203,21.7
2022,4307302,23.9
2022,4307401,23.1
2022,4307450,7.1
2022,4307500,20.3
2022,4307559,15.6
2022,4307609,17.5
2022,4307708,29.7
2022,4307807,19.8
2022,4307815,48.7
2022,4307831,29.2
2022,4307864,19.6
2022,4307906,14.3
2022,4308003,19.1
2022,4308052,14.9
2022,4308078,20.3
2022,4308102,17.4
2022,4308201,18.1
2022,4308250,15
2022,4308300,27.4
2022,4308409,51.9
2022,4308433,8.2
2022,4308458,16.8
2022,4308508,15.3
2022,4308607,17.3
2022,4308656,16.1
2022,4308706,14.9
2022,4308805,46.2
2022,4308854,20.4
2022,4308904,8.2
2022,4309001,21.5
2022,4309050,36.3
2022,4309100,17.6
2022,4309126,20.2
2022,4309159,17.6
2022,4309209,29.7
2022,4309258,8
2022,4309308,26.4
2022,4309407,14.5
2022,4309506,18.4
2022,4309555,15.6
2022,4309571,26.1
2022,4309605,11.3
2022,4309654,32.6
2022,4309704,9.6
2022,4309753,24.6
2022,4309803,16.7
2022,4309902,20.6
2022,4309951,23.7
2022,4310009,18.7
2022,4310108,16.6
2022,4310207,17.2
2022,4310306,8.8
2022,4310330,31.2
2022,4310363,15.3
2022,4310405,20
2022,4310413,33.7
2022,4310439,11
2022,4310462,10.7
2022,4310504,43.6
2022,4310538,34.9
2022,4310553,38.9
2022,4310579,22.8
2022,4310603,24.1
2022,4310652,26.4
2022,4310702,15.7
2022,4310751,36.9
2022,4310801,12.6
2022,4310850,21.3
2022,4310876,48.2
2022,4310900,15.4
2022,4311007,46.8
2022,4311106,28.9
2022,4311122,28
2022,4311130,26.7
2022,4311155,18.1
2022,4311205,30.4
2022,4311239,19.6
2022,4311254,17.5
2022,4311270,8.9
2022,4311304,16.7
2022,4311403,14.9
2022,4311429,22.4
2022,4311502,38.8
2022,4311601,18.7
2022,4311627,22.3
2022,4311643,10.5
2022,4311700,21
2022,4311718,37.3
2022,4311734,12.8
2022,4311759,36.9
2022,4311775,30.6
2022,4311791,23.5
2022,4311809,17.2
2022,4311908,7.7
2022,4311981,17.7
2022,4312005,3.6
2022,4312054,17
2022,4312104,33
2022,4312138,22
2022,4312153,15.8
2022,4312179,35.4
2022,4312203,12.8
2022,4312252,25.7
2022,4312302,33.1
2022,4312351,18.2
2022,4312377,24.5
2022,4312385,7.3
2022,4312401,19.7
2022,4312427,17.7
2022,4312443,14.3
2022,4312450,26.3
2022,4312476,14.6
2022,4312500,26.8
2022,4312609,21
2022,4312617,14.3
2022,4312625,26.4
2022,4312658,20.4
2022,4312674,18.5
2022,4312708,20.2
2022,4312757,13.8
2022,4312807,16.6
2022,4312906,19.3
2022,4312955,7.4
2022,4313003,10
2022,4313011,23.5
2022,4313037,26.1
2022,4313060,20.6
2022,4313086,13.8
2022,4313102,21.1
2022,4313201,13.5
2022,4313300,19.7
2022,4313334,9.5
2022,4313359,17.9
2022,4313375,35.1
2022,4313391,29.2
2022,4313409,21.8
2022,4313425,17.9
2022,4313441,40
2022,4313466,16.3
2022,4313490,23.7
2022,4313508,20.5
2022,4313607,10
2022,4313656,23.1
2022,4313706,21.4
2022,4313805,13.1
2022,4313904,19
2022,4313953,23.5
2022,4314001,9.7
2022,4314027,19.1
2022,4314035,26.2
2022,4314050,20.7
2022,4314068,21.5
2022,4314076,17.8
2022,4314100,21
2022,4314134,18.5
2022,4314159,10.1
2022,4314175,43.4
2022,4314209,29.8
2022,4314308,26.6
2022,4314407,40.4
2022,4314423,13.8
2022,4314456,15.7
2022,4314464,30.9
2022,4314472,22.2
2022,4314498,24.6
2022,4314506,21.9
2022,4314548,11.9
2022,4314555,12.1
2022,4314605,19.1
2022,4314704,21.9
2022,4314753,17.3
2022,4314779,23.2
2022,4314787,30
2022,4314803,22.2
2022,4314902,31.7
2022,4315008,15.7
2022,4315057,27.8
2022,4315073,12.1
2022,4315107,16.7
2022,4315131,10
2022,4315149,11.5
2022,4315156,11.6
2022,4315172,15.8
2022,4315206,8.3
2022,4315305,34.4
2022,4315313,22.7
2022,4315321,26.3
2022,4315354,19
2022,4315404,55.6
2022,4315453,15.4
2022,4315503,28.1
2022,4315552,13.5
2022,4315602,40
2022,4315701,27.8
2022,4315750,20.5
2022,4315800,14.6
2022,4315909,19.4
2022,4315958,24.6
2022,4316006,22.9
2022,4316105,20.9
2022,4316204,10.7
2022,4316303,16
2022,4316402,39.2
2022,4316428,17.8
2022,4316436,19.7
2022,4316451,30.1
2022,4316477,23.1
2022,4316501,21.5
2022,4316600,13.7
2022,4316709,21.5
2022,4316733,23.5
2022,4316758,16.3
2022,4316808,21.4
2022,4316907,28.3
2022,4316956,12.5
2022,4316972,48.1
2022,4317004,35.6
2022,4317103,28.7
2022,4317202,17.2
2022,4317251,13.5
2022,4317301,37.8
2022,4317400,19.3
2022,4317509,20.3
2022,4317558,12
2022,4317608,21.1
2022,4317707,29.1
2022,4317756,13.3
2022,4317806,18.1
2022,4317905,12.9
2022,4317954,8
2022,4318002,28.6
2022,4318051,8.2
2022,4318101,20.8
2022,4318200,20.7
2022,4318309,31.7
2022,4318408,31.9
2022,4318424,9
2022,4318432,28.2
2022,4318440,8.8
2022,4318457,29.3
2022,4318465,17.9
2022,4318481,14.8
2022,4318499,8.9
2022,4318507,53.2
2022,4318606,13.3
2022,4318614,14.3
2022,4318622,13.7
2022,4318705,32.9
2022,4318804,24.6
2022,4318903,22.3
2022,4319000,13.7
2022,4319109,22
2022,4319125,23.6
2022,4319158,27.4
2022,4319208,25.8
2022,4319307,24.5
2022,4319356,--
2022,4319364,49.2
2022,4319372,23.8
2022,4319406,21.8
2022,4319505,29.3
2022,4319604,29.2
2022,4319703,10.3
2022,4319711,12.1
2022,4319737,75.9
2022,4319752,10.4
2022,4319802,29.7
2022,4319901,19.1
2022,4320008,40.1
2022,4320107,15.5
2022,4320206,19.4
2022,4320230,22.6
2022,4320263,18.4
2022,4320305,13.2
2022,4320321,11.5
2022,4320354,27.4
2022,4320404,15
2022,4320453,2.3
2022,4320503,23.4
2022,4320552,16.9
2022,4320578,18.6
2022,4320602,9.9
2022,4320651,18.1
2022,4320677,19.1
2022,4320701,21.2
2022,4320800,29.1
2022,4320859,23.6
2022,4320909,16.6
2022,4321006,15.3
2022,4321105,36
2022,4321204,19.2
2022,4321303,23.4
2022,4321329,15.6
2022,4321352,26.6
2022,4321402,26.4
2022,4321436,31
2022,4321451,13.8
2022,4321469,27.5
2022,4321477,10.8
2022,4321493,18.1
2022,4321501,23.1
2022,4321600,30.1
2022,4321626,9
2022,4321634,6.3
2022,4321667,23.6
2022,4321709,19.3
2022,4321808,21.9
2022,4321832,17.4
2022,4321857,12.1
2022,4321907,16.4
2022,4321956,8.6
2022,4322004,35.9
2022,4322103,16.4
2022,4322152,13.7
2022,4322186,13
2022,4322202,27.9
2022,4322251,28.8
2022,4322301,15.3
2022,4322327,26.3
2022,4322343,11.5
2022,4322350,9.1
2022,4322376,28.8
2022,4322400,28.1
2022,4322509,24.1
2022,4322525,18.7
2022,4322533,25.4
2022,4322541,24.2
2022,4322558,6.8
2022,4322608,17.5
2022,4322707,25.6
2022,4322806,16.6
2022,4322855,12.5
2022,4322905,10.1
2022,4323002,33.8
2022,4323101,20.7
2022,4323200,16.1
2022,4323309,19.3
2022,4323358,19
2022,4323408,20.9
2022,4323457,15.3
2022,4323507,22.7
2022,4323606,19.5
2022,4323705,7.5
2022,4323754,37.2
2022,4323770,16.9
2022,4323804,35.4
2022,5000203,23
2022,5000252,20.3
2022,5000609,30.9
2022,5000708,34.1
2022,5000807,23.7
2022,5000856,22
2022,5000906,21.5
2022,5001003,23.8
2022,5001102,32.6
2022,5001243,37.8
2022,5001508,37.9
2022,5001904,19.3
2022,5002001,27.6
2022,5002100,15.8
2022,5002159,32.9
2022,5002209,25.7
2022,5002308,28.9
2022,5002407,31.6
2022,5002605,30.3
2022,5002704,19.6
2022,5002803,30.2
2022,5002902,21.1
2022,5002951,20.6
2022,5003108,23.7
2022,5003157,32.2
2022,5003207,30.6
2022,5003256,24.1
2022,5003306,30.1
2022,5003454,27.8
2022,5003488,29.1
2022,5003504,42.9
2022,5003702,26.3
2022,5003751,33
2022,5003801,26.2
2022,5003900,35.6
2022,5004007,32.6
2022,5004106,18.1
2022,5004304,24.8
2022,5004403,19
2022,5004502,25.9
2022,5004601,33.3
2022,5004700,22.8
2022,5004809,42.2
2022,5004908,27.2
2022,5005004,23.3
2022,5005103,31.6
2022,5005152,39.6
2022,5005202,27.2
2022,5005251,48
2022,5005400,20.5
2022,5005608,43.5
2022,5005681,22
2022,5005707,25
2022,5005806,33.8
2022,5006002,33.6
2022,5006200,19.2
2022,5006259,16
2022,5006275,33.7
2022,5006309,31
2022,5006358,46.3
2022,5006408,20.1
2022,5006606,26.1
2022,5006903,48.9
2022,5007109,27.6
2022,5007208,32.4
2022,5007307,30.2
2022,5007406,28.3
2022,5007505,20.6
2022,5007554,25.9
2022,5007695,28.7
2022,5007703,27.8
2022,5007802,40.4
2022,5007901,32.4
2022,5007935,29.4
2022,5007950,40.9
2022,5007976,21.1
2022,5008008,31.4
2022,5008305,26.4
2022,5008404,28.2
2022,5100102,19.4
2022,5100201,13.1
2022,5100250,14.1
2022,5100300,29.6
2022,5100359,21.1
2022,5100409,17.9
2022,5100508,27.5
2022,5100607,22.4
2022,5100805,22.3
2022,5101001,20.6
2022,5101209,12.2
2022,5101258,15.9
2022,5101308,15.5
2022,5101407,38.2
2022,5101605,20.8
2022,5101704,23.1
2022,5101803,22.3
2022,5101852,28.5
2022,5101902,25.1
2022,5102504,18.3
2022,5102603,45
2022,5102637,27.1
2022,5102678,21.4
2022,5102686,14.6
2022,5102694,25.5
2022,5102702,29
2022,5102793,18.8
2022,5102850,23.6
2022,5103007,30.7
2022,5103056,21.9
2022,5103106,29.6
2022,5103205,14.5
2022,5103254,30.3
2022,5103304,23.3
2022,5103353,24.7
2022,5103361,24.4
2022,5103379,17.9
2022,5103403,17.3
2022,5103437,12
2022,5103452,13.9
2022,5103502,11.6
2022,5103601,10.6
2022,5103700,23.4
2022,5103809,7.7
2022,5103858,24.3
2022,5103908,27.9
2022,5103957,12.1
2022,5104104,22.4
2022,5104203,32.9
2022,5104500,17.9
2022,5104526,16.8
2022,5104542,24.7
2022,5104559,20.2
2022,5104609,24.2
2022,5104807,11
2022,5104906,18.3
2022,5105002,7.5
2022,5105101,24.2
2022,5105150,23.4
2022,5105176,27.1
2022,5105200,17.2
2022,5105234,21
2022,5105259,15
2022,5105309,17.5
2022,5105507,41.8
2022,5105580,26.8
2022,5105606,18.6
2022,5105622,18.2
2022,5105903,16.4
2022,5106000,31.7
2022,5106109,19.1
2022,5106158,17.4
2022,5106174,30.9
2022,5106182,17.8
2022,5106190,18.6
2022,5106208,28.9
2022,5106216,18.8
2022,5106224,11.4
2022,5106232,19.4
2022,5106240,34.5
2022,5106257,21.8
2022,5106265,15.3
2022,5106273,18.7
2022,5106281,19.2
2022,5106299,16.3
2022,5106307,19.5
2022,5106315,26.4
2022,5106372,22.6
2022,5106422,25.4
2022,5106455,17.5
2022,5106505,18.6
2022,5106653,26.2
2022,5106703,16.9
2022,5106752,16.3
2022,5106778,35.8
2022,5106802,20
2022,5106828,24.9
2022,5106851,23.2
2022,5107008,19.3
2022,5107040,16.7
2022,5107065,29.2
2022,5107107,14.1
2022,5107156,7.3
2022,5107180,28.8
2022,5107198,17.4
2022,5107206,21.9
2022,5107248,24.8
2022,5107263,4.2
2022,5107297,12.2
2022,5107305,23.1
2022,5107354,30
2022,5107404,22.5
2022,5107578,43.9
2022,5107602,13.6
2022,5107701,18.9
2022,5107743,26.8
2022,5107750,16.1
2022,5107768,12.7
2022,5107776,29.5
2022,5107792,30.1
2022,5107800,30.2
2022,5107859,35.2
2022,5107875,21.1
2022,5107883,36.3
2022,5107909,15.9
2022,5107925,22
2022,5107941,30.8
2022,5107958,16.1
2022,5108006,19.6
2022,5108055,15.9
2022,5108105,5.9
2022,5108204,15.1
2022,5108303,28.1
2022,5108352,12.1
2022,5108402,20.9
2022,5108501,21.3
2022,5108600,25.5
2022,5108808,11.5
2022,5108857,15.9
2022,5108907,32.7
2022,5108956,13.5
2022,5200050,17.7
2022,5200100,12.9
2022,5200134,13.2
2022,5200159,16.4
2022,5200175,11.2
2022,5200209,7.5
2022,5200258,27
2022,5200308,13
2022,5200506,14.3
2022,5200555,11.8
2022,5200605,30.5
2022,5200803,14.1
2022,5200829,15
2022,5200852,13.2
2022,5200902,15.9
2022,5201108,15
2022,5201207,23.3
2022,5201306,9
2022,5201405,18
2022,5201454,24.1
2022,5201504,14.8
2022,5201603,5
2022,5201702,25.3
2022,5201801,22.2
2022,5202155,10.4
2022,5202353,9.5
2022,5202502,15.1
2022,5202601,21.5
2022,5202809,9.9
2022,5203104,26
2022,5203203,16.1
2022,5203302,14.6
2022,5203401,13.7
2022,5203500,13.8
2022,5203559,11.2
2022,5203575,20.9
2022,5203609,18
2022,5203807,25.7
2022,5203906,16.5
2022,5203939,8.3
2022,5203962,20
2022,5204003,12.1
2022,5204102,17.9
2022,5204201,7.1
2022,5204250,22.4
2022,5204300,13.2
2022,5204409,8.3
2022,5204508,14.6
2022,5204557,16.2
2022,5204607,26.4
2022,5204656,11.9
2022,5204706,13.4
2022,5204805,16.8
2022,5204854,22
2022,5204904,13.7
2022,5204953,23.8
2022,5205000,12.7
2022,5205059,15.1
2022,5205109,14.2
2022,5205208,16
2022,5205307,33.7
2022,5205406,11.5
2022,5205455,13.7
2022,5205471,16
2022,5205497,20.7
2022,5205513,24
2022,5205521,28.9
2022,5205703,12.9
2022,5205802,13.7
2022,5205901,21
2022,5206206,17.8
2022,5206305,21.2
2022,5206404,8.3
2022,5206503,16.4
2022,5206602,8.8
2022,5206701,8.5
2022,5206800,13.1
2022,5206909,8.1
2022,5207105,7.1
2022,5207253,11.9
2022,5207352,15.8
2022,5207402,11
2022,5207501,20.5
2022,5207535,15.2
2022,5207600,5.9
2022,5207808,9.3
2022,5207907,26.5
2022,5208004,19.3
2022,5208103,17.6
2022,5208152,10.8
2022,5208301,20.4
2022,5208400,9.3
2022,5208509,9.9
2022,5208608,9.8
2022,5208707,11.7
2022,5208806,19.2
2022,5208905,16
2022,5209101,21.8
2022,5209150,14.7
2022,5209200,13.8
2022,5209291,6.7
2022,5209408,11
2022,5209457,33
2022,5209606,3.1
2022,5209705,24.8
2022,5209804,24.1
2022,5209903,17.5
2022,5209937,13.6
2022,5209952,14.8
2022,5210000,12.5
2022,5210109,25.3
2022,5210158,13.5
2022,5210208,9.6
2022,5210307,9.8
2022,5210406,8.8
2022,5210562,11
2022,5210604,8.4
2022,5210802,19.5
2022,5210901,13.1
2022,5211008,17.1
2022,5211206,13.7
2022,5211305,19.6
2022,5211404,13.3
2022,5211503,11.7
2022,5211602,6
2022,5211701,14.5
2022,5211800,10.5
2022,5211909,10.4
2022,5212006,13.9
2022,5212055,6
2022,5212105,14.7
2022,5212204,12
2022,5212253,10
2022,5212303,17.4
2022,5212501,23.9
2022,5212600,13.8
2022,5212709,19
2022,5212808,14.7
2022,5212907,17.2
2022,5212956,25.3
2022,5213004,15.4
2022,5213053,21.3
2022,5213087,12.6
2022,5213103,19.1
2022,5213400,21.4
2022,5213509,29.1
2022,5213707,9.4
2022,5213756,13.8
2022,5213772,17.8
2022,5213806,18.4
2022,5213855,9.4
2022,5213905,6.6
2022,5214002,21.8
2022,5214051,22.3
2022,5214101,13.2
2022,5214408,18.8
2022,5214507,11.4
2022,5214606,15.6
2022,5214705,11
2022,5214804,15.1
2022,5214838,22.8
2022,5214861,8.8
2022,5214879,8.9
2022,5214903,16.3
2022,5215009,7.8
2022,5215207,12.6
2022,5215231,25.6
2022,5215256,18.4
2022,5215306,18.6
2022,5215405,11.6
2022,5215504,14.9
2022,5215603,31.6
2022,5215652,7.9
2022,5215702,10.4
2022,5215801,10
2022,5215900,10.6
2022,5216007,12
2022,5216304,11.9
2022,5216403,12.7
2022,5216452,18.8
2022,5216809,15.4
2022,5216908,15
2022,5217104,13.6
2022,5217203,11.2
2022,5217302,16.8
2022,5217401,16.9
2022,5217609,24.3
2022,5217708,11.8
2022,5218003,13.2
2022,5218052,18.5
2022,5218102,25.2
2022,5218300,16.6
2022,5218391,18.9
2022,5218508,14.2
2022,5218607,8
2022,5218706,14.2
2022,5218789,24
2022,5218805,13.7
2022,5218904,4.3
2022,5219001,10.4
2022,5219100,11.7
2022,5219209,15.7
2022,5219258,11.5
2022,5219308,7.6
2022,5219357,8.2
2022,5219407,14.8
2022,5219456,12.5
2022,5219506,3.8
2022,5219605,12.8
2022,5219704,12.7
2022,5219712,12.1
2022,5219738,18.8
2022,5219753,26
2022,5219803,22.4
2022,5219902,15.6
2022,5220009,14.8
2022,5220058,19.4
2022,5220108,16.5
2022,5220157,20.2
2022,5220207,11.7
2022,5220264,25.2
2022,5220280,14.7
2022,5220405,28.3
2022,5220454,20.8
2022,5220504,9.5
2022,5220603,10.4
2022,5220686,25.3
2022,5220702,22.4
2022,5221007,20
2022,5221080,28.4
2022,5221197,18.1
2022,5221304,16.7
2022,5221403,16
2022,5221452,20.3
2022,5221502,14.9
2022,5221551,15
2022,5221577,23.8
2022,5221601,13
2022,5221700,22
2022,5221809,38.2
2022,5221858,16.2
2022,5221908,17.2
2022,5222005,16
2022,5222054,15.3
2022,5222203,28.4
2022,5222302,18.4
2022,5300108,21.5
